iter	Logloss
0	0.691187372
1	0.6894123928
2	0.6876572999
3	0.6857163369
4	0.6839176545
5	0.6821382942
6	0.6801648086
7	0.6783766928
8	0.6766412826
9	0.674785157
10	0.6729824246
11	0.6714329809
12	0.6698562099
13	0.6681629065
14	0.666622556
15	0.6650984014
16	0.6635367541
17	0.6619164317
18	0.6603172394
19	0.6588227999
20	0.6573325301
21	0.655794257
22	0.6543864848
23	0.6529824247
24	0.6516328676
25	0.6503867866
26	0.649158239
27	0.6480190608
28	0.6468255732
29	0.6457232306
30	0.6445872068
31	0.6433299761
32	0.6421957695
33	0.6410422061
34	0.6399338349
35	0.6388064539
36	0.6377737979
37	0.6367096725
38	0.6357540149
39	0.6346740513
40	0.6334628951
41	0.6324346822
42	0.6313712074
43	0.6303403758
44	0.6293935639
45	0.6283981633
46	0.6274320984
47	0.6264608651
48	0.625450774
49	0.6244447432
50	0.6234766962
51	0.6224444146
52	0.6216169321
53	0.6205715623
54	0.61959693
55	0.6186573564
56	0.6176576301
57	0.6168526535
58	0.615986941
59	0.615060471
60	0.6141550497
61	0.6132874177
62	0.612496928
63	0.6118299149
64	0.6111609523
65	0.6103289197
66	0.6096044558
67	0.6088080973
68	0.6080716433
69	0.6072750905
70	0.6067603236
71	0.606166541
72	0.605448249
73	0.6046898537
74	0.6041633588
75	0.6035184486
76	0.6028368749
77	0.602112218
78	0.601306238
79	0.6006395385
80	0.5999344286
81	0.5992908516
82	0.5985882038
83	0.5979614589
84	0.5973485266
85	0.5967213103
86	0.5961716173
87	0.5955242595
88	0.5948643135
89	0.5942604538
90	0.5936185797
91	0.5929521272
92	0.592328285
93	0.5917467589
94	0.5912047872
95	0.5906551962
96	0.590061571
97	0.5894478637
98	0.5888700897
99	0.5883269814
100	0.5877209957
101	0.5871051226
102	0.5866789941
103	0.5862324748
104	0.5857938131
105	0.5852257053
106	0.5846728221
107	0.5842195022
108	0.5837744616
109	0.583320125
110	0.5827880947
111	0.582373882
112	0.5819626739
113	0.5815274307
114	0.5810060207
115	0.5805090739
116	0.5801372769
117	0.5796824821
118	0.5792113003
119	0.5787186496
120	0.5782063511
121	0.5777009494
122	0.577347165
123	0.5768702318
124	0.5764880248
125	0.5760488137
126	0.5757039706
127	0.5753471816
128	0.5748864309
129	0.5743483703
130	0.5739228675
131	0.5735309227
132	0.5731301253
133	0.5726707246
134	0.5723994985
135	0.5720501818
136	0.5717216482
137	0.5714197778
138	0.5710709866
139	0.5706560468
140	0.5702054654
141	0.5698986723
142	0.5694496595
143	0.5690644246
144	0.5686089183
145	0.568258979
146	0.5679591661
147	0.5675827251
148	0.5672132691
149	0.5669233788
150	0.5665561621
151	0.5661943609
152	0.5658502363
153	0.5654980484
154	0.5650599824
155	0.5646636779
156	0.5644004043
157	0.5640619278
158	0.563665509
159	0.5633039255
160	0.5629225451
161	0.5626244256
162	0.5622409855
163	0.5619018375
164	0.5614269599
165	0.5611708124
166	0.5607569855
167	0.5604497876
168	0.5601078767
169	0.5598152133
170	0.5594744746
171	0.5591988217
172	0.5588663167
173	0.5585525902
174	0.5582234355
175	0.5578160727
176	0.5575461146
177	0.5572445466
178	0.556921042
179	0.5565977402
180	0.5563832248
181	0.5560821282
182	0.5558202469
183	0.5555248183
184	0.555178648
185	0.5548574506
186	0.5545933121
187	0.554242545
188	0.5539814309
189	0.5536760868
190	0.5534267409
191	0.5531072169
192	0.5527524445
193	0.5525133331
194	0.5522016315
195	0.5518505605
196	0.5515182366
197	0.5512623333
198	0.5509662331
199	0.5506672494
200	0.5504312029
201	0.5501431725
202	0.5498819251
203	0.5496702973
204	0.5494831454
205	0.5492350699
206	0.5489763086
207	0.5488185262
208	0.5485442038
209	0.5482872416
210	0.5480808778
211	0.547862294
212	0.547530154
213	0.5473075319
214	0.5470226937
215	0.546809822
216	0.5465736729
217	0.5463181683
218	0.5461031157
219	0.5457574548
220	0.5454378803
221	0.5452512334
222	0.5449611565
223	0.5447503206
224	0.544439956
225	0.5441928802
226	0.5439724151
227	0.5436665814
228	0.5434750463
229	0.5432581091
230	0.5430534891
231	0.5427717851
232	0.5425517503
233	0.5422599194
234	0.5420747568
235	0.5418444058
236	0.5415188321
237	0.5412421772
238	0.5410319345
239	0.5408086031
240	0.5405762665
241	0.5402624144
242	0.5400531779
243	0.5397865954
244	0.5396123986
245	0.5393172834
246	0.5390564075
247	0.5388477841
248	0.5386461705
249	0.5384348169
250	0.5381565905
251	0.5378923898
252	0.5376101405
253	0.537424223
254	0.5372552861
255	0.5371159033
256	0.5369076532
257	0.5366849404
258	0.5364372908
259	0.5361724235
260	0.5360143105
261	0.5358004414
262	0.5356448437
263	0.5354448012
264	0.5351353653
265	0.5349282649
266	0.5347712457
267	0.5345317094
268	0.5343124637
269	0.5341822182
270	0.534028099
271	0.5337907659
272	0.533608323
273	0.5334430943
274	0.5332277363
275	0.5329427889
276	0.532636102
277	0.5323645896
278	0.5321913956
279	0.5319554241
280	0.5317795462
281	0.5315812726
282	0.5313745304
283	0.5311691382
284	0.530891678
285	0.5307063183
286	0.5304935481
287	0.5302524232
288	0.5300828919
289	0.5298027407
290	0.5295673369
291	0.5292937096
292	0.5290279046
293	0.5288969152
294	0.5287412655
295	0.5284711613
296	0.5282982277
297	0.5280095233
298	0.5278123388
299	0.5275391033
300	0.5272721317
301	0.527076631
302	0.5268696874
303	0.5266603481
304	0.5264988923
305	0.5263561786
306	0.5261972203
307	0.5259957859
308	0.5258337378
309	0.5256041197
310	0.5254678125
311	0.5252436972
312	0.5250259045
313	0.5248639986
314	0.5245422805
315	0.5244007289
316	0.5242078175
317	0.52403697
318	0.5238368168
319	0.5236723624
320	0.5234353033
321	0.5232725731
322	0.5231091333
323	0.5229608484
324	0.5226992008
325	0.5224394625
326	0.5222260891
327	0.5220414689
328	0.5218864328
329	0.5217367868
330	0.521559734
331	0.5213524874
332	0.5210706235
333	0.5208501495
334	0.5206531028
335	0.5205169381
336	0.5203152577
337	0.5201082279
338	0.5199022296
339	0.5197186115
340	0.5195472233
341	0.5193586079
342	0.5191551016
343	0.5190146642
344	0.5188924762
345	0.5186318619
346	0.5184592777
347	0.5182521071
348	0.5180942451
349	0.5178722432
350	0.5176830911
351	0.5174758785
352	0.517303444
353	0.5171078784
354	0.5170042226
355	0.5168126198
356	0.5166471926
357	0.5164262679
358	0.5162838317
359	0.5160868348
360	0.515941344
361	0.5157553065
362	0.5155324661
363	0.5153349887
364	0.5152165452
365	0.5150959891
366	0.5148945827
367	0.5147395019
368	0.5145036125
369	0.5143985026
370	0.5142379714
371	0.5141074386
372	0.5138771018
373	0.5136976148
374	0.5135973721
375	0.5134492758
376	0.5131563036
377	0.5130564007
378	0.5128960945
379	0.5127052289
380	0.5125974551
381	0.5123991003
382	0.5122424913
383	0.5120576115
384	0.5118237239
385	0.5116351644
386	0.511398893
387	0.51125032
388	0.5110721583
389	0.5109773142
390	0.5107937908
391	0.5106709409
392	0.5105379808
393	0.5104023055
394	0.5102779577
395	0.51010482
396	0.5099084554
397	0.5097034627
398	0.5095501905
399	0.5094353587
400	0.5092021192
401	0.5090854043
402	0.5089265634
403	0.5087855793
404	0.5086339136
405	0.5084909067
406	0.508352391
407	0.5081103731
408	0.5079673552
409	0.5078213896
410	0.5077104006
411	0.5076087219
412	0.507367242
413	0.5071705281
414	0.5069402745
415	0.5067313519
416	0.506507434
417	0.506303624
418	0.5061642442
419	0.5060470032
420	0.5058213888
421	0.5057566829
422	0.5055762537
423	0.5053873109
424	0.5052630266
425	0.5050987039
426	0.5048571474
427	0.5046973512
428	0.504510284
429	0.504293802
430	0.5041487269
431	0.5039537848
432	0.5037069612
433	0.503468087
434	0.5032680071
435	0.5031548779
436	0.503068978
437	0.5029136556
438	0.5027008539
439	0.5024685715
440	0.502311984
441	0.5021487911
442	0.5019233553
443	0.5017616653
444	0.5015807887
445	0.5013395802
446	0.5012440332
447	0.5011363547
448	0.500928641
449	0.5008129727
450	0.5006994167
451	0.5005212139
452	0.5002912153
453	0.5001395398
454	0.4999633703
455	0.4997863965
456	0.4996318611
457	0.4994667291
458	0.4992543214
459	0.4991424156
460	0.498997944
461	0.4987253129
462	0.4986067882
463	0.4983771752
464	0.4981398871
465	0.4980548446
466	0.4979224443
467	0.4977703495
468	0.4976491329
469	0.4975309346
470	0.4973897745
471	0.4971762083
472	0.4969926653
473	0.4968628848
474	0.4967424422
475	0.4966447805
476	0.4964150197
477	0.4962873244
478	0.4961330722
479	0.4959424888
480	0.4958376247
481	0.4956703407
482	0.4955227281
483	0.4953132107
484	0.4952211391
485	0.4950166692
486	0.4948656166
487	0.4947500227
488	0.4946067599
489	0.4945207629
490	0.4943895442
491	0.4941818203
492	0.4940354326
493	0.4939012192
494	0.4936979934
495	0.4934596047
496	0.4933426972
497	0.4931928077
498	0.4930784134
499	0.492801312
500	0.4925413411
501	0.4924020885
502	0.4921614442
503	0.492037102
504	0.4919026421
505	0.4917353693
506	0.4914584668
507	0.49128882
508	0.4910391509
509	0.4909379682
510	0.4908118335
511	0.4907165684
512	0.4905881404
513	0.4904388895
514	0.4902707374
515	0.4901558156
516	0.4899365816
517	0.4898164942
518	0.4896915619
519	0.4895363032
520	0.489332306
521	0.4891986558
522	0.489099295
523	0.4888868523
524	0.4887649552
525	0.4886642915
526	0.488499469
527	0.4883566116
528	0.4881797734
529	0.488076982
530	0.4879957939
531	0.4878707469
532	0.4877338039
533	0.4874677405
534	0.487339702
535	0.4872408117
536	0.487080727
537	0.4869428686
538	0.4868122097
539	0.4866849126
540	0.4864774096
541	0.4863439026
542	0.4862724077
543	0.4860841785
544	0.4859110199
545	0.4857771046
546	0.4855615944
547	0.4854248329
548	0.4853323884
549	0.4852099361
550	0.4850302935
551	0.4849248894
552	0.4847883264
553	0.484683824
554	0.4845672469
555	0.4844272484
556	0.4842527622
557	0.4841558415
558	0.4840202758
559	0.4839090189
560	0.483776064
561	0.4836532185
562	0.4835111907
563	0.4833085771
564	0.4830289557
565	0.4828308625
566	0.4827005804
567	0.4824856684
568	0.4823521708
569	0.4822160649
570	0.4820829639
571	0.4819386728
572	0.4817298788
573	0.4816108154
574	0.4815425046
575	0.4814283304
576	0.4812180514
577	0.4810473694
578	0.4808577319
579	0.4807646251
580	0.4805487066
581	0.4803895718
582	0.4802253388
583	0.4799862887
584	0.4798518062
585	0.4796764674
586	0.4794219046
587	0.4792777541
588	0.4791487567
589	0.4790015793
590	0.4788694552
591	0.4786705905
592	0.4785163541
593	0.478351342
594	0.478222271
595	0.4780471244
596	0.4778584657
597	0.4777032103
598	0.4775464044
599	0.4773773873
600	0.4772719019
601	0.4771107862
602	0.4768910871
603	0.4766697846
604	0.4765345744
605	0.4764500233
606	0.4763732972
607	0.4762592769
608	0.4760251776
609	0.4758602317
610	0.4757820226
611	0.4757148778
612	0.47548885
613	0.4753357564
614	0.475098349
615	0.4749491525
616	0.4748755404
617	0.4747375189
618	0.4745427954
619	0.4744744609
620	0.4742729926
621	0.474203582
622	0.4739739361
623	0.4738399912
624	0.4736424959
625	0.473550119
626	0.4733549435
627	0.4731446024
628	0.4730155636
629	0.4727972506
630	0.4726240043
631	0.4724848295
632	0.4723191041
633	0.4721797521
634	0.4720417432
635	0.4718967264
636	0.4717036543
637	0.4715197844
638	0.4713612877
639	0.4711954301
640	0.4710276978
641	0.4708642203
642	0.4706541092
643	0.4704934623
644	0.4703439453
645	0.4702120924
646	0.4700712174
647	0.4699626221
648	0.4698742927
649	0.4697091804
650	0.4695342965
651	0.4693940823
652	0.4692752011
653	0.4690980286
654	0.4689759592
655	0.4688285582
656	0.4686513177
657	0.4685250964
658	0.4684541956
659	0.4683463778
660	0.4681659754
661	0.4680562451
662	0.4678920759
663	0.4677511608
664	0.4676704046
665	0.4674790398
666	0.4673356185
667	0.4672623406
668	0.46718574
669	0.4669952444
670	0.4668678566
671	0.4666667073
672	0.4665840831
673	0.4664604892
674	0.4663207997
675	0.4661357041
676	0.4660160333
677	0.4658154612
678	0.4656412008
679	0.465567031
680	0.4655277907
681	0.4654441486
682	0.4652880445
683	0.4652106
684	0.4651107685
685	0.4649998675
686	0.4648313598
687	0.4647248674
688	0.4645118171
689	0.464429727
690	0.464212832
691	0.4641215813
692	0.4640091411
693	0.4639271789
694	0.4637135077
695	0.4635620441
696	0.4634166236
697	0.463254047
698	0.4631367283
699	0.4630048783
700	0.4628450309
701	0.4628066732
702	0.4627019418
703	0.4625723765
704	0.4624928698
705	0.4623267874
706	0.462190945
707	0.4619845204
708	0.4618747601
709	0.4617703829
710	0.4616185791
711	0.4614769701
712	0.4612603605
713	0.4610348315
714	0.4609118246
715	0.4607686261
716	0.4606065869
717	0.4605148652
718	0.4603516022
719	0.4602581232
720	0.4601399173
721	0.4600516654
722	0.4599385592
723	0.4598402695
724	0.4596786639
725	0.4595774792
726	0.4595115579
727	0.4594225706
728	0.4591793452
729	0.4589757519
730	0.458834169
731	0.4586519299
732	0.4585165285
733	0.4584322349
734	0.4583395794
735	0.4582210452
736	0.4579860575
737	0.4579068381
738	0.4577554457
739	0.457628763
740	0.45746112
741	0.4574059895
742	0.4573000979
743	0.4570938208
744	0.4569627442
745	0.4568570099
746	0.4567261051
747	0.4565681876
748	0.4565001069
749	0.4563267579
750	0.4562193635
751	0.4560942979
752	0.4560318945
753	0.4559260047
754	0.4558628689
755	0.4557445426
756	0.4555919123
757	0.4553729851
758	0.4552737484
759	0.4552195373
760	0.4550881259
761	0.4549859302
762	0.4548756965
763	0.4547397526
764	0.4545942284
765	0.4544314002
766	0.4543038018
767	0.4541769984
768	0.4540690371
769	0.4539004641
770	0.4537445293
771	0.453629895
772	0.4535856957
773	0.4534456739
774	0.4533608727
775	0.4532633621
776	0.4530309764
777	0.4529387765
778	0.4527396431
779	0.4525412345
780	0.452356818
781	0.4522130723
782	0.4520819893
783	0.4519699561
784	0.4519164606
785	0.451762598
786	0.4516091155
787	0.4514289885
788	0.4513081678
789	0.4511830407
790	0.451093889
791	0.4509689584
792	0.4508183478
793	0.4507229605
794	0.4505989395
795	0.4504458878
796	0.4503304615
797	0.4501993714
798	0.4500606457
799	0.4499533053
800	0.449874314
801	0.4497220767
802	0.449616772
803	0.4495150645
804	0.4493596135
805	0.4491805434
806	0.4490001984
807	0.4488645097
808	0.4487829028
809	0.4486179019
810	0.4484383027
811	0.4483163078
812	0.4482528508
813	0.4481185376
814	0.4479696669
815	0.4478923822
816	0.4477238321
817	0.4475167464
818	0.4474047726
819	0.4472683534
820	0.4471242852
821	0.4469921916
822	0.4468852521
823	0.4467672377
824	0.4466473132
825	0.4464933964
826	0.4463759083
827	0.4461691358
828	0.446031702
829	0.4458991736
830	0.4457316278
831	0.4455732117
832	0.4454959615
833	0.4453779512
834	0.4453129985
835	0.4451765341
836	0.445029497
837	0.4448192915
838	0.4447301142
839	0.4446335782
840	0.4444616741
841	0.4443952088
842	0.4443014438
843	0.4441707296
844	0.4439534275
845	0.4438327176
846	0.4437027192
847	0.44365531
848	0.4435194784
849	0.4433957974
850	0.443260485
851	0.4431138791
852	0.442988573
853	0.442857092
854	0.4427216989
855	0.4426559304
856	0.4425805626
857	0.4425268063
858	0.4424108513
859	0.4422665145
860	0.4421186465
861	0.4419201194
862	0.4417804281
863	0.4415935386
864	0.4414423765
865	0.4412494147
866	0.441065401
867	0.4409808914
868	0.4408072925
869	0.4406961616
870	0.4406213484
871	0.4404717716
872	0.4402977909
873	0.4401066433
874	0.4399952594
875	0.4399339287
876	0.4397479273
877	0.439670366
878	0.4395478765
879	0.4394065927
880	0.4392685934
881	0.4391622023
882	0.4390009581
883	0.4388691777
884	0.4387830221
885	0.438622127
886	0.4385462236
887	0.4384524746
888	0.4383079411
889	0.4382173705
890	0.4380440982
891	0.4379105574
892	0.4378270682
893	0.4376032853
894	0.4374817187
895	0.4373217201
896	0.437252416
897	0.4370421926
898	0.4368949826
899	0.4367451022
900	0.4366244548
901	0.4365340528
902	0.4364282751
903	0.4362851239
904	0.4361175094
905	0.4360016165
906	0.4359416136
907	0.4358245236
908	0.4357504506
909	0.4355595075
910	0.435377999
911	0.4352301319
912	0.4350411746
913	0.434929887
914	0.434834739
915	0.4347428029
916	0.4345694446
917	0.4344485752
918	0.4343459903
919	0.4341989038
920	0.4341073058
921	0.4339333574
922	0.4337649464
923	0.4337056027
924	0.4335282585
925	0.4334554771
926	0.4332859444
927	0.4331559566
928	0.4330523775
929	0.432920268
930	0.4328248849
931	0.4327325644
932	0.4326053208
933	0.4324456926
934	0.4323209513
935	0.4322219519
936	0.4321202271
937	0.4319643821
938	0.4318696008
939	0.4316815649
940	0.4315475493
941	0.4314193668
942	0.4312239817
943	0.4310803742
944	0.4309735177
945	0.4308428146
946	0.4306905373
947	0.430532405
948	0.4304140363
949	0.4302768986
950	0.4300714199
951	0.4298595394
952	0.4297842645
953	0.4296159694
954	0.4295120531
955	0.4293833332
956	0.4292833592
957	0.4291880651
958	0.4291100818
959	0.4290003526
960	0.4288529231
961	0.4287609272
962	0.4286573268
963	0.4285532928
964	0.4284282877
965	0.4283200136
966	0.4282152147
967	0.4281109719
968	0.4279547329
969	0.4278517923
970	0.4277247686
971	0.4274928862
972	0.4274347592
973	0.4273078784
974	0.4272326947
975	0.4271223906
976	0.4270498876
977	0.4269198962
978	0.4268327159
979	0.4266527649
980	0.4265731189
981	0.4264764888
982	0.4263931347
983	0.4262911654
984	0.4261394882
985	0.4260155144
986	0.425947875
987	0.4258470425
988	0.4257496172
989	0.4256681164
990	0.4255840556
991	0.4254259725
992	0.4253009994
993	0.425184843
994	0.4251212414
995	0.425041187
996	0.4249644322
997	0.4249031502
998	0.4247606273
999	0.4246087123
1000	0.4245061221
1001	0.4242941511
1002	0.4241088464
1003	0.4240407306
1004	0.4239206475
1005	0.4237071948
1006	0.4236439243
1007	0.4235203568
1008	0.4233802927
1009	0.4232397472
1010	0.4231248303
1011	0.4229754584
1012	0.422860217
1013	0.4227500533
1014	0.4226775632
1015	0.4225993439
1016	0.4225343625
1017	0.4224262799
1018	0.4223424825
1019	0.4222719988
1020	0.4221042666
1021	0.4219783559
1022	0.4218935049
1023	0.4217459134
1024	0.4215744155
1025	0.4213890852
1026	0.4212810349
1027	0.4212081504
1028	0.4211016851
1029	0.4209311095
1030	0.4207927965
1031	0.42066107
1032	0.4205032491
1033	0.420423042
1034	0.4203372472
1035	0.4202260705
1036	0.4200694466
1037	0.4198839044
1038	0.4197440862
1039	0.4196086726
1040	0.4194868088
1041	0.4193950061
1042	0.4192210553
1043	0.4190885356
1044	0.4190043652
1045	0.4187690055
1046	0.4187155636
1047	0.4185533942
1048	0.4184018809
1049	0.4181636095
1050	0.4180481371
1051	0.4179541539
1052	0.4178542766
1053	0.4178073351
1054	0.4176274051
1055	0.4175180482
1056	0.4174278842
1057	0.4172379474
1058	0.4171113224
1059	0.4170051884
1060	0.4168186906
1061	0.4166717528
1062	0.4164972051
1063	0.4164084199
1064	0.4163002674
1065	0.4161747921
1066	0.4160999728
1067	0.4159737831
1068	0.4157667443
1069	0.4156870729
1070	0.4155457593
1071	0.4153805738
1072	0.4152946409
1073	0.4151476841
1074	0.4149754179
1075	0.4148776675
1076	0.4147529599
1077	0.4145604439
1078	0.4143572885
1079	0.4142211255
1080	0.4140099597
1081	0.4138524661
1082	0.4137880213
1083	0.4136542739
1084	0.4135072416
1085	0.4132737199
1086	0.4131870382
1087	0.4130114917
1088	0.4127530846
1089	0.412666075
1090	0.4125056345
1091	0.4123637217
1092	0.4121956386
1093	0.4121001453
1094	0.411995527
1095	0.4118459987
1096	0.4116244196
1097	0.4115505296
1098	0.4114605517
1099	0.4113688418
1100	0.4112431875
1101	0.4111282314
1102	0.4109738157
1103	0.4108230174
1104	0.410757685
1105	0.4107252249
1106	0.4105609199
1107	0.410461462
1108	0.4103443092
1109	0.4102147319
1110	0.4101039192
1111	0.4099553213
1112	0.4098253989
1113	0.4095863596
1114	0.4094912245
1115	0.4093906092
1116	0.4092751535
1117	0.409212657
1118	0.409129925
1119	0.4089498616
1120	0.4087656382
1121	0.4086260845
1122	0.4085097315
1123	0.4083922656
1124	0.4082755295
1125	0.4081442664
1126	0.407943398
1127	0.4078646001
1128	0.4077614038
1129	0.4076409007
1130	0.4075252052
1131	0.4073645317
1132	0.4071526433
1133	0.4070220024
1134	0.4069572759
1135	0.4068176911
1136	0.4067092364
1137	0.406653864
1138	0.4065627515
1139	0.4063634347
1140	0.4062854223
1141	0.4062193378
1142	0.4061331948
1143	0.4061018946
1144	0.4060062719
1145	0.4058765792
1146	0.4057469642
1147	0.4056577817
1148	0.4055673157
1149	0.4053765814
1150	0.4053295418
1151	0.405251784
1152	0.4051539718
1153	0.4050482127
1154	0.4050210997
1155	0.4048532437
1156	0.4046404948
1157	0.4045088965
1158	0.4043882762
1159	0.4042779121
1160	0.4041441285
1161	0.4040578545
1162	0.4039713213
1163	0.4038021557
1164	0.4036541376
1165	0.4035725163
1166	0.4034393882
1167	0.4032886077
1168	0.4031295139
1169	0.4030711214
1170	0.4029975161
1171	0.4029017118
1172	0.4027984629
1173	0.4027109078
1174	0.4026179827
1175	0.4024773482
1176	0.4023228134
1177	0.4021968556
1178	0.4020708499
1179	0.4019364008
1180	0.401725696
1181	0.4016782301
1182	0.4015560736
1183	0.4014709288
1184	0.4013806798
1185	0.4011932196
1186	0.4010847973
1187	0.4009397716
1188	0.4008811416
1189	0.4007882707
1190	0.4007323122
1191	0.4006981169
1192	0.4005316386
1193	0.4003879597
1194	0.4003097865
1195	0.4001797685
1196	0.4000270397
1197	0.3999568599
1198	0.3998585056
1199	0.3997322683
1200	0.399639487
1201	0.3994919234
1202	0.3994352591
1203	0.3993176454
1204	0.3991359943
1205	0.3990081782
1206	0.3988419142
1207	0.3987781796
1208	0.3986266877
1209	0.3985072711
1210	0.3984373652
1211	0.3983774221
1212	0.3982960055
1213	0.3981014873
1214	0.3980568992
1215	0.3978991302
1216	0.3977436794
1217	0.3975721554
1218	0.3974787299
1219	0.3972588911
1220	0.3971754316
1221	0.3970701625
1222	0.3969598427
1223	0.3968867705
1224	0.3968153528
1225	0.396692283
1226	0.3965467088
1227	0.3963636453
1228	0.3962663315
1229	0.3961592944
1230	0.3960650845
1231	0.3959957686
1232	0.3959127732
1233	0.3958348771
1234	0.395694147
1235	0.3955755573
1236	0.3954615533
1237	0.3953448929
1238	0.3952496027
1239	0.3951498804
1240	0.3950446416
1241	0.3949080161
1242	0.3947551386
1243	0.3946753761
1244	0.3944629877
1245	0.3943638882
1246	0.394284211
1247	0.3942211286
1248	0.3941548243
1249	0.3939951986
1250	0.3938739665
1251	0.3937014985
1252	0.3935789336
1253	0.3935492633
1254	0.3934332024
1255	0.3932663054
1256	0.3931762913
1257	0.3930760537
1258	0.3930414697
1259	0.3928744154
1260	0.3927853053
1261	0.3925751119
1262	0.3924820133
1263	0.3922857879
1264	0.3921008893
1265	0.392010506
1266	0.391883874
1267	0.3917016066
1268	0.3916649205
1269	0.3915285192
1270	0.3914175743
1271	0.391318942
1272	0.3911769293
1273	0.3910760892
1274	0.3908568955
1275	0.3906859225
1276	0.3905681409
1277	0.390380747
1278	0.3902104267
1279	0.3901310441
1280	0.3900010601
1281	0.3898962059
1282	0.3897745851
1283	0.3896466565
1284	0.3894339379
1285	0.3892209151
1286	0.3891824956
1287	0.3890864619
1288	0.3890217987
1289	0.3888770991
1290	0.3887130715
1291	0.3886020772
1292	0.3884691491
1293	0.388244909
1294	0.3881221821
1295	0.3879599534
1296	0.3878098033
1297	0.3876767919
1298	0.3875477801
1299	0.3874601322
1300	0.3874205337
1301	0.3873020798
1302	0.3871946327
1303	0.3870784398
1304	0.3870367012
1305	0.386855853
1306	0.3866712216
1307	0.386457331
1308	0.386301915
1309	0.3862187205
1310	0.3860033745
1311	0.3859839083
1312	0.3858882845
1313	0.3857839133
1314	0.3856901344
1315	0.3855709287
1316	0.3853794466
1317	0.3853005095
1318	0.3851759115
1319	0.3850960389
1320	0.3849685954
1321	0.384831641
1322	0.3847173646
1323	0.3846710014
1324	0.3845154946
1325	0.3844125782
1326	0.3842827248
1327	0.3841076255
1328	0.3840029251
1329	0.3839194926
1330	0.383894106
1331	0.3837595694
1332	0.383627208
1333	0.3835717984
1334	0.3835223873
1335	0.3834911575
1336	0.3833077707
1337	0.3832509581
1338	0.3831330115
1339	0.3830383745
1340	0.3829183277
1341	0.382698819
1342	0.3825323572
1343	0.38246362
1344	0.3823095141
1345	0.3821951728
1346	0.3821312505
1347	0.3820920619
1348	0.381992715
1349	0.381825285
1350	0.3817324351
1351	0.3815631418
1352	0.3814647196
1353	0.3813462752
1354	0.3812351347
1355	0.381187301
1356	0.3811495048
1357	0.3810150985
1358	0.3808702206
1359	0.3806879246
1360	0.3805033807
1361	0.3804389421
1362	0.380301566
1363	0.3801756942
1364	0.3800810182
1365	0.3799200933
1366	0.3798453518
1367	0.3797691063
1368	0.379610674
1369	0.3794443639
1370	0.3792386735
1371	0.379046147
1372	0.3789686968
1373	0.3788722087
1374	0.3787692337
1375	0.3786217669
1376	0.3785123842
1377	0.3783101916
1378	0.3782099706
1379	0.3780669064
1380	0.3779483878
1381	0.3778170281
1382	0.3777324547
1383	0.3776312486
1384	0.3775316135
1385	0.377404887
1386	0.3773489831
1387	0.377245175
1388	0.3771533214
1389	0.3770904295
1390	0.3769687312
1391	0.3767850361
1392	0.3766361793
1393	0.3765052451
1394	0.3763850511
1395	0.3762622218
1396	0.3761160636
1397	0.3760993839
1398	0.3759146531
1399	0.3756987997
1400	0.3756166472
1401	0.3754382233
1402	0.3752406789
1403	0.3751065531
1404	0.3749718051
1405	0.3749307119
1406	0.374838078
1407	0.3746605375
1408	0.3745804462
1409	0.3744848067
1410	0.3743715348
1411	0.3743192853
1412	0.3742685554
1413	0.3741241819
1414	0.373950888
1415	0.3738433422
1416	0.3736757583
1417	0.3736415919
1418	0.3735092546
1419	0.3734116971
1420	0.373362208
1421	0.3732592143
1422	0.3731804829
1423	0.373115573
1424	0.3730154567
1425	0.3728972149
1426	0.3728266064
1427	0.3727170731
1428	0.3726256868
1429	0.3724377223
1430	0.372393209
1431	0.3722840635
1432	0.372225791
1433	0.3721252714
1434	0.3720003728
1435	0.3718982318
1436	0.371861864
1437	0.3717062993
1438	0.3716027686
1439	0.3715085471
1440	0.3713789144
1441	0.3712553827
1442	0.3711499534
1443	0.3710206663
1444	0.3709028547
1445	0.3707843796
1446	0.3706667419
1447	0.370594797
1448	0.3704542686
1449	0.3704248375
1450	0.3703530027
1451	0.370261807
1452	0.3702511925
1453	0.370169188
1454	0.3700298118
1455	0.3699148624
1456	0.3698294983
1457	0.3697558442
1458	0.3695933388
1459	0.3695458995
1460	0.3694690226
1461	0.3693946298
1462	0.3692783443
1463	0.3690760741
1464	0.3690092966
1465	0.3688940262
1466	0.3687444644
1467	0.3686584893
1468	0.3685152775
1469	0.3684121231
1470	0.3683130881
1471	0.3681899589
1472	0.3680848747
1473	0.3679602172
1474	0.3678574886
1475	0.3676902966
1476	0.3675825549
1477	0.3675226008
1478	0.3673826775
1479	0.3672206452
1480	0.3670941493
1481	0.3669615257
1482	0.3668133409
1483	0.3666092201
1484	0.366559398
1485	0.3663919793
1486	0.3662721209
1487	0.3661649343
1488	0.3660958358
1489	0.3659972817
1490	0.3658965084
1491	0.365758016
1492	0.3655457178
1493	0.365430319
1494	0.3652543682
1495	0.3651975778
1496	0.3651128116
1497	0.3650711002
1498	0.3648870481
1499	0.3648044439
1500	0.3647353259
1501	0.3645417075
1502	0.3643922413
1503	0.3642575962
1504	0.3641598237
1505	0.3640164834
1506	0.3639098506
1507	0.3637759834
1508	0.3636095611
1509	0.3634431229
1510	0.3632591708
1511	0.3631008966
1512	0.3629895593
1513	0.3629399966
1514	0.3628927976
1515	0.3626948433
1516	0.3625682858
1517	0.3624504939
1518	0.3623728604
1519	0.3623360354
1520	0.3621683581
1521	0.3620061463
1522	0.3618915767
1523	0.3618201742
1524	0.3617398307
1525	0.3616538297
1526	0.3615576809
1527	0.3613951615
1528	0.3613502837
1529	0.361200651
1530	0.3611447059
1531	0.3610361417
1532	0.3609610248
1533	0.3608343898
1534	0.3607197936
1535	0.3606583902
1536	0.3605940034
1537	0.3604790895
1538	0.3603896833
1539	0.3602763378
1540	0.3601760212
1541	0.3600845839
1542	0.3599634575
1543	0.3598370572
1544	0.3596605561
1545	0.359523621
1546	0.3593518997
1547	0.3592589974
1548	0.3591353501
1549	0.3590174186
1550	0.3588998512
1551	0.358759878
1552	0.3585857199
1553	0.3584783796
1554	0.3583637797
1555	0.3581858151
1556	0.3581054552
1557	0.3580876724
1558	0.3579741411
1559	0.3578307546
1560	0.3576878138
1561	0.3576704305
1562	0.357558429
1563	0.3574993332
1564	0.3574128995
1565	0.3573862636
1566	0.3573058495
1567	0.3572214607
1568	0.3570791745
1569	0.3569408535
1570	0.356827818
1571	0.3566719465
1572	0.3565433368
1573	0.3564298138
1574	0.3562584383
1575	0.356129906
1576	0.3560450512
1577	0.3559059218
1578	0.3557793822
1579	0.3557179334
1580	0.3555454055
1581	0.3554022805
1582	0.3553135288
1583	0.3551892628
1584	0.355076921
1585	0.3549076952
1586	0.3548542092
1587	0.3547651753
1588	0.3546909638
1589	0.3545679191
1590	0.35444155
1591	0.3543448192
1592	0.3542243919
1593	0.3540266877
1594	0.3539227659
1595	0.3538442215
1596	0.3538416884
1597	0.3537095407
1598	0.3536169094
1599	0.3536130848
1600	0.3534918525
1601	0.3532748692
1602	0.3532157114
1603	0.3531947058
1604	0.3531352285
1605	0.3530753544
1606	0.3530270569
1607	0.3529533066
1608	0.3528677233
1609	0.352695083
1610	0.352579261
1611	0.3524275579
1612	0.3523617109
1613	0.3522381215
1614	0.3521625906
1615	0.352127207
1616	0.352089505
1617	0.3520003929
1618	0.3518933202
1619	0.3517618278
1620	0.351647717
1621	0.3515068793
1622	0.3513420032
1623	0.35120466
1624	0.351095894
1625	0.350980114
1626	0.3508383038
1627	0.3507663258
1628	0.3506684888
1629	0.3504827181
1630	0.3503852436
1631	0.3502189555
1632	0.3501469124
1633	0.3500129658
1634	0.3498547127
1635	0.3496867627
1636	0.3496114393
1637	0.3495127974
1638	0.3494164225
1639	0.3492779875
1640	0.3491379063
1641	0.3489906207
1642	0.3487964253
1643	0.3487286215
1644	0.3486824903
1645	0.3485465615
1646	0.3483982397
1647	0.3482985376
1648	0.3481975479
1649	0.3481017511
1650	0.3480252586
1651	0.3479229338
1652	0.347819989
1653	0.3477045512
1654	0.347613937
1655	0.3474400796
1656	0.3473469113
1657	0.3472451275
1658	0.3470852509
1659	0.3469692627
1660	0.3468419634
1661	0.3466874849
1662	0.3465400072
1663	0.3464303855
1664	0.3463056985
1665	0.3462138331
1666	0.3461300194
1667	0.3460320323
1668	0.3458672482
1669	0.3457012256
1670	0.3456091261
1671	0.3454403163
1672	0.3453021956
1673	0.3452534589
1674	0.3451498781
1675	0.3449951963
1676	0.3448542856
1677	0.3447006491
1678	0.3445472739
1679	0.344457918
1680	0.3443312652
1681	0.3442180378
1682	0.3441413948
1683	0.3440071508
1684	0.3439322837
1685	0.3439130703
1686	0.3438092011
1687	0.3436837901
1688	0.3435823293
1689	0.343524907
1690	0.3433993297
1691	0.3433041685
1692	0.3431846352
1693	0.3430328507
1694	0.3429208711
1695	0.3428835349
1696	0.3427402562
1697	0.3426835084
1698	0.3426395646
1699	0.3425425013
1700	0.3424673082
1701	0.342376607
1702	0.3422869308
1703	0.3421510629
1704	0.3420798297
1705	0.3419852617
1706	0.3418905
1707	0.3417852914
1708	0.3416833128
1709	0.341528343
1710	0.3414367408
1711	0.3413475352
1712	0.3412646755
1713	0.341192689
1714	0.3410150979
1715	0.340842478
1716	0.3406847683
1717	0.3405127326
1718	0.340343412
1719	0.3402143531
1720	0.3401351357
1721	0.340016337
1722	0.3399339394
1723	0.3398478013
1724	0.3397092434
1725	0.3396458881
1726	0.3395915375
1727	0.339518844
1728	0.3393887978
1729	0.3392587483
1730	0.3390847637
1731	0.3388688603
1732	0.3387174335
1733	0.3386189315
1734	0.3385432422
1735	0.3384305002
1736	0.3383592936
1737	0.3382525419
1738	0.3381509916
1739	0.3380531959
1740	0.3379472335
1741	0.3378480214
1742	0.3377487447
1743	0.3376448979
1744	0.337566297
1745	0.3374669401
1746	0.337384602
1747	0.3373163912
1748	0.3371897495
1749	0.3371039011
1750	0.336987039
1751	0.3368978645
1752	0.3367603556
1753	0.336620859
1754	0.3364668676
1755	0.3363324989
1756	0.3362595533
1757	0.3361555317
1758	0.3360828123
1759	0.335903339
1760	0.3359005123
1761	0.335820511
1762	0.3357589196
1763	0.3356734363
1764	0.3355463441
1765	0.3355242338
1766	0.3353837397
1767	0.3352746727
1768	0.3351906249
1769	0.3351783077
1770	0.3350699892
1771	0.3349363387
1772	0.3348159696
1773	0.334752115
1774	0.3346101167
1775	0.3345514473
1776	0.3344499012
1777	0.3343423866
1778	0.3342314213
1779	0.3341177896
1780	0.3340574321
1781	0.3339598591
1782	0.3337819279
1783	0.3336426059
1784	0.333583127
1785	0.3334894367
1786	0.333354265
1787	0.333291869
1788	0.33314353
1789	0.332992428
1790	0.3329213904
1791	0.3328175311
1792	0.3327144887
1793	0.3326196922
1794	0.3325567839
1795	0.33251037
1796	0.3324042132
1797	0.3322360698
1798	0.3321286114
1799	0.3320268256
1800	0.3319387786
1801	0.3318678448
1802	0.3317048523
1803	0.3316381624
1804	0.3314709801
1805	0.3313984211
1806	0.3313202635
1807	0.3312203548
1808	0.3311358939
1809	0.3310597782
1810	0.3309468865
1811	0.3307917638
1812	0.3306206945
1813	0.3304959287
1814	0.3303351842
1815	0.3302545376
1816	0.3301194671
1817	0.329981619
1818	0.3299308317
1819	0.329758023
1820	0.3296999276
1821	0.3295652709
1822	0.329521834
1823	0.3293608607
1824	0.3292846143
1825	0.329156349
1826	0.3290978133
1827	0.3289565535
1828	0.3287890876
1829	0.3286778288
1830	0.3286028494
1831	0.3284420358
1832	0.3283245119
1833	0.3282406394
1834	0.3282015344
1835	0.3281387585
1836	0.328056026
1837	0.3279402657
1838	0.3278447314
1839	0.3277294969
1840	0.3275973604
1841	0.3274821928
1842	0.3273707145
1843	0.3272949896
1844	0.3271300809
1845	0.3270201742
1846	0.3268662385
1847	0.3267602209
1848	0.3266992524
1849	0.3265550034
1850	0.3265202215
1851	0.3264516089
1852	0.3263750763
1853	0.3262867145
1854	0.3262712311
1855	0.3261906346
1856	0.3260936851
1857	0.3259947293
1858	0.3258082298
1859	0.3256811753
1860	0.3255720119
1861	0.3254806335
1862	0.3253429661
1863	0.3252137007
1864	0.3251350171
1865	0.3250628363
1866	0.3249534268
1867	0.3248402683
1868	0.3247407353
1869	0.3246058325
1870	0.3245101678
1871	0.3244047906
1872	0.3243180612
1873	0.3242452418
1874	0.3241863745
1875	0.3241025722
1876	0.3240281896
1877	0.3239691504
1878	0.3238796265
1879	0.3237550352
1880	0.3236503096
1881	0.323596994
1882	0.3235422027
1883	0.3234854073
1884	0.3233898569
1885	0.323324551
1886	0.3232748129
1887	0.323168455
1888	0.3230604669
1889	0.3229232069
1890	0.3228476263
1891	0.3227954065
1892	0.3227180241
1893	0.3226330499
1894	0.322521856
1895	0.3224353169
1896	0.3223277902
1897	0.3222222777
1898	0.3221041644
1899	0.322038378
1900	0.3219087014
1901	0.3217707624
1902	0.3215855058
1903	0.3215117643
1904	0.321449902
1905	0.3213631164
1906	0.321284103
1907	0.3212313028
1908	0.3211583437
1909	0.3210869422
1910	0.3210059524
1911	0.3208421067
1912	0.3207942184
1913	0.3207640634
1914	0.3206597098
1915	0.3205749546
1916	0.3205032981
1917	0.32031994
1918	0.3202030494
1919	0.3201496115
1920	0.3200566462
1921	0.3199845433
1922	0.3199410279
1923	0.319829981
1924	0.3197414598
1925	0.3196158002
1926	0.3195373408
1927	0.3194618678
1928	0.3193583606
1929	0.3192361283
1930	0.3191588643
1931	0.3191100304
1932	0.3190036583
1933	0.3189154294
1934	0.3188361811
1935	0.3187211661
1936	0.3186425967
1937	0.3185401421
1938	0.3184233451
1939	0.3183527819
1940	0.3182968242
1941	0.3181924705
1942	0.3180162668
1943	0.3179067388
1944	0.3178298434
1945	0.3177620758
1946	0.3176259639
1947	0.3175144733
1948	0.3174024116
1949	0.3173002143
1950	0.317194329
1951	0.3170410881
1952	0.3169889118
1953	0.3169214797
1954	0.316834287
1955	0.3167496984
1956	0.316588437
1957	0.3165168929
1958	0.3164422518
1959	0.3163773653
1960	0.3162240374
1961	0.3161463611
1962	0.3160642592
1963	0.3159811548
1964	0.315903029
1965	0.315800098
1966	0.3157457437
1967	0.3156264812
1968	0.3155867277
1969	0.3154663863
1970	0.3153576669
1971	0.3153064385
1972	0.3151854906
1973	0.3151026819
1974	0.3149971576
1975	0.3149429404
1976	0.314823345
1977	0.3146947105
1978	0.314579188
1979	0.3144799425
1980	0.3144036652
1981	0.3143586187
1982	0.3142664806
1983	0.314194326
1984	0.3141379519
1985	0.314054998
1986	0.313925246
1987	0.3138494285
1988	0.3138104085
1989	0.3137256976
1990	0.3136659102
1991	0.313551777
1992	0.3134738845
1993	0.3133392236
1994	0.3132654324
1995	0.3131543977
1996	0.313058877
1997	0.3129611437
1998	0.3128842842
1999	0.3127753547
2000	0.3126909668
2001	0.3125774969
2002	0.3125056315
2003	0.3123894403
2004	0.3123035747
2005	0.3122596394
2006	0.3120855665
2007	0.3119312104
2008	0.3118490626
2009	0.311777268
2010	0.3117122462
2011	0.3116578742
2012	0.3115696241
2013	0.3114866378
2014	0.3113644851
2015	0.311248603
2016	0.3111682313
2017	0.311085617
2018	0.310973228
2019	0.3108765824
2020	0.3107980469
2021	0.3107260778
2022	0.3106337845
2023	0.3106038526
2024	0.3104936534
2025	0.310366606
2026	0.3103092012
2027	0.3102262637
2028	0.3101106317
2029	0.310025793
2030	0.3099669301
2031	0.3098784064
2032	0.3098417932
2033	0.3097836852
2034	0.3096666597
2035	0.3095900044
2036	0.3095200447
2037	0.3093688509
2038	0.3092947862
2039	0.3091664455
2040	0.3090820073
2041	0.3089753695
2042	0.3089250775
2043	0.3088043799
2044	0.3087303218
2045	0.3086443515
2046	0.3085711782
2047	0.3084897148
2048	0.308386872
2049	0.3082582175
2050	0.3080913461
2051	0.3080121772
2052	0.3078617713
2053	0.3077883635
2054	0.307677648
2055	0.3075678054
2056	0.3074900248
2057	0.3073637066
2058	0.3073125583
2059	0.3071817774
2060	0.3071023106
2061	0.3070212342
2062	0.3068972282
2063	0.306802025
2064	0.3067106426
2065	0.3065934374
2066	0.3065287186
2067	0.3064339942
2068	0.3063531019
2069	0.3062678861
2070	0.306191609
2071	0.306096618
2072	0.305920639
2073	0.3058411017
2074	0.3057411668
2075	0.305621765
2076	0.3055281415
2077	0.3054641617
2078	0.305377027
2079	0.3052480146
2080	0.3051245763
2081	0.3050330559
2082	0.3049439027
2083	0.3048787889
2084	0.3048382416
2085	0.3047346633
2086	0.3046877951
2087	0.304600348
2088	0.3045046295
2089	0.3043806239
2090	0.3043161804
2091	0.3042714056
2092	0.3041459713
2093	0.3040696348
2094	0.3039073598
2095	0.3038305363
2096	0.3037520933
2097	0.3036868058
2098	0.3035627597
2099	0.3034051825
2100	0.3033453008
2101	0.3032503644
2102	0.3031423765
2103	0.3030629736
2104	0.3029810517
2105	0.3029172803
2106	0.3027832217
2107	0.3026752251
2108	0.3025745671
2109	0.3024695028
2110	0.3023784187
2111	0.3023095951
2112	0.3022436002
2113	0.3021674551
2114	0.3020245078
2115	0.301942827
2116	0.3018964882
2117	0.3018063891
2118	0.3017183728
2119	0.3016385892
2120	0.3016030593
2121	0.3015073569
2122	0.3014326112
2123	0.3013543477
2124	0.3013026636
2125	0.301238347
2126	0.3011342257
2127	0.3010036614
2128	0.3009273709
2129	0.3008165079
2130	0.3007288343
2131	0.3006595287
2132	0.3005838971
2133	0.3005439915
2134	0.3004864507
2135	0.3003994005
2136	0.3003102077
2137	0.3002170729
2138	0.300103548
2139	0.2999740096
2140	0.2998689836
2141	0.2997529066
2142	0.299697537
2143	0.2996162038
2144	0.2995158196
2145	0.2994426804
2146	0.2993964975
2147	0.2992628321
2148	0.2991292183
2149	0.2990415599
2150	0.298982275
2151	0.2989257897
2152	0.2988422766
2153	0.2987489793
2154	0.2986325182
2155	0.2985813777
2156	0.2984548626
2157	0.2984106117
2158	0.2982617437
2159	0.2981462119
2160	0.2980577847
2161	0.2979426294
2162	0.2977362135
2163	0.2976815859
2164	0.2976158049
2165	0.2975472348
2166	0.297437567
2167	0.297370992
2168	0.2972498957
2169	0.2971595171
2170	0.2970679776
2171	0.2969863325
2172	0.2969268991
2173	0.2968720708
2174	0.2968091103
2175	0.2967173344
2176	0.2965978811
2177	0.2964969973
2178	0.2963822367
2179	0.2962781951
2180	0.2962053733
2181	0.2960979327
2182	0.2960222664
2183	0.2959421887
2184	0.2958320629
2185	0.2957736881
2186	0.2956838566
2187	0.2956293731
2188	0.2955874096
2189	0.2955492864
2190	0.2954909816
2191	0.2954140629
2192	0.2952876807
2193	0.2952498372
2194	0.2951575984
2195	0.2950547319
2196	0.294923454
2197	0.2948485722
2198	0.294801582
2199	0.2947329744
2200	0.2946423145
2201	0.2945957617
2202	0.2944578609
2203	0.2943957488
2204	0.2943070201
2205	0.2942409213
2206	0.2941405762
2207	0.2940207711
2208	0.2939465319
2209	0.2938014843
2210	0.2937329707
2211	0.2936270801
2212	0.2935719687
2213	0.2934607782
2214	0.2933791162
2215	0.2932601612
2216	0.2931916652
2217	0.293097274
2218	0.2929583018
2219	0.2928461979
2220	0.2927652417
2221	0.2926665512
2222	0.2925607583
2223	0.2924629377
2224	0.2923424997
2225	0.292287617
2226	0.2922380913
2227	0.2921300827
2228	0.2920599869
2229	0.2919570809
2230	0.2918115386
2231	0.2917515034
2232	0.2917110082
2233	0.2916070476
2234	0.2914418839
2235	0.2913957148
2236	0.2912968728
2237	0.2912109394
2238	0.2911604712
2239	0.2910543066
2240	0.2909468335
2241	0.2908574279
2242	0.2907741919
2243	0.2906570013
2244	0.2905521039
2245	0.2905187501
2246	0.2904494983
2247	0.2903262361
2248	0.2902552895
2249	0.2901863052
2250	0.2900931793
2251	0.2900165148
2252	0.2899484738
2253	0.2898569362
2254	0.2898173755
2255	0.2897400991
2256	0.2896468828
2257	0.2896083429
2258	0.2895213236
2259	0.2894610237
2260	0.289359961
2261	0.2893124282
2262	0.2892507369
2263	0.2891283979
2264	0.2890497798
2265	0.288924643
2266	0.2888511551
2267	0.2887585172
2268	0.2886731188
2269	0.2885749025
2270	0.2885102322
2271	0.2884220091
2272	0.2883502704
2273	0.2882495465
2274	0.2881065276
2275	0.2879929102
2276	0.2879306205
2277	0.2878145119
2278	0.2877431366
2279	0.2876630239
2280	0.2875834858
2281	0.2875065633
2282	0.2874354622
2283	0.2873946442
2284	0.2873138228
2285	0.2872269974
2286	0.2871467553
2287	0.2870035469
2288	0.2869094777
2289	0.2868346014
2290	0.2867923348
2291	0.2867016678
2292	0.2866386525
2293	0.2865492941
2294	0.2864004142
2295	0.2863023831
2296	0.2862156333
2297	0.286114369
2298	0.2859939005
2299	0.2858980758
2300	0.2858478932
2301	0.2857735335
2302	0.2856809897
2303	0.2855785474
2304	0.2854816694
2305	0.2853757825
2306	0.2853028948
2307	0.2851875905
2308	0.2851252378
2309	0.2850614373
2310	0.2849902547
2311	0.284882804
2312	0.2847907961
2313	0.2847601777
2314	0.2846706659
2315	0.2845881484
2316	0.2845413143
2317	0.284438947
2318	0.2843335659
2319	0.2843147156
2320	0.2841563626
2321	0.2840585221
2322	0.2838941846
2323	0.283815374
2324	0.2837654901
2325	0.2836847458
2326	0.283648466
2327	0.2835464758
2328	0.2834819085
2329	0.2833675762
2330	0.2833334711
2331	0.283248086
2332	0.2831683357
2333	0.2831057581
2334	0.2830377575
2335	0.2829027024
2336	0.2828385506
2337	0.2827736257
2338	0.2827310243
2339	0.2826643656
2340	0.2826207024
2341	0.2825445284
2342	0.2824423937
2343	0.2824044461
2344	0.2822752394
2345	0.2821671876
2346	0.2821033349
2347	0.2820100016
2348	0.2819505268
2349	0.2818626132
2350	0.2817909204
2351	0.2817446434
2352	0.2816788306
2353	0.2816073152
2354	0.2815356492
2355	0.2814394852
2356	0.2813642925
2357	0.2812889074
2358	0.2811910411
2359	0.2810935521
2360	0.2810310074
2361	0.2809113099
2362	0.2808429807
2363	0.2807164739
2364	0.2806704644
2365	0.2806031975
2366	0.28047353
2367	0.2804153241
2368	0.2802682331
2369	0.2802115659
2370	0.2801025401
2371	0.2799946332
2372	0.2798779026
2373	0.2797845495
2374	0.27965752
2375	0.2795251671
2376	0.2794524706
2377	0.2793742719
2378	0.2792594936
2379	0.2791585815
2380	0.2791131248
2381	0.2790164869
2382	0.2789140094
2383	0.278843092
2384	0.2787376289
2385	0.2786542238
2386	0.2785438242
2387	0.2785044317
2388	0.2784041492
2389	0.2782888517
2390	0.2782416672
2391	0.2781644169
2392	0.2780612298
2393	0.2779602136
2394	0.2778773846
2395	0.2778201878
2396	0.2777958815
2397	0.2777295221
2398	0.2776465482
2399	0.277628803
2400	0.2775094096
2401	0.2773450875
2402	0.2771534295
2403	0.277053434
2404	0.2769685963
2405	0.2768338437
2406	0.2767510539
2407	0.2766960486
2408	0.2766363877
2409	0.2765812424
2410	0.2765316208
2411	0.2764468012
2412	0.2763766915
2413	0.2762963535
2414	0.2762149171
2415	0.2761835713
2416	0.2761088656
2417	0.2760439191
2418	0.2760027412
2419	0.2759290037
2420	0.2758790851
2421	0.2758342832
2422	0.2757155914
2423	0.2757020263
2424	0.2756245359
2425	0.2755522006
2426	0.2754491057
2427	0.2753945416
2428	0.2752977176
2429	0.2752338533
2430	0.2751733672
2431	0.2749886373
2432	0.2749076285
2433	0.2748703649
2434	0.2747652987
2435	0.2747199767
2436	0.2746113152
2437	0.2745129575
2438	0.2743981828
2439	0.2743585092
2440	0.2743316257
2441	0.2742694631
2442	0.274199339
2443	0.274092652
2444	0.2739972372
2445	0.2739257651
2446	0.2738302152
2447	0.2736931333
2448	0.2735918937
2449	0.2735046231
2450	0.2734372652
2451	0.2733645014
2452	0.2732780636
2453	0.2732103434
2454	0.2730336948
2455	0.2729715382
2456	0.2728759875
2457	0.2727923507
2458	0.2726940944
2459	0.2726168097
2460	0.2725675517
2461	0.2725100511
2462	0.2724301065
2463	0.2723890263
2464	0.2723060963
2465	0.2721969915
2466	0.2720902048
2467	0.2719886619
2468	0.2719312565
2469	0.2718773136
2470	0.2718208028
2471	0.2717273226
2472	0.2716165371
2473	0.2715408955
2474	0.2714223278
2475	0.2713175405
2476	0.2712650582
2477	0.2711708164
2478	0.271139185
2479	0.2710716623
2480	0.2709838651
2481	0.2708416441
2482	0.2707496086
2483	0.2706782561
2484	0.2706091574
2485	0.2705569187
2486	0.2704246907
2487	0.2703473921
2488	0.2702460825
2489	0.2701823627
2490	0.2701340734
2491	0.2700429222
2492	0.2699589889
2493	0.2698726199
2494	0.2697353055
2495	0.2696262197
2496	0.2695715271
2497	0.269445128
2498	0.2694028252
2499	0.2693392977
2500	0.2692691689
2501	0.2692025275
2502	0.2691447688
2503	0.269063543
2504	0.2689930236
2505	0.2689370548
2506	0.2688802406
2507	0.2687833708
2508	0.2687356996
2509	0.2686991551
2510	0.2685888673
2511	0.2684675006
2512	0.2683890078
2513	0.2682685758
2514	0.2682389542
2515	0.2681423952
2516	0.2680904012
2517	0.2680356981
2518	0.267957967
2519	0.2678825477
2520	0.2677713209
2521	0.2676308192
2522	0.2675687487
2523	0.2674541659
2524	0.267380153
2525	0.2672711798
2526	0.267206157
2527	0.2671531844
2528	0.2670723724
2529	0.266951556
2530	0.2668622869
2531	0.2668021831
2532	0.2667364216
2533	0.2666671142
2534	0.2665756989
2535	0.2665095341
2536	0.2664534186
2537	0.2664051688
2538	0.2663394782
2539	0.2662222139
2540	0.2661509279
2541	0.2660916173
2542	0.2660250749
2543	0.2659273094
2544	0.2657977713
2545	0.2656467748
2546	0.2655700974
2547	0.26552049
2548	0.2654532502
2549	0.2653781483
2550	0.26533489
2551	0.2652881556
2552	0.2652337193
2553	0.2651732372
2554	0.2651088127
2555	0.2650594894
2556	0.2649541839
2557	0.2648086964
2558	0.2647780382
2559	0.2646972112
2560	0.2646434387
2561	0.2646016371
2562	0.2645792379
2563	0.2645022569
2564	0.2644290523
2565	0.2643615998
2566	0.2643028949
2567	0.2642430901
2568	0.264188399
2569	0.2641572965
2570	0.2640567263
2571	0.2639737265
2572	0.2638754953
2573	0.2637630921
2574	0.2637205721
2575	0.2636267533
2576	0.2635392977
2577	0.2634492807
2578	0.263357905
2579	0.2632759259
2580	0.2631991571
2581	0.2630857502
2582	0.2629792219
2583	0.2628922287
2584	0.2627905306
2585	0.2626750895
2586	0.2625629188
2587	0.2625329926
2588	0.2624667837
2589	0.2623517113
2590	0.2623070908
2591	0.2622447046
2592	0.2621667825
2593	0.2621220821
2594	0.2620754105
2595	0.2619772524
2596	0.261923097
2597	0.2618373511
2598	0.2617136602
2599	0.261666102
2600	0.2615996736
2601	0.261539476
2602	0.2614629791
2603	0.2613832169
2604	0.2612754443
2605	0.2611918187
2606	0.2611460141
2607	0.2610292533
2608	0.260967367
2609	0.2608450175
2610	0.2607627906
2611	0.2606804633
2612	0.2606236981
2613	0.2605171072
2614	0.2604672829
2615	0.2604223125
2616	0.2603218121
2617	0.2602598917
2618	0.2601894008
2619	0.2600787558
2620	0.2600082655
2621	0.2598994785
2622	0.2598225286
2623	0.2597713094
2624	0.2596615867
2625	0.2595838092
2626	0.2594912453
2627	0.2594114322
2628	0.2593304613
2629	0.2592715522
2630	0.259206039
2631	0.2591311274
2632	0.2590547143
2633	0.2589927392
2634	0.2589051139
2635	0.2587796402
2636	0.258708675
2637	0.2586327244
2638	0.2585884904
2639	0.2584306954
2640	0.258346334
2641	0.2582867481
2642	0.2582326927
2643	0.2581828332
2644	0.2581309198
2645	0.2580975175
2646	0.2579938066
2647	0.257911262
2648	0.2578118447
2649	0.2577544574
2650	0.2577017584
2651	0.2576456715
2652	0.2575343349
2653	0.2574004882
2654	0.2573206023
2655	0.257215741
2656	0.2571592019
2657	0.2571152505
2658	0.2570316408
2659	0.2569653295
2660	0.2568957031
2661	0.2567556987
2662	0.2566782951
2663	0.2566093633
2664	0.2565428213
2665	0.2564326042
2666	0.2563345748
2667	0.2562630047
2668	0.2562239775
2669	0.2561801055
2670	0.2561314373
2671	0.2560510285
2672	0.2559774321
2673	0.2559247705
2674	0.2558442216
2675	0.2557513212
2676	0.2556973151
2677	0.2556418996
2678	0.2555534096
2679	0.2555234745
2680	0.2554694387
2681	0.2553986828
2682	0.2553428085
2683	0.2552747738
2684	0.2552127357
2685	0.25513289
2686	0.2550608007
2687	0.2549659792
2688	0.2548203105
2689	0.2547825079
2690	0.2547425021
2691	0.2546740519
2692	0.2545600758
2693	0.25449177
2694	0.2544106953
2695	0.2543487916
2696	0.2542841043
2697	0.2541377248
2698	0.2540965528
2699	0.254029551
2700	0.2539280642
2701	0.2538955966
2702	0.2538511161
2703	0.2537628255
2704	0.2537153664
2705	0.2536327363
2706	0.2535263427
2707	0.2534535822
2708	0.2533706188
2709	0.2533116573
2710	0.2532187586
2711	0.2531472286
2712	0.2530492711
2713	0.2529862846
2714	0.252903334
2715	0.2528434554
2716	0.2528029375
2717	0.2527325145
2718	0.2525955216
2719	0.2525490376
2720	0.2524765016
2721	0.2524314957
2722	0.2523825652
2723	0.2523299263
2724	0.2522733966
2725	0.2521988852
2726	0.2521475704
2727	0.2520858745
2728	0.2519868764
2729	0.2519078242
2730	0.2518473424
2731	0.2517657053
2732	0.2516393955
2733	0.2515486958
2734	0.2514674186
2735	0.2513898125
2736	0.2513251246
2737	0.2512499326
2738	0.2511774584
2739	0.2510663461
2740	0.250977793
2741	0.2509247128
2742	0.2508796378
2743	0.2508468143
2744	0.2507679766
2745	0.2506801213
2746	0.2505823936
2747	0.2504417942
2748	0.2503264475
2749	0.2502432816
2750	0.2501882586
2751	0.2501475727
2752	0.2500764867
2753	0.2499921108
2754	0.2499362028
2755	0.2499011604
2756	0.2498457024
2757	0.2497716996
2758	0.2496950191
2759	0.2496167965
2760	0.2495820447
2761	0.2495200999
2762	0.2494189407
2763	0.2493090504
2764	0.249238681
2765	0.2491823587
2766	0.2491119504
2767	0.2490308899
2768	0.2489780424
2769	0.2488703094
2770	0.248823375
2771	0.2487628037
2772	0.2486405622
2773	0.2485542101
2774	0.2485072662
2775	0.248392512
2776	0.2483416767
2777	0.2482081667
2778	0.2481794853
2779	0.2481191997
2780	0.2480788234
2781	0.2480018962
2782	0.2479299331
2783	0.2478800857
2784	0.2477890035
2785	0.2476891866
2786	0.2476229396
2787	0.2475356956
2788	0.2474630565
2789	0.2474090354
2790	0.2472965456
2791	0.2472742186
2792	0.2471698737
2793	0.2470857067
2794	0.2470345323
2795	0.2469396501
2796	0.2468630847
2797	0.2468110058
2798	0.2467602618
2799	0.2467030943
2800	0.2466245083
2801	0.2465268367
2802	0.2464687129
2803	0.2463983244
2804	0.246334111
2805	0.2462980855
2806	0.2462249402
2807	0.2461830759
2808	0.2461478609
2809	0.2460958286
2810	0.2460114395
2811	0.2459246199
2812	0.2458368993
2813	0.2457428172
2814	0.2456858652
2815	0.2456043715
2816	0.2455304298
2817	0.2454655696
2818	0.2454095969
2819	0.2453582558
2820	0.2453175406
2821	0.2452694694
2822	0.2451741411
2823	0.2451237773
2824	0.2449589812
2825	0.2448884799
2826	0.2448478169
2827	0.2447757594
2828	0.2447215829
2829	0.2446440912
2830	0.2445460365
2831	0.2444626736
2832	0.2443357266
2833	0.2442339516
2834	0.2441679033
2835	0.2441093403
2836	0.2440276532
2837	0.2439494384
2838	0.2438751228
2839	0.2438244874
2840	0.2437594207
2841	0.2436899237
2842	0.2436248485
2843	0.2435679761
2844	0.2434495834
2845	0.243391912
2846	0.2433465128
2847	0.2432944112
2848	0.2432561362
2849	0.2431577257
2850	0.2430769691
2851	0.2430189136
2852	0.2429683759
2853	0.2428502364
2854	0.242788984
2855	0.2427432245
2856	0.2426466335
2857	0.2425507477
2858	0.2424964676
2859	0.2424642513
2860	0.2423833233
2861	0.2423166952
2862	0.2422350395
2863	0.24214562
2864	0.2420853468
2865	0.2420148197
2866	0.2419342955
2867	0.2418901237
2868	0.2418182253
2869	0.2417548313
2870	0.2416647381
2871	0.2416055425
2872	0.2415499841
2873	0.2414229075
2874	0.2413684949
2875	0.2413101934
2876	0.2412528793
2877	0.2412079487
2878	0.24114064
2879	0.2410542719
2880	0.2409896744
2881	0.2408578306
2882	0.2407857575
2883	0.2406999971
2884	0.2406187167
2885	0.2405453862
2886	0.2404999854
2887	0.2404622919
2888	0.2403538891
2889	0.2402826241
2890	0.2401940157
2891	0.2401200891
2892	0.2400657812
2893	0.2400216374
2894	0.2399555848
2895	0.2398966966
2896	0.239853002
2897	0.2397262725
2898	0.2396815545
2899	0.2396239245
2900	0.2395616548
2901	0.2394860095
2902	0.2394387001
2903	0.2393411669
2904	0.2392865202
2905	0.2392068422
2906	0.2391116086
2907	0.2390443401
2908	0.2389853101
2909	0.2389034151
2910	0.2388145345
2911	0.2387284057
2912	0.2386531166
2913	0.2386237893
2914	0.2385378523
2915	0.2384701453
2916	0.238417692
2917	0.2383430201
2918	0.238290232
2919	0.2382017928
2920	0.2381531845
2921	0.2380450607
2922	0.2379905829
2923	0.2378934213
2924	0.2378267542
2925	0.2377791001
2926	0.2377331696
2927	0.2376386032
2928	0.2375716283
2929	0.2375070453
2930	0.2374590828
2931	0.2374086813
2932	0.2373086089
2933	0.2372274047
2934	0.2371972197
2935	0.237135964
2936	0.2370386754
2937	0.2369477286
2938	0.2368859087
2939	0.2368308912
2940	0.2367777244
2941	0.2367319623
2942	0.2366516926
2943	0.2365468821
2944	0.2364905996
2945	0.2364164992
2946	0.2363076672
2947	0.236252331
2948	0.2361672195
2949	0.2360575232
2950	0.2360222317
2951	0.2359710591
2952	0.235919085
2953	0.2358635327
2954	0.2357958087
2955	0.2357297734
2956	0.2356266964
2957	0.2355808206
2958	0.2355297242
2959	0.2355001303
2960	0.2354140682
2961	0.235365439
2962	0.2352530285
2963	0.2351658717
2964	0.2351387129
2965	0.2350365615
2966	0.2349949487
2967	0.2349324903
2968	0.2348791526
2969	0.2348257516
2970	0.2347261017
2971	0.2346746126
2972	0.2346426645
2973	0.2345530238
2974	0.2344945577
2975	0.2344270429
2976	0.2343781034
2977	0.2343145491
2978	0.2341783085
2979	0.2341209135
2980	0.2340546484
2981	0.2339750381
2982	0.2338823779
2983	0.2338475916
2984	0.2337764791
2985	0.2337189085
2986	0.233639368
2987	0.2335888811
2988	0.2335304622
2989	0.2334743864
2990	0.2334379834
2991	0.2333933669
2992	0.2333078703
2993	0.2332638426
2994	0.2332113452
2995	0.2331780755
2996	0.2331200379
2997	0.233001891
2998	0.2329324242
2999	0.2328761048
3000	0.2328516475
3001	0.2327929089
3002	0.2327532357
3003	0.2327020133
3004	0.2326429162
3005	0.2325804709
3006	0.2324992235
3007	0.2324439825
3008	0.232389433
3009	0.2323333995
3010	0.2322466288
3011	0.2321551942
3012	0.232019136
3013	0.2319457374
3014	0.2318973442
3015	0.231858252
3016	0.2317845497
3017	0.2316700366
3018	0.2316088246
3019	0.2315593741
3020	0.2315015512
3021	0.2314620294
3022	0.2313359459
3023	0.2312888529
3024	0.2312270161
3025	0.2312087576
3026	0.2311528741
3027	0.2311016964
3028	0.2310284183
3029	0.2309391345
3030	0.2308315897
3031	0.2307942006
3032	0.230682668
3033	0.2306505096
3034	0.2305639858
3035	0.2304851603
3036	0.2304325273
3037	0.2303635251
3038	0.2303160392
3039	0.2302287363
3040	0.2301537418
3041	0.230089749
3042	0.2300465787
3043	0.2299901958
3044	0.2299555446
3045	0.2298798346
3046	0.2297935742
3047	0.229720966
3048	0.2296730715
3049	0.2295933122
3050	0.2295374424
3051	0.2295001437
3052	0.2294417729
3053	0.229374606
3054	0.229337141
3055	0.2292941613
3056	0.2292320714
3057	0.2291864069
3058	0.22912892
3059	0.2290381436
3060	0.2289985098
3061	0.2288835756
3062	0.2287601167
3063	0.2286919968
3064	0.228637635
3065	0.2285984693
3066	0.2285710009
3067	0.2285003373
3068	0.2284345752
3069	0.2283653162
3070	0.2282599092
3071	0.2282106083
3072	0.2281402341
3073	0.2280224349
3074	0.2279947432
3075	0.2279245187
3076	0.2278404264
3077	0.227774916
3078	0.2276768009
3079	0.2276184818
3080	0.2275508988
3081	0.227478952
3082	0.2274497592
3083	0.2273793089
3084	0.2273101675
3085	0.2272621861
3086	0.2271569231
3087	0.2270959027
3088	0.2270500563
3089	0.2269834916
3090	0.2269250781
3091	0.2268443289
3092	0.2267939816
3093	0.2266826011
3094	0.2265902008
3095	0.2265048122
3096	0.2264395905
3097	0.2263934827
3098	0.2263626523
3099	0.2262942948
3100	0.2262101982
3101	0.2261109648
3102	0.2260586706
3103	0.2260201959
3104	0.2259268265
3105	0.2258604753
3106	0.2258002901
3107	0.2257418572
3108	0.2256870913
3109	0.2255866793
3110	0.2255277536
3111	0.2254822503
3112	0.2254082996
3113	0.2253302024
3114	0.2252146754
3115	0.2251649244
3116	0.2250846811
3117	0.2250552326
3118	0.2250049169
3119	0.2249702124
3120	0.2249124621
3121	0.2248611756
3122	0.2247773802
3123	0.22473695
3124	0.2247064438
3125	0.2246400611
3126	0.2245943533
3127	0.2245352122
3128	0.2244404029
3129	0.2243749937
3130	0.2243061872
3131	0.2242360483
3132	0.2241749976
3133	0.2241237974
3134	0.2240458068
3135	0.2239924975
3136	0.2239372699
3137	0.2238656391
3138	0.2237987445
3139	0.2237010918
3140	0.2236399636
3141	0.2235795487
3142	0.2235110388
3143	0.2234715654
3144	0.2233851571
3145	0.2232878779
3146	0.2232114426
3147	0.2231792237
3148	0.2231106194
3149	0.2230113479
3150	0.2229478927
3151	0.2228884001
3152	0.2228062477
3153	0.2227250901
3154	0.2226590192
3155	0.2226133319
3156	0.2225337568
3157	0.2224540805
3158	0.2223848681
3159	0.2223055199
3160	0.2222352032
3161	0.2221874671
3162	0.2221357691
3163	0.2220755279
3164	0.2220370053
3165	0.2219839589
3166	0.2218865995
3167	0.2218178372
3168	0.2217083129
3169	0.2216680022
3170	0.2215867614
3171	0.2215202379
3172	0.2214385368
3173	0.2213862438
3174	0.2213230675
3175	0.221266913
3176	0.2212131278
3177	0.2211458739
3178	0.2210801243
3179	0.2210576113
3180	0.2210075015
3181	0.2209403147
3182	0.2208819889
3183	0.2208080644
3184	0.2207578358
3185	0.2206923209
3186	0.2206617965
3187	0.2205798058
3188	0.2205293437
3189	0.2204500885
3190	0.2203839515
3191	0.2203530032
3192	0.2203066404
3193	0.2202618074
3194	0.2202222682
3195	0.2201754932
3196	0.2200936616
3197	0.2199992467
3198	0.2199553399
3199	0.2198781191
3200	0.2197413995
3201	0.2196782644
3202	0.2195924634
3203	0.2195639693
3204	0.2195168131
3205	0.2194644646
3206	0.2194137575
3207	0.2193604423
3208	0.2192554931
3209	0.2192019829
3210	0.2190760451
3211	0.2190027186
3212	0.2189607982
3213	0.2189265417
3214	0.2189006327
3215	0.2188033905
3216	0.2187106448
3217	0.2186142477
3218	0.2185717333
3219	0.2185406222
3220	0.2184648421
3221	0.2184164533
3222	0.2183613146
3223	0.2183250589
3224	0.2182351828
3225	0.2181831587
3226	0.2180785486
3227	0.218019413
3228	0.2179565391
3229	0.2178760471
3230	0.2178410447
3231	0.2177742239
3232	0.2177136151
3233	0.2176694054
3234	0.2175577376
3235	0.2174841114
3236	0.2174068442
3237	0.217299524
3238	0.2172380772
3239	0.2171768671
3240	0.2171315232
3241	0.2170932243
3242	0.2170303876
3243	0.2169682829
3244	0.2169174231
3245	0.2168609046
3246	0.2167954436
3247	0.2167333623
3248	0.2166971093
3249	0.2166539174
3250	0.216598837
3251	0.2165052062
3252	0.2164497811
3253	0.2163645139
3254	0.2163158877
3255	0.2162231421
3256	0.2161433395
3257	0.2160954262
3258	0.2160511881
3259	0.216006155
3260	0.215946145
3261	0.2158988348
3262	0.2158243381
3263	0.2158018299
3264	0.2157264624
3265	0.2156816994
3266	0.2156329854
3267	0.2155502035
3268	0.2155150609
3269	0.2154537318
3270	0.2153676316
3271	0.2153020437
3272	0.2152531414
3273	0.2151959509
3274	0.2151212078
3275	0.215054793
3276	0.2149875024
3277	0.2149332139
3278	0.2149007621
3279	0.2148651378
3280	0.2148010826
3281	0.2147448957
3282	0.2146851945
3283	0.2146276085
3284	0.2145577898
3285	0.2145095163
3286	0.214454914
3287	0.2144092196
3288	0.2143848989
3289	0.2143508238
3290	0.2143050896
3291	0.2142430574
3292	0.2141940677
3293	0.2141720659
3294	0.21415127
3295	0.2141032817
3296	0.2140358748
3297	0.2139878359
3298	0.2139383404
3299	0.2138967925
3300	0.2138409387
3301	0.2137635952
3302	0.2137022591
3303	0.2136155633
3304	0.2135433686
3305	0.2134758379
3306	0.2133856432
3307	0.213337634
3308	0.2132964819
3309	0.2132172035
3310	0.2131825337
3311	0.213124584
3312	0.2130566041
3313	0.2130146442
3314	0.2129678624
3315	0.212920681
3316	0.2128924316
3317	0.2128492433
3318	0.212781924
3319	0.212772268
3320	0.2127216404
3321	0.2126526596
3322	0.2125805532
3323	0.2125193349
3324	0.2124487816
3325	0.2123915641
3326	0.212301567
3327	0.2122636393
3328	0.2122020223
3329	0.2121274965
3330	0.2120581655
3331	0.2119901226
3332	0.2119431264
3333	0.211934535
3334	0.2118977045
3335	0.2118601025
3336	0.2118250187
3337	0.2117818764
3338	0.2117442767
3339	0.2116825828
3340	0.2115979757
3341	0.2115328973
3342	0.2114942763
3343	0.2114456882
3344	0.21137899
3345	0.2112922273
3346	0.2112711157
3347	0.2112240405
3348	0.2111668997
3349	0.2111043542
3350	0.2110359478
3351	0.2109864392
3352	0.2109370822
3353	0.2108930312
3354	0.2108259494
3355	0.210736662
3356	0.2106870919
3357	0.2106093921
3358	0.2105003835
3359	0.2104074467
3360	0.2103695962
3361	0.2103165106
3362	0.2102619569
3363	0.2102262526
3364	0.2101998207
3365	0.2101410318
3366	0.2100962846
3367	0.2100144419
3368	0.2099570047
3369	0.2099267254
3370	0.2098709785
3371	0.2097972852
3372	0.2097261022
3373	0.2096230713
3374	0.2095874513
3375	0.2095444633
3376	0.2094530062
3377	0.2094093506
3378	0.2093723672
3379	0.2093140484
3380	0.2092704133
3381	0.2092011142
3382	0.2091674811
3383	0.20910508
3384	0.2090474759
3385	0.2089680524
3386	0.2088742118
3387	0.2088238562
3388	0.2087285709
3389	0.2086694809
3390	0.2086139042
3391	0.208598204
3392	0.208562874
3393	0.2085198092
3394	0.2084593615
3395	0.2083955293
3396	0.2083569168
3397	0.2082902585
3398	0.2081976938
3399	0.2081360619
3400	0.2080712532
3401	0.2080322989
3402	0.2079423546
3403	0.2078800705
3404	0.2078546516
3405	0.2077918788
3406	0.2077250861
3407	0.2076723021
3408	0.20759698
3409	0.2075587042
3410	0.2075157085
3411	0.2074898499
3412	0.2074388701
3413	0.2073517127
3414	0.2072594085
3415	0.2072260771
3416	0.2071609354
3417	0.2071004807
3418	0.2070366415
3419	0.2069507939
3420	0.206870442
3421	0.2068007912
3422	0.2067082732
3423	0.2066520049
3424	0.2065964834
3425	0.2065291933
3426	0.2064967418
3427	0.206468134
3428	0.2063976477
3429	0.2063347151
3430	0.2062795165
3431	0.2062214476
3432	0.2061254315
3433	0.2060802965
3434	0.2060678426
3435	0.2060022534
3436	0.2059277589
3437	0.2058103468
3438	0.2057451888
3439	0.2056492928
3440	0.2055822564
3441	0.2055427129
3442	0.2054699405
3443	0.205394102
3444	0.2053209524
3445	0.2052877556
3446	0.2052342794
3447	0.2051519994
3448	0.2051020135
3449	0.205037157
3450	0.2049781578
3451	0.2049381339
3452	0.2048737755
3453	0.204809397
3454	0.2047699124
3455	0.2047263039
3456	0.2046666116
3457	0.2045643703
3458	0.2045232006
3459	0.204492077
3460	0.2044243199
3461	0.204372316
3462	0.20428322
3463	0.2042232232
3464	0.2041788695
3465	0.2041406545
3466	0.204086792
3467	0.2039881955
3468	0.2039279118
3469	0.2038581967
3470	0.2038016964
3471	0.2037428828
3472	0.2037094856
3473	0.2036592592
3474	0.2036046388
3475	0.2035824438
3476	0.203512494
3477	0.203447993
3478	0.2033289607
3479	0.2033006194
3480	0.2032618908
3481	0.2031892108
3482	0.2031571526
3483	0.2030926067
3484	0.203028497
3485	0.2029582109
3486	0.2029191063
3487	0.2028839264
3488	0.2028373467
3489	0.2027855139
3490	0.2026742099
3491	0.2025964857
3492	0.2025508222
3493	0.202508488
3494	0.2024775008
3495	0.2023767714
3496	0.2023436249
3497	0.2022687571
3498	0.2022252405
3499	0.2021727927
3500	0.2021323727
3501	0.2020740308
3502	0.2020356102
3503	0.2020008398
3504	0.2019153288
3505	0.2018504197
3506	0.201811987
3507	0.2017182007
3508	0.201643171
3509	0.2015870057
3510	0.201506463
3511	0.2014308454
3512	0.2013468754
3513	0.2012939517
3514	0.2012436975
3515	0.2011973832
3516	0.2011347831
3517	0.2010811527
3518	0.2010335654
3519	0.2009794273
3520	0.2009227076
3521	0.200873618
3522	0.2008305456
3523	0.2007631856
3524	0.2007032325
3525	0.2006417146
3526	0.2006037922
3527	0.2005107433
3528	0.2004653885
3529	0.2004534405
3530	0.2003936672
3531	0.2003192864
3532	0.2002712086
3533	0.2002033931
3534	0.2001073234
3535	0.2000426699
3536	0.1999825067
3537	0.1999263208
3538	0.1998757535
3539	0.1998246251
3540	0.199740922
3541	0.1997071135
3542	0.1996512886
3543	0.1995372624
3544	0.1994395164
3545	0.1993427136
3546	0.1992936166
3547	0.1992300727
3548	0.1991713949
3549	0.1991118053
3550	0.199058176
3551	0.1990004705
3552	0.1989489881
3553	0.1988945778
3554	0.1988450116
3555	0.198781681
3556	0.1987349819
3557	0.1986768566
3558	0.1985890114
3559	0.1985329104
3560	0.1984585885
3561	0.1984060852
3562	0.1983425024
3563	0.1982580946
3564	0.1982273146
3565	0.1981498416
3566	0.1980739453
3567	0.1980167525
3568	0.1979903953
3569	0.1979175928
3570	0.1978730756
3571	0.1978318215
3572	0.1977832195
3573	0.197719173
3574	0.1976661034
3575	0.1976272562
3576	0.1975879236
3577	0.1975375575
3578	0.1974961251
3579	0.1974485081
3580	0.1973911675
3581	0.1973252669
3582	0.1972983893
3583	0.1972170252
3584	0.1971510755
3585	0.197087129
3586	0.1970303774
3587	0.1969527014
3588	0.1968859429
3589	0.1968399431
3590	0.1967797935
3591	0.1967174081
3592	0.1966406994
3593	0.1965838762
3594	0.1964914694
3595	0.1964470848
3596	0.196412655
3597	0.1963770891
3598	0.1962930668
3599	0.1962417071
3600	0.1962011413
3601	0.1961545696
3602	0.1961189377
3603	0.196075019
3604	0.1960123326
3605	0.1959645959
3606	0.1959196492
3607	0.1958928414
3608	0.1958657817
3609	0.1958073339
3610	0.1957498041
3611	0.195699702
3612	0.19560702
3613	0.1955709984
3614	0.1954772553
3615	0.1954240835
3616	0.1953717699
3617	0.1953008935
3618	0.1952249541
3619	0.195151999
3620	0.1950691067
3621	0.1950271116
3622	0.1949845324
3623	0.1949444403
3624	0.1949024673
3625	0.1948841946
3626	0.1948524052
3627	0.1947860656
3628	0.1947305705
3629	0.1946833121
3630	0.194621788
3631	0.1945634943
3632	0.1945158507
3633	0.1944713669
3634	0.1943892446
3635	0.1943132671
3636	0.1942559518
3637	0.1942262988
3638	0.1941486959
3639	0.1941113167
3640	0.1940361512
3641	0.1939782494
3642	0.1939437231
3643	0.1938953706
3644	0.1938432469
3645	0.1938074879
3646	0.1937592133
3647	0.1937011289
3648	0.1936612932
3649	0.1935866485
3650	0.1935050875
3651	0.1934592422
3652	0.1933967386
3653	0.1933654687
3654	0.1932887351
3655	0.1932209049
3656	0.193166862
3657	0.1930704909
3658	0.1930030002
3659	0.1929112551
3660	0.1928396134
3661	0.1927907311
3662	0.1927407974
3663	0.1927188353
3664	0.1926775161
3665	0.1925866944
3666	0.1925180046
3667	0.1924549152
3668	0.1924201756
3669	0.1923426944
3670	0.1923051373
3671	0.1922805114
3672	0.1922342759
3673	0.1921447258
3674	0.1920948112
3675	0.1920414314
3676	0.1919913838
3677	0.1919330006
3678	0.1918408664
3679	0.1917654759
3680	0.1917107908
3681	0.1916596259
3682	0.1915848956
3683	0.1915210416
3684	0.191477688
3685	0.1913766379
3686	0.1913225963
3687	0.1912589704
3688	0.191202002
3689	0.1911509387
3690	0.1910661793
3691	0.1909988455
3692	0.1909622231
3693	0.190894447
3694	0.1908094115
3695	0.1907684358
3696	0.1907280583
3697	0.1907040135
3698	0.190668496
3699	0.1906271502
3700	0.1905888702
3701	0.1905461344
3702	0.1904965475
3703	0.1904259856
3704	0.1903573165
3705	0.1902958069
3706	0.1902529907
3707	0.1901866183
3708	0.1901190831
3709	0.1900592007
3710	0.1900059811
3711	0.1899522358
3712	0.1898891792
3713	0.1898436413
3714	0.1897659554
3715	0.1897190875
3716	0.1896515449
3717	0.1896035269
3718	0.1895565909
3719	0.1895049745
3720	0.1894643857
3721	0.1894066733
3722	0.1893717519
3723	0.1892767166
3724	0.1892270347
3725	0.1891828567
3726	0.1891420969
3727	0.1890834129
3728	0.1890181011
3729	0.1889956109
3730	0.1889330213
3731	0.1888644154
3732	0.1888176794
3733	0.1887701008
3734	0.1887381242
3735	0.1887186287
3736	0.1886694212
3737	0.1886460865
3738	0.1886191165
3739	0.1885648484
3740	0.188511237
3741	0.1884539497
3742	0.1884088683
3743	0.1883555929
3744	0.1883218024
3745	0.1882396453
3746	0.1881706537
3747	0.1881252085
3748	0.1880897569
3749	0.1880444823
3750	0.1879894157
3751	0.1879340252
3752	0.1879032996
3753	0.1878638949
3754	0.1877923796
3755	0.1877266543
3756	0.1876876259
3757	0.1876477795
3758	0.1875950542
3759	0.1875485576
3760	0.1875135799
3761	0.1874481422
3762	0.1873788601
3763	0.1873308025
3764	0.187281872
3765	0.1872676359
3766	0.1872094176
3767	0.1871841811
3768	0.187105415
3769	0.1870318509
3770	0.186974949
3771	0.186875121
3772	0.1868475763
3773	0.1868011538
3774	0.1867690512
3775	0.1867178802
3776	0.1866603947
3777	0.1865714345
3778	0.1865373124
3779	0.1865085601
3780	0.1864230138
3781	0.1863615479
3782	0.1863064975
3783	0.1862601414
3784	0.1862034806
3785	0.1861597428
3786	0.1861278382
3787	0.1860867025
3788	0.186027088
3789	0.1859835706
3790	0.185934443
3791	0.1858747675
3792	0.185855375
3793	0.1858222455
3794	0.185784337
3795	0.1857276514
3796	0.1856415149
3797	0.1856241018
3798	0.1855794039
3799	0.1855337716
3800	0.18550214
3801	0.1854684212
3802	0.1854563381
3803	0.1854114679
3804	0.185347948
3805	0.1852974459
3806	0.1852418766
3807	0.185201939
3808	0.1851569949
3809	0.1851202613
3810	0.1850899705
3811	0.1850293356
3812	0.1849940519
3813	0.1849594077
3814	0.1849203122
3815	0.1848919243
3816	0.1848676661
3817	0.1848102338
3818	0.1847596075
3819	0.1847312393
3820	0.184695054
3821	0.1846497782
3822	0.1845971991
3823	0.1845475101
3824	0.1845009868
3825	0.1844438271
3826	0.1843805226
3827	0.1843276081
3828	0.1842928719
3829	0.184243734
3830	0.184216714
3831	0.184137313
3832	0.1841110396
3833	0.1840643512
3834	0.183979839
3835	0.1839180476
3836	0.1838725061
3837	0.1838191167
3838	0.1837522786
3839	0.1836915356
3840	0.1836195209
3841	0.1835643757
3842	0.1835043247
3843	0.183462961
3844	0.1833754837
3845	0.1833275389
3846	0.1832183697
3847	0.1831928476
3848	0.183127888
3849	0.1830582728
3850	0.1829850286
3851	0.1829590988
3852	0.1828742255
3853	0.1828149318
3854	0.1827602755
3855	0.1827268929
3856	0.1826771078
3857	0.1826391463
3858	0.1825678801
3859	0.182514427
3860	0.1824365331
3861	0.1823737794
3862	0.1822967594
3863	0.1822415201
3864	0.1821990701
3865	0.1821806295
3866	0.1821648184
3867	0.1821323722
3868	0.1820940317
3869	0.1820312774
3870	0.181980924
3871	0.1819203676
3872	0.1818807999
3873	0.1818366139
3874	0.1817768099
3875	0.1817320185
3876	0.1816714055
3877	0.181607371
3878	0.181552275
3879	0.1815112953
3880	0.1814734189
3881	0.1814229665
3882	0.1813693187
3883	0.181351995
3884	0.1812953883
3885	0.1812348267
3886	0.1811856813
3887	0.1811319359
3888	0.1810949856
3889	0.1810484905
3890	0.1810134574
3891	0.1809670299
3892	0.1809024317
3893	0.1808500716
3894	0.180796454
3895	0.1807648195
3896	0.1807454765
3897	0.1806984292
3898	0.1806616013
3899	0.1806411808
3900	0.1806112102
3901	0.1805678011
3902	0.1805070377
3903	0.1804606182
3904	0.1804381315
3905	0.1804148245
3906	0.1803447141
3907	0.1803144906
3908	0.1802665675
3909	0.1801890745
3910	0.1801182779
3911	0.1801036964
3912	0.1800827119
3913	0.1800574646
3914	0.1800016291
3915	0.1799598655
3916	0.1799046299
3917	0.1798544016
3918	0.1798013863
3919	0.1797717448
3920	0.179717196
3921	0.179671026
3922	0.1796203862
3923	0.1795947511
3924	0.1795402222
3925	0.1794639994
3926	0.1794273991
3927	0.1793931682
3928	0.179355105
3929	0.1792673148
3930	0.1792109517
3931	0.1791261478
3932	0.1790657563
3933	0.1790375634
3934	0.1790100795
3935	0.1789477066
3936	0.1789091256
3937	0.1788681962
3938	0.1788455917
3939	0.1788015516
3940	0.1787632677
3941	0.1787308738
3942	0.1786704945
3943	0.1786300949
3944	0.1785722463
3945	0.1785201379
3946	0.1784927172
3947	0.1784563938
3948	0.1783831836
3949	0.1783231062
3950	0.1782671174
3951	0.1782349489
3952	0.1781863176
3953	0.1781445284
3954	0.1780874405
3955	0.1779727998
3956	0.1779265395
3957	0.1778670497
3958	0.177791876
3959	0.1777555739
3960	0.1776965077
3961	0.1776115889
3962	0.1775767374
3963	0.1775176175
3964	0.177490017
3965	0.1774765418
3966	0.1774083317
3967	0.1773764122
3968	0.1773406674
3969	0.1773143478
3970	0.1772611443
3971	0.1772159592
3972	0.1771730866
3973	0.1771408387
3974	0.1770745298
3975	0.1770024534
3976	0.1769114724
3977	0.1768864858
3978	0.1768387136
3979	0.176797034
3980	0.1767316154
3981	0.1766593957
3982	0.1766159591
3983	0.1765977529
3984	0.1765171179
3985	0.1764713564
3986	0.176419457
3987	0.1763576368
3988	0.1763464274
3989	0.1762796085
3990	0.1762182936
3991	0.1761894096
3992	0.1761578054
3993	0.1761305345
3994	0.1760837028
3995	0.175986327
3996	0.1759484049
3997	0.1758942875
3998	0.1758258799
3999	0.1757838805
4000	0.1757219375
4001	0.1757082534
4002	0.1756667053
4003	0.1756343171
4004	0.1755998797
4005	0.1755358327
4006	0.1754980696
4007	0.1754472694
4008	0.1754133714
4009	0.175351986
4010	0.1752758093
4011	0.1752420645
4012	0.1751989321
4013	0.17517764
4014	0.1751599033
4015	0.1751061848
4016	0.175043218
4017	0.1749944133
4018	0.1749518313
4019	0.1749139742
4020	0.1748445946
4021	0.1748258673
4022	0.1747796005
4023	0.174728897
4024	0.1746798996
4025	0.1746175844
4026	0.1745600603
4027	0.1745383373
4028	0.1744945692
4029	0.1744508519
4030	0.1744099105
4031	0.1743852582
4032	0.1743628074
4033	0.1742882006
4034	0.1742428497
4035	0.1741984902
4036	0.1741620759
4037	0.1741459196
4038	0.1740893828
4039	0.1740191447
4040	0.1739680207
4041	0.1739194368
4042	0.1738581589
4043	0.1737992887
4044	0.173776593
4045	0.1737273865
4046	0.173645063
4047	0.1736181377
4048	0.1735510163
4049	0.1734722724
4050	0.1734338469
4051	0.1733969061
4052	0.1733540774
4053	0.1733295761
4054	0.1732858842
4055	0.1732332951
4056	0.173150447
4057	0.1730995561
4058	0.1730720171
4059	0.1729964604
4060	0.1729573969
4061	0.1729289116
4062	0.1728517841
4063	0.1728167939
4064	0.1727816833
4065	0.1727327122
4066	0.1727137408
4067	0.1726833078
4068	0.1726107806
4069	0.1725681197
4070	0.172504907
4071	0.1724472432
4072	0.1723854463
4073	0.1723522533
4074	0.1722979418
4075	0.1722511258
4076	0.1721856267
4077	0.172138494
4078	0.1720908242
4079	0.1720410173
4080	0.1720062173
4081	0.1719601585
4082	0.1719062044
4083	0.171856099
4084	0.1717804991
4085	0.1717306689
4086	0.171705926
4087	0.1716581728
4088	0.1716286956
4089	0.1715770333
4090	0.1715298124
4091	0.1714932528
4092	0.171413521
4093	0.171395221
4094	0.1713386109
4095	0.1713027233
4096	0.1712655187
4097	0.1711936074
4098	0.171131605
4099	0.1710787743
4100	0.1710513278
4101	0.1709975619
4102	0.1709731186
4103	0.1709262497
4104	0.1708762683
4105	0.1708433098
4106	0.1707913917
4107	0.1707717794
4108	0.1707427995
4109	0.1707044253
4110	0.1706573158
4111	0.170614945
4112	0.1705658904
4113	0.1705331634
4114	0.170483234
4115	0.1704192663
4116	0.1703785698
4117	0.1703520954
4118	0.1702990427
4119	0.1702529312
4120	0.1702401073
4121	0.1701774974
4122	0.1701172097
4123	0.1700828516
4124	0.1700389722
4125	0.1700081404
4126	0.1699702093
4127	0.169933277
4128	0.1698971303
4129	0.1698956418
4130	0.1698548831
4131	0.1698168687
4132	0.1697798452
4133	0.16974871
4134	0.1696895084
4135	0.1696651049
4136	0.1696381955
4137	0.1695970124
4138	0.1695677931
4139	0.1695280632
4140	0.1694751389
4141	0.1694136558
4142	0.1693940113
4143	0.1693372997
4144	0.1693123792
4145	0.1692693759
4146	0.169215569
4147	0.169170388
4148	0.1691445371
4149	0.1690842364
4150	0.1690405196
4151	0.1690048185
4152	0.1689798929
4153	0.1689306426
4154	0.1688970884
4155	0.1688488362
4156	0.1688128055
4157	0.1687670265
4158	0.1687384494
4159	0.1687049659
4160	0.1686426093
4161	0.1685984083
4162	0.1685337758
4163	0.1684840246
4164	0.1684411625
4165	0.1684164109
4166	0.1683847506
4167	0.1683374841
4168	0.1683089359
4169	0.1682788902
4170	0.1682367792
4171	0.1681897932
4172	0.1681455097
4173	0.16810735
4174	0.1680565321
4175	0.168015838
4176	0.1679722713
4177	0.167905354
4178	0.1678795871
4179	0.1678053131
4180	0.1677824053
4181	0.1677364439
4182	0.1677111385
4183	0.1676653507
4184	0.1676327784
4185	0.1675587029
4186	0.1675277832
4187	0.1674885435
4188	0.1674429393
4189	0.1673989378
4190	0.1673761359
4191	0.1673417648
4192	0.1672790758
4193	0.1672473148
4194	0.1672253718
4195	0.1671678874
4196	0.1671398372
4197	0.1670796987
4198	0.1670282181
4199	0.1669747121
4200	0.1669085251
4201	0.1668610821
4202	0.1668293995
4203	0.1667935625
4204	0.1667240515
4205	0.1666939474
4206	0.1666640797
4207	0.1666171428
4208	0.16657204
4209	0.1665242823
4210	0.1664576177
4211	0.1664259238
4212	0.1663916899
4213	0.1663739436
4214	0.1663220198
4215	0.1662835307
4216	0.1662322429
4217	0.1662027127
4218	0.1661239218
4219	0.166096094
4220	0.1660685422
4221	0.165998886
4222	0.1659317211
4223	0.1659033
4224	0.1658590178
4225	0.1658303615
4226	0.1657947352
4227	0.1657725343
4228	0.1657129303
4229	0.1656891006
4230	0.1656499225
4231	0.1655629412
4232	0.1655152668
4233	0.1654934669
4234	0.1654502358
4235	0.1654336372
4236	0.1653727651
4237	0.1653265517
4238	0.1653013129
4239	0.1652703996
4240	0.1652230468
4241	0.1651923667
4242	0.1651351764
4243	0.1650687492
4244	0.1650246974
4245	0.1649841123
4246	0.1649336679
4247	0.1648729802
4248	0.1648229358
4249	0.1647847898
4250	0.1647113206
4251	0.1646644433
4252	0.1645815082
4253	0.1645319772
4254	0.1644915943
4255	0.164432171
4256	0.1644078337
4257	0.1643752894
4258	0.1643257395
4259	0.164297532
4260	0.1642512696
4261	0.1641984329
4262	0.164134841
4263	0.1640847942
4264	0.1640350548
4265	0.1639768727
4266	0.1639549868
4267	0.1639251143
4268	0.163893103
4269	0.1638506011
4270	0.1637914735
4271	0.1637370064
4272	0.1637024357
4273	0.1636589241
4274	0.1636102037
4275	0.1635667331
4276	0.1635094234
4277	0.1634800906
4278	0.1634089611
4279	0.1633417552
4280	0.1633270857
4281	0.1632566342
4282	0.1631768746
4283	0.1631449961
4284	0.1631211518
4285	0.1631049355
4286	0.1630645576
4287	0.1629938932
4288	0.1629679895
4289	0.1629361787
4290	0.1628841149
4291	0.1628321407
4292	0.1627980762
4293	0.1627298376
4294	0.1626859788
4295	0.1626561705
4296	0.162618571
4297	0.1625686679
4298	0.1625196037
4299	0.1624508891
4300	0.1624075513
4301	0.1623710541
4302	0.1623326809
4303	0.1622789191
4304	0.1622393741
4305	0.1622060251
4306	0.1621811288
4307	0.1621295464
4308	0.1620921873
4309	0.1620462448
4310	0.162025711
4311	0.1619792573
4312	0.1619278239
4313	0.1618918232
4314	0.1618606245
4315	0.1617774669
4316	0.1617106665
4317	0.1616672518
4318	0.1616201751
4319	0.161597078
4320	0.1615830989
4321	0.1615639132
4322	0.1615442391
4323	0.1615151433
4324	0.1614669543
4325	0.1614232697
4326	0.1613816167
4327	0.1613197171
4328	0.1612789612
4329	0.1612390575
4330	0.1612124066
4331	0.1611627368
4332	0.1610949508
4333	0.1610313872
4334	0.1609840751
4335	0.1609540142
4336	0.1609071368
4337	0.1608560606
4338	0.1608092782
4339	0.1607421528
4340	0.1606568323
4341	0.1605963232
4342	0.1605519169
4343	0.1605229755
4344	0.1604683224
4345	0.160440369
4346	0.1604124571
4347	0.1603817065
4348	0.160346319
4349	0.1603000959
4350	0.1602500801
4351	0.1601926156
4352	0.1601636507
4353	0.1601178162
4354	0.1600948996
4355	0.1600566409
4356	0.1600438565
4357	0.1600120577
4358	0.1599663706
4359	0.1599023354
4360	0.159854945
4361	0.1598243391
4362	0.1598033818
4363	0.1597505594
4364	0.1597264613
4365	0.1596775375
4366	0.1596458074
4367	0.1596071084
4368	0.1595901574
4369	0.1595214851
4370	0.1594975029
4371	0.1594474557
4372	0.1594086572
4373	0.1593590287
4374	0.1593111716
4375	0.1592748262
4376	0.15923478
4377	0.1592019999
4378	0.1591661252
4379	0.1591249201
4380	0.1590513258
4381	0.1590148051
4382	0.1589820809
4383	0.1589464404
4384	0.1588727526
4385	0.1588406784
4386	0.1588015945
4387	0.158758813
4388	0.1587432378
4389	0.1587097574
4390	0.1586726038
4391	0.1586159736
4392	0.1585785055
4393	0.1585403105
4394	0.1584715638
4395	0.1584121812
4396	0.1583766549
4397	0.1583436253
4398	0.1582889339
4399	0.158258708
4400	0.1582004561
4401	0.1581655462
4402	0.1581238697
4403	0.1580596228
4404	0.1580275793
4405	0.1580053331
4406	0.1579541938
4407	0.1579030468
4408	0.1578797789
4409	0.1578272521
4410	0.1577953775
4411	0.1577633302
4412	0.1577435194
4413	0.1577163627
4414	0.1576814214
4415	0.1576418499
4416	0.1575692097
4417	0.1575195032
4418	0.157480321
4419	0.1574075706
4420	0.1573782376
4421	0.157316562
4422	0.1572840698
4423	0.1572423691
4424	0.1571955
4425	0.157160265
4426	0.1571412518
4427	0.1571074368
4428	0.1570565639
4429	0.1570427929
4430	0.1569679168
4431	0.1569331964
4432	0.156901193
4433	0.156853865
4434	0.1568054766
4435	0.1567714606
4436	0.1567332439
4437	0.1566913784
4438	0.1566430938
4439	0.1565962398
4440	0.1565462425
4441	0.1565228279
4442	0.1564841998
4443	0.1564382625
4444	0.1563899929
4445	0.156338208
4446	0.1562964007
4447	0.1562648917
4448	0.1562347698
4449	0.1561850955
4450	0.1561411376
4451	0.1561120233
4452	0.1560606068
4453	0.1560169663
4454	0.1559876785
4455	0.1559487669
4456	0.1558906784
4457	0.155860205
4458	0.1558131511
4459	0.1557891924
4460	0.155747606
4461	0.1557211941
4462	0.1556647131
4463	0.1556148248
4464	0.1555991491
4465	0.1555454312
4466	0.1554935042
4467	0.1554443508
4468	0.1553978138
4469	0.1553446785
4470	0.1553243796
4471	0.1552629997
4472	0.1552370627
4473	0.1551991536
4474	0.1551649409
4475	0.1551095792
4476	0.1550652391
4477	0.155020623
4478	0.1549799343
4479	0.1549285787
4480	0.1549073711
4481	0.1548587933
4482	0.1548173436
4483	0.1547844334
4484	0.1547368217
4485	0.1546965806
4486	0.1546367868
4487	0.1545639876
4488	0.1544995986
4489	0.1544531898
4490	0.1544156607
4491	0.1543897528
4492	0.1543713133
4493	0.1543576507
4494	0.1543246889
4495	0.1542980026
4496	0.1542486264
4497	0.1541891527
4498	0.1541561361
4499	0.1541055849
4500	0.1540910592
4501	0.1540687096
4502	0.1540308
4503	0.1539902133
4504	0.1539644308
4505	0.1539074384
4506	0.1538850449
4507	0.1538670806
4508	0.1538351803
4509	0.1537840518
4510	0.1537283927
4511	0.1537147673
4512	0.1536562106
4513	0.153628704
4514	0.1535545843
4515	0.1535223463
4516	0.1534911216
4517	0.1534439549
4518	0.1533940437
4519	0.1533555963
4520	0.1533128849
4521	0.1532803824
4522	0.153247069
4523	0.1531989211
4524	0.1531615422
4525	0.153111522
4526	0.1530693925
4527	0.1530436165
4528	0.1529678632
4529	0.15292559
4530	0.1528867051
4531	0.1528479876
4532	0.1528073724
4533	0.1527563903
4534	0.1527243736
4535	0.1526698107
4536	0.1526347924
4537	0.152610617
4538	0.1525668313
4539	0.152522751
4540	0.1524979011
4541	0.1524258718
4542	0.1523911292
4543	0.1523599982
4544	0.1523121045
4545	0.1522685872
4546	0.1522496107
4547	0.1522154668
4548	0.1521798795
4549	0.1521360841
4550	0.1520975166
4551	0.1520601085
4552	0.1520175116
4553	0.1519663488
4554	0.1518855139
4555	0.1518569695
4556	0.1518092935
4557	0.1517833374
4558	0.1517230875
4559	0.151687921
4560	0.1516378576
4561	0.1516055476
4562	0.1515825528
4563	0.1515400347
4564	0.1514997561
4565	0.1514682049
4566	0.1514323098
4567	0.1513602023
4568	0.1513125542
4569	0.1512659249
4570	0.1512294715
4571	0.1511765993
4572	0.1511287847
4573	0.1510522903
4574	0.1509876644
4575	0.1509362404
4576	0.1508733079
4577	0.1508484851
4578	0.150809268
4579	0.1507956207
4580	0.1507744568
4581	0.1507451744
4582	0.1507040129
4583	0.1506555241
4584	0.1506225936
4585	0.1505694102
4586	0.1505236497
4587	0.1504634106
4588	0.1504234069
4589	0.1503778119
4590	0.1503282196
4591	0.1503005699
4592	0.1502515259
4593	0.1502043096
4594	0.1501409553
4595	0.1501112212
4596	0.1500791684
4597	0.1500311379
4598	0.1499938705
4599	0.149961188
4600	0.1499281237
4601	0.1498792069
4602	0.1498277155
4603	0.1498000596
4604	0.1497799327
4605	0.1497485155
4606	0.1497231645
4607	0.1496799383
4608	0.1496512626
4609	0.1496243445
4610	0.1495908732
4611	0.1495607417
4612	0.1495133866
4613	0.1494787934
4614	0.149460674
4615	0.149420782
4616	0.1493738022
4617	0.1493425349
4618	0.1492934167
4619	0.1492500874
4620	0.1492170355
4621	0.1491672336
4622	0.1491228841
4623	0.1490736753
4624	0.1490450191
4625	0.1490089318
4626	0.1489680982
4627	0.1489317517
4628	0.1488924468
4629	0.1488432983
4630	0.1488078176
4631	0.1487765998
4632	0.1487358741
4633	0.1486739543
4634	0.1486191455
4635	0.1485918754
4636	0.1485634391
4637	0.1485282269
4638	0.1484710811
4639	0.1484281779
4640	0.1483750338
4641	0.1483515251
4642	0.1483052054
4643	0.1482836146
4644	0.1482516651
4645	0.1482206422
4646	0.1481904945
4647	0.1481714206
4648	0.1481198834
4649	0.1480657414
4650	0.1480232015
4651	0.1479927727
4652	0.1479567505
4653	0.1479094262
4654	0.1478833037
4655	0.1478455326
4656	0.147803302
4657	0.1477710274
4658	0.1477276097
4659	0.1476914056
4660	0.1476687352
4661	0.1476343066
4662	0.1475866419
4663	0.1475631662
4664	0.1475265898
4665	0.147487571
4666	0.1474528011
4667	0.1474223798
4668	0.1473925901
4669	0.1473627651
4670	0.1473269411
4671	0.1472573551
4672	0.1472168137
4673	0.1471808702
4674	0.1471214503
4675	0.1470533785
4676	0.1470249134
4677	0.1469784314
4678	0.1469458144
4679	0.146891277
4680	0.146839939
4681	0.1468029587
4682	0.146789877
4683	0.1467540848
4684	0.1467181212
4685	0.1466775133
4686	0.1466386313
4687	0.146586071
4688	0.14654848
4689	0.1465065771
4690	0.1464782915
4691	0.1464533491
4692	0.1464222799
4693	0.1463898824
4694	0.146344926
4695	0.1463261581
4696	0.1462916251
4697	0.1462649989
4698	0.1462379484
4699	0.1461893277
4700	0.1461488382
4701	0.146109201
4702	0.146067104
4703	0.1460191088
4704	0.1459992398
4705	0.1459605168
4706	0.1459284451
4707	0.1458989618
4708	0.145865926
4709	0.1458437013
4710	0.1458107161
4711	0.1457544984
4712	0.1457254942
4713	0.145662294
4714	0.1456253965
4715	0.1455895995
4716	0.145563395
4717	0.1455440909
4718	0.1455130455
4719	0.1454816172
4720	0.1454270761
4721	0.1453762985
4722	0.1453479114
4723	0.14530144
4724	0.1452749288
4725	0.1452516749
4726	0.145202041
4727	0.1451551578
4728	0.1451371891
4729	0.1450754314
4730	0.1450566479
4731	0.1450352343
4732	0.1449951543
4733	0.1449582926
4734	0.1449020234
4735	0.1448646628
4736	0.144831321
4737	0.1447861712
4738	0.1447663528
4739	0.1447485939
4740	0.1447144751
4741	0.1446812994
4742	0.1446581639
4743	0.1446441106
4744	0.14460357
4745	0.1445418007
4746	0.1444958194
4747	0.1444559838
4748	0.1444135609
4749	0.1443597244
4750	0.1443070034
4751	0.144275161
4752	0.1442228505
4753	0.1442009378
4754	0.1441735931
4755	0.1441328465
4756	0.144103928
4757	0.1440571895
4758	0.1440137621
4759	0.1439812313
4760	0.1439390324
4761	0.1438960698
4762	0.1438722581
4763	0.1438288216
4764	0.1437718785
4765	0.1437320271
4766	0.1436805205
4767	0.1436594503
4768	0.1436259813
4769	0.1435709231
4770	0.1435329222
4771	0.143486866
4772	0.1434409756
4773	0.1434055969
4774	0.1433741833
4775	0.1433612391
4776	0.143348701
4777	0.1433266036
4778	0.1432833143
4779	0.1432492679
4780	0.1432061441
4781	0.143192223
4782	0.1431526409
4783	0.1431290105
4784	0.1430689132
4785	0.1430177058
4786	0.1429964046
4787	0.1429693108
4788	0.1429309
4789	0.142899973
4790	0.1428686922
4791	0.1428251073
4792	0.1427417752
4793	0.1427048815
4794	0.1426911181
4795	0.1426356077
4796	0.1425887943
4797	0.1425577813
4798	0.1425219846
4799	0.1424902802
4800	0.1424344137
4801	0.142412009
4802	0.1423764813
4803	0.1423245849
4804	0.1422779973
4805	0.1422305669
4806	0.1421953792
4807	0.1421805314
4808	0.1421294847
4809	0.1420860133
4810	0.1420491862
4811	0.1420075143
4812	0.1419580939
4813	0.1419327448
4814	0.1418914834
4815	0.1418613206
4816	0.1418275912
4817	0.1418088107
4818	0.1417855617
4819	0.1417418026
4820	0.1416888722
4821	0.1416537885
4822	0.1416076792
4823	0.141576623
4824	0.141549021
4825	0.1415109235
4826	0.141473042
4827	0.1414178378
4828	0.1413927869
4829	0.1413649985
4830	0.1413429692
4831	0.1413271835
4832	0.1413052098
4833	0.1412660745
4834	0.1412378036
4835	0.1412131437
4836	0.1411482478
4837	0.1411031496
4838	0.141053892
4839	0.1410302061
4840	0.140971128
4841	0.1409335236
4842	0.1408836956
4843	0.1408376714
4844	0.1407778011
4845	0.1407502278
4846	0.1406958429
4847	0.1406590923
4848	0.1406251678
4849	0.1405910042
4850	0.140548721
4851	0.1405164744
4852	0.1404803464
4853	0.1404311269
4854	0.1403817739
4855	0.1403302166
4856	0.1402961804
4857	0.1402584026
4858	0.1401963143
4859	0.1401517606
4860	0.140101408
4861	0.1400771688
4862	0.1400406535
4863	0.1400194106
4864	0.1399741377
4865	0.139943437
4866	0.1398976886
4867	0.1398439761
4868	0.1398143469
4869	0.139774616
4870	0.1397455243
4871	0.1396902398
4872	0.1396676749
4873	0.139644017
4874	0.1396034558
4875	0.1395446247
4876	0.1395058445
4877	0.1394693988
4878	0.139445218
4879	0.1394088216
4880	0.1393776993
4881	0.1393541715
4882	0.1393057467
4883	0.139270695
4884	0.1392253079
4885	0.1391933941
4886	0.1391672466
4887	0.1391404395
4888	0.1391119081
4889	0.1390714854
4890	0.1390505319
4891	0.139011985
4892	0.1389828423
4893	0.1389577705
4894	0.1389248841
4895	0.1388950713
4896	0.1388585317
4897	0.138829378
4898	0.1387896425
4899	0.1387359915
4900	0.1387032451
4901	0.1386567414
4902	0.1386251408
4903	0.1385973947
4904	0.1385566442
4905	0.1385402346
4906	0.1385272497
4907	0.1384957407
4908	0.1384722912
4909	0.1384472082
4910	0.1384303514
4911	0.1383930367
4912	0.1383644222
4913	0.1383360116
4914	0.1382674837
4915	0.1382326632
4916	0.1381960019
4917	0.1381632376
4918	0.1381338437
4919	0.1381089743
4920	0.1380779136
4921	0.1380552092
4922	0.1380117879
4923	0.1379727521
4924	0.1379281881
4925	0.1378930846
4926	0.1378761292
4927	0.1378387317
4928	0.1378156276
4929	0.1378026131
4930	0.1377592457
4931	0.13773488
4932	0.1376996237
4933	0.1376675744
4934	0.1376443513
4935	0.137634349
4936	0.1375936483
4937	0.1375553461
4938	0.1375100836
4939	0.1374908226
4940	0.1374472615
4941	0.1374399808
4942	0.1374113661
4943	0.1373736101
4944	0.1373428813
4945	0.137313072
4946	0.1372969943
4947	0.1372478619
4948	0.1372180371
4949	0.1371828636
4950	0.137147861
4951	0.1371350616
4952	0.1371043425
4953	0.1370572073
4954	0.1370385121
4955	0.1369975425
4956	0.1369707661
4957	0.1369470708
4958	0.136916942
4959	0.136894067
4960	0.1368645337
4961	0.136842813
4962	0.136826708
4963	0.1367833199
4964	0.1367357526
4965	0.1367264146
4966	0.1366879728
4967	0.1366551972
4968	0.136599263
4969	0.1365309
4970	0.1364986448
4971	0.136463391
4972	0.1364336206
4973	0.1363938906
4974	0.1363589001
4975	0.1363343836
4976	0.1363031776
4977	0.1362526454
4978	0.1362004184
4979	0.1361802554
4980	0.1361623267
4981	0.1361195053
4982	0.1360837313
4983	0.1360694681
4984	0.1360347641
4985	0.1360109802
4986	0.1359824564
4987	0.135950431
4988	0.1359036458
4989	0.1358703253
4990	0.1358387305
4991	0.1358096545
4992	0.1357628543
4993	0.1357399445
4994	0.1357153706
4995	0.1356942385
4996	0.1356586247
4997	0.1356361329
4998	0.1355917537
4999	0.1355715976
5000	0.135541392
5001	0.1355179358
5002	0.1354947086
5003	0.1354670231
5004	0.1354565724
5005	0.1354120988
5006	0.1353703381
5007	0.1353220171
5008	0.135276335
5009	0.1352383389
5010	0.1352113995
5011	0.135170201
5012	0.135151357
5013	0.1351156852
5014	0.1350756136
5015	0.1350508573
5016	0.1350018618
5017	0.1349635225
5018	0.1349468187
5019	0.1349222504
5020	0.1348854106
5021	0.1348545824
5022	0.1348245674
5023	0.1347670622
5024	0.1347223955
5025	0.1346984146
5026	0.1346424461
5027	0.1345970413
5028	0.1345495307
5029	0.1345363851
5030	0.1345111286
5031	0.1344752804
5032	0.1344257588
5033	0.1344022171
5034	0.1343846834
5035	0.1343475632
5036	0.1343053133
5037	0.134282446
5038	0.1342557444
5039	0.1342176623
5040	0.1341791574
5041	0.1341261367
5042	0.1341041647
5043	0.134076906
5044	0.1340406744
5045	0.1340071924
5046	0.1339862917
5047	0.1339170479
5048	0.1338754217
5049	0.1338499163
5050	0.1338086855
5051	0.1337681467
5052	0.1337094341
5053	0.1336742769
5054	0.1336456187
5055	0.1336103658
5056	0.1335764417
5057	0.133551412
5058	0.1335131683
5059	0.1334882506
5060	0.1334320062
5061	0.1333945204
5062	0.1333650056
5063	0.1333208342
5064	0.1332934417
5065	0.1332574209
5066	0.1332285424
5067	0.1331896154
5068	0.1331646231
5069	0.1331410364
5070	0.133107814
5071	0.1330887809
5072	0.1330791107
5073	0.1330409946
5074	0.1330171399
5075	0.1329727041
5076	0.1329184868
5077	0.1329026054
5078	0.1328623629
5079	0.1328163518
5080	0.1327886711
5081	0.1327325482
5082	0.1326945971
5083	0.1326619884
5084	0.1326258535
5085	0.1325881711
5086	0.132556308
5087	0.1325248657
5088	0.1325064022
5089	0.1324693747
5090	0.1324285882
5091	0.1323977616
5092	0.1323492679
5093	0.132305743
5094	0.1322707903
5095	0.1322447038
5096	0.1322123627
5097	0.1321891478
5098	0.1321646709
5099	0.1321485998
5100	0.1321078612
5101	0.132054924
5102	0.1320205112
5103	0.1319964888
5104	0.1319871895
5105	0.131957749
5106	0.131915562
5107	0.1318812294
5108	0.1318501264
5109	0.1318120244
5110	0.1317655235
5111	0.1317208072
5112	0.1316853783
5113	0.1316467532
5114	0.1316218752
5115	0.1315679324
5116	0.1315415077
5117	0.1315144511
5118	0.1314709392
5119	0.1314421083
5120	0.1314197754
5121	0.1313796152
5122	0.1313578464
5123	0.1313327931
5124	0.13129308
5125	0.1312707805
5126	0.1312458031
5127	0.1312022566
5128	0.1311745892
5129	0.1311505851
5130	0.1311266796
5131	0.1310770365
5132	0.1310539002
5133	0.1310303837
5134	0.130996765
5135	0.1309871376
5136	0.1309632862
5137	0.1309087297
5138	0.1308785217
5139	0.130829569
5140	0.1308054593
5141	0.13078014
5142	0.1307582936
5143	0.1307109899
5144	0.1306537589
5145	0.1306158817
5146	0.1305877758
5147	0.1305680571
5148	0.1305500926
5149	0.1305227339
5150	0.1304898889
5151	0.130448313
5152	0.1304183947
5153	0.130398355
5154	0.1303678047
5155	0.1303134135
5156	0.1302751626
5157	0.130248587
5158	0.1302194529
5159	0.1301799386
5160	0.1301357484
5161	0.130111677
5162	0.1300798125
5163	0.1300468599
5164	0.1300006618
5165	0.1299777597
5166	0.1299373109
5167	0.1299171338
5168	0.1298820159
5169	0.1298609111
5170	0.1298455016
5171	0.1298098969
5172	0.1297720395
5173	0.1297509094
5174	0.1297283145
5175	0.1297145241
5176	0.1297016532
5177	0.1296819646
5178	0.1296744303
5179	0.1296338508
5180	0.1295982366
5181	0.1295676448
5182	0.1295169327
5183	0.1294785318
5184	0.1294564539
5185	0.1294044329
5186	0.1293839609
5187	0.1293677593
5188	0.1293379944
5189	0.1292780194
5190	0.1292394113
5191	0.1291998708
5192	0.1291540215
5193	0.1291133197
5194	0.1291017271
5195	0.1290504931
5196	0.1290412834
5197	0.1290107789
5198	0.1289554434
5199	0.1289208284
5200	0.128903185
5201	0.1288603836
5202	0.1288239632
5203	0.1287967027
5204	0.1287385376
5205	0.1287119872
5206	0.1286677225
5207	0.128616429
5208	0.1285744056
5209	0.1285550234
5210	0.1285413187
5211	0.1285152704
5212	0.1284839633
5213	0.1284463172
5214	0.1284154637
5215	0.128382561
5216	0.1283493743
5217	0.1283194601
5218	0.1282950069
5219	0.1282765241
5220	0.1282331939
5221	0.128199264
5222	0.128168079
5223	0.1281415962
5224	0.1281019954
5225	0.1280814845
5226	0.1280520302
5227	0.1280223376
5228	0.1279928313
5229	0.1279684065
5230	0.1279340954
5231	0.1278934153
5232	0.1278643671
5233	0.1278289928
5234	0.1277810084
5235	0.1277507342
5236	0.1277192777
5237	0.1276865841
5238	0.1276665369
5239	0.1276409626
5240	0.1276120012
5241	0.1275848851
5242	0.1275559612
5243	0.1275315243
5244	0.1274854909
5245	0.1274500656
5246	0.1274281054
5247	0.1273820002
5248	0.1273503913
5249	0.1272933354
5250	0.1272759226
5251	0.1272523108
5252	0.1272084123
5253	0.1271626421
5254	0.1271418665
5255	0.1270826622
5256	0.127057184
5257	0.1270092727
5258	0.1269740165
5259	0.1269450413
5260	0.1269176471
5261	0.1268892225
5262	0.1268590811
5263	0.1268222613
5264	0.1267936531
5265	0.1267597468
5266	0.1267334721
5267	0.1267031763
5268	0.1266887403
5269	0.1266689732
5270	0.1266515346
5271	0.1266239796
5272	0.1265973143
5273	0.1265655158
5274	0.1265497236
5275	0.126498756
5276	0.1264876485
5277	0.1264477761
5278	0.1263871101
5279	0.1263618591
5280	0.1263407127
5281	0.1263149987
5282	0.1262862604
5283	0.1262702655
5284	0.1262543565
5285	0.1262341359
5286	0.126201072
5287	0.1261574077
5288	0.1261243243
5289	0.1260956821
5290	0.1260521307
5291	0.1260044681
5292	0.1259773573
5293	0.1259455737
5294	0.1259181093
5295	0.1258865728
5296	0.1258371831
5297	0.1258276476
5298	0.125792729
5299	0.1257633407
5300	0.1257315591
5301	0.1256962073
5302	0.1256681656
5303	0.1256290021
5304	0.1255891123
5305	0.1255574622
5306	0.1254899121
5307	0.1254619379
5308	0.1254383056
5309	0.1254086432
5310	0.125385862
5311	0.1253626383
5312	0.1253450596
5313	0.1253162742
5314	0.125257698
5315	0.1252128776
5316	0.1251751921
5317	0.1251491597
5318	0.1251278084
5319	0.1250964253
5320	0.1250576538
5321	0.1250353663
5322	0.1249972363
5323	0.1249724939
5324	0.1249503822
5325	0.1249234355
5326	0.1248954738
5327	0.1248568715
5328	0.1248352717
5329	0.1247991352
5330	0.1247715801
5331	0.1247437593
5332	0.1246956491
5333	0.1246669432
5334	0.1245962125
5335	0.1245646396
5336	0.1245225144
5337	0.1245019721
5338	0.1244705375
5339	0.1244341382
5340	0.1244067777
5341	0.1243630478
5342	0.1243374907
5343	0.124282906
5344	0.1242519238
5345	0.1242259408
5346	0.1241956733
5347	0.124163706
5348	0.1241497278
5349	0.1241207157
5350	0.1240745102
5351	0.1240400423
5352	0.1239943928
5353	0.1239540895
5354	0.1239108393
5355	0.1238937699
5356	0.12383886
5357	0.123815657
5358	0.1237682046
5359	0.1237347311
5360	0.1237223139
5361	0.1236718807
5362	0.1236225019
5363	0.1235841501
5364	0.1235476322
5365	0.1235174522
5366	0.1234758718
5367	0.1234496605
5368	0.123408569
5369	0.12339162
5370	0.1233639167
5371	0.123347626
5372	0.1233255888
5373	0.1232995839
5374	0.1232486466
5375	0.1232140636
5376	0.1231716005
5377	0.1231401672
5378	0.1231130804
5379	0.1230836223
5380	0.1230596141
5381	0.1230271843
5382	0.1229908779
5383	0.1229564436
5384	0.1229296628
5385	0.1228837814
5386	0.1228628513
5387	0.1228337088
5388	0.1228029696
5389	0.1227693528
5390	0.1227462324
5391	0.122715469
5392	0.1226865846
5393	0.1226595213
5394	0.1226091046
5395	0.1225749914
5396	0.1225671644
5397	0.1225356532
5398	0.1225174588
5399	0.122489884
5400	0.1224666329
5401	0.122439711
5402	0.1224077811
5403	0.1223596403
5404	0.1223244116
5405	0.1222909052
5406	0.1222470868
5407	0.1222155405
5408	0.1221890293
5409	0.122169691
5410	0.1221570784
5411	0.1221150907
5412	0.1220746978
5413	0.1220556965
5414	0.1220361333
5415	0.1219961881
5416	0.1219773595
5417	0.1219441862
5418	0.1219215691
5419	0.1218892314
5420	0.1218693131
5421	0.1218512985
5422	0.1218128306
5423	0.121782165
5424	0.1217521492
5425	0.1217327788
5426	0.1217171795
5427	0.1216857885
5428	0.1216559227
5429	0.1216259347
5430	0.1215923572
5431	0.1215630013
5432	0.1215323358
5433	0.1215223891
5434	0.1214986491
5435	0.121448547
5436	0.1214050601
5437	0.1213905157
5438	0.121362406
5439	0.1213272032
5440	0.121308547
5441	0.1212681128
5442	0.121238389
5443	0.1211909381
5444	0.1211628128
5445	0.1211287848
5446	0.1211020276
5447	0.1210787021
5448	0.1210625882
5449	0.1210183533
5450	0.1210103017
5451	0.1209702656
5452	0.1209401998
5453	0.1209191113
5454	0.1208686537
5455	0.1208376416
5456	0.1208046153
5457	0.120741837
5458	0.1207259179
5459	0.1206983816
5460	0.1206485627
5461	0.1206094722
5462	0.1205893842
5463	0.1205672189
5464	0.120519643
5465	0.1204922995
5466	0.1204535196
5467	0.1204397902
5468	0.1204066583
5469	0.120402638
5470	0.120346751
5471	0.1203028697
5472	0.1202778591
5473	0.1202508658
5474	0.1202026928
5475	0.1201762332
5476	0.1201372074
5477	0.1201187712
5478	0.1201043808
5479	0.1200752956
5480	0.1200623448
5481	0.1200455928
5482	0.1200176273
5483	0.1199756313
5484	0.1199615935
5485	0.1199465593
5486	0.1199244751
5487	0.1198877708
5488	0.1198647117
5489	0.1198383181
5490	0.1198052271
5491	0.1197784673
5492	0.119730883
5493	0.1197000212
5494	0.1196689243
5495	0.119651144
5496	0.1196265341
5497	0.1196125995
5498	0.1195751991
5499	0.1195318407
5500	0.1195101953
5501	0.1194773961
5502	0.1194503301
5503	0.1194282223
5504	0.1193995969
5505	0.1193651312
5506	0.1193123492
5507	0.1192717722
5508	0.1192498382
5509	0.1192329299
5510	0.1191910875
5511	0.1191671385
5512	0.1191420471
5513	0.1190946627
5514	0.1190673076
5515	0.1190396158
5516	0.1190003543
5517	0.1189576561
5518	0.1189416602
5519	0.1189113762
5520	0.1188722495
5521	0.1188529032
5522	0.1188397658
5523	0.11880798
5524	0.1187649382
5525	0.1187239989
5526	0.1186902916
5527	0.1186544346
5528	0.1186189884
5529	0.1185866132
5530	0.1185507124
5531	0.1185219119
5532	0.1184855448
5533	0.1184440312
5534	0.1184159714
5535	0.118389756
5536	0.1183663449
5537	0.1183445227
5538	0.1183226014
5539	0.1182945059
5540	0.1182529357
5541	0.118230432
5542	0.118199916
5543	0.1181474156
5544	0.1181021104
5545	0.1180886928
5546	0.1180609062
5547	0.1180152462
5548	0.1179849129
5549	0.1179450153
5550	0.1179154539
5551	0.1178841199
5552	0.1178529236
5553	0.1178121199
5554	0.1177951742
5555	0.1177680134
5556	0.1177225126
5557	0.1176998233
5558	0.1176676486
5559	0.1176497884
5560	0.1176296726
5561	0.1176140646
5562	0.1175913735
5563	0.1175677284
5564	0.117545695
5565	0.1175270619
5566	0.1174990573
5567	0.1174570936
5568	0.117430206
5569	0.1174012878
5570	0.1173579336
5571	0.1173230624
5572	0.1173105907
5573	0.1172781199
5574	0.1172283759
5575	0.1171913309
5576	0.1171670995
5577	0.1171300932
5578	0.117078185
5579	0.1170476515
5580	0.1170227682
5581	0.1169834187
5582	0.1169426969
5583	0.1169197665
5584	0.1168872022
5585	0.116842594
5586	0.1168060593
5587	0.1167902493
5588	0.1167695547
5589	0.1167519759
5590	0.1167233378
5591	0.1166886113
5592	0.1166522547
5593	0.1166233423
5594	0.1165971103
5595	0.1165762742
5596	0.1165513115
5597	0.1165313404
5598	0.1165144605
5599	0.1164855412
5600	0.1164777576
5601	0.116432857
5602	0.1164031126
5603	0.1163837189
5604	0.1163543556
5605	0.1163268396
5606	0.1163086592
5607	0.1162774067
5608	0.1162519933
5609	0.1162215409
5610	0.1161815372
5611	0.1161531881
5612	0.1161221923
5613	0.1160789863
5614	0.1160600319
5615	0.1160220727
5616	0.1159943056
5617	0.115957704
5618	0.1159340749
5619	0.1159049241
5620	0.1158835317
5621	0.1158482981
5622	0.1158387499
5623	0.1158214369
5624	0.1157913601
5625	0.1157597551
5626	0.115734292
5627	0.1157098745
5628	0.1156828921
5629	0.1156518823
5630	0.1156225725
5631	0.1155810436
5632	0.1155663752
5633	0.1155281906
5634	0.1155138324
5635	0.1154700772
5636	0.1154088538
5637	0.1153477623
5638	0.1153234826
5639	0.1153047034
5640	0.1152682803
5641	0.1152369286
5642	0.1151990856
5643	0.1151715289
5644	0.1151510348
5645	0.1151317189
5646	0.115111005
5647	0.1150699289
5648	0.1150318756
5649	0.115007863
5650	0.114985428
5651	0.1149507316
5652	0.114924787
5653	0.1149176878
5654	0.1148782418
5655	0.114866934
5656	0.1148279983
5657	0.1147865253
5658	0.1147718544
5659	0.1147385638
5660	0.1147179012
5661	0.1146940782
5662	0.1146605059
5663	0.1146195271
5664	0.1145880549
5665	0.1145578653
5666	0.1145438013
5667	0.1145295963
5668	0.1145086629
5669	0.1144692708
5670	0.1144423142
5671	0.1144124303
5672	0.1143678993
5673	0.1143447063
5674	0.1143288976
5675	0.1143008452
5676	0.1142701792
5677	0.1142391357
5678	0.1142133558
5679	0.1141935279
5680	0.1141644695
5681	0.1141372299
5682	0.1140822304
5683	0.1140229626
5684	0.1140085207
5685	0.1139668377
5686	0.1139439059
5687	0.1139005342
5688	0.1138891283
5689	0.1138582204
5690	0.1138254968
5691	0.1137794295
5692	0.1137542403
5693	0.1137283316
5694	0.1136868264
5695	0.113654989
5696	0.1136342424
5697	0.1136112516
5698	0.1135745177
5699	0.1135599209
5700	0.1135431593
5701	0.1135104786
5702	0.1134701403
5703	0.113451192
5704	0.1134312887
5705	0.1133961407
5706	0.113370931
5707	0.1133533771
5708	0.1133209479
5709	0.1133010267
5710	0.113263439
5711	0.1132304888
5712	0.113212242
5713	0.1131827095
5714	0.1131565582
5715	0.1131338572
5716	0.1131150072
5717	0.113102068
5718	0.113075621
5719	0.1130363844
5720	0.1130096687
5721	0.1129728625
5722	0.1129398779
5723	0.1129110975
5724	0.1129012729
5725	0.1128748299
5726	0.1128515411
5727	0.1128321966
5728	0.1128024093
5729	0.1127831664
5730	0.1127590671
5731	0.1127384008
5732	0.1127223382
5733	0.1127005669
5734	0.1126638127
5735	0.1126484736
5736	0.1126279427
5737	0.1126090743
5738	0.1125929517
5739	0.1125717843
5740	0.1125308828
5741	0.1125058658
5742	0.1124816829
5743	0.1124538566
5744	0.1124378839
5745	0.1124044104
5746	0.1123660153
5747	0.1123433066
5748	0.1123088028
5749	0.1122866241
5750	0.1122605318
5751	0.1122334971
5752	0.1121899495
5753	0.1121731852
5754	0.1121377899
5755	0.1120936626
5756	0.1120661629
5757	0.1120403337
5758	0.1120233183
5759	0.1120050228
5760	0.1119758354
5761	0.1119529246
5762	0.1119109081
5763	0.1118959834
5764	0.1118735298
5765	0.1118475835
5766	0.111817434
5767	0.1117915595
5768	0.1117638933
5769	0.1117462253
5770	0.1117174914
5771	0.1116999083
5772	0.1116845004
5773	0.111652078
5774	0.1116333774
5775	0.1116148594
5776	0.1115840305
5777	0.1115538508
5778	0.1115221312
5779	0.1114955799
5780	0.1114808215
5781	0.1114453555
5782	0.1114144308
5783	0.1113907846
5784	0.1113482786
5785	0.1113315289
5786	0.1113136823
5787	0.1112727481
5788	0.1112531937
5789	0.1112104487
5790	0.1111885376
5791	0.1111462356
5792	0.1111188973
5793	0.1110944681
5794	0.1110596043
5795	0.1110305669
5796	0.1109989858
5797	0.1109944505
5798	0.1109769579
5799	0.1109530818
5800	0.1109247958
5801	0.1108972625
5802	0.110859082
5803	0.1108380496
5804	0.1108115427
5805	0.1107959096
5806	0.1107784998
5807	0.1107688435
5808	0.1107468391
5809	0.1107261922
5810	0.1106915052
5811	0.1106632584
5812	0.1106466025
5813	0.1106209791
5814	0.1105956356
5815	0.1105686533
5816	0.1105439124
5817	0.110511791
5818	0.1104932725
5819	0.1104669804
5820	0.1104362483
5821	0.1103878658
5822	0.1103642392
5823	0.110353381
5824	0.1103323888
5825	0.1102949646
5826	0.1102618331
5827	0.1102407783
5828	0.1102209747
5829	0.1101998402
5830	0.1101600178
5831	0.1101338752
5832	0.1101162596
5833	0.1100926646
5834	0.1100698827
5835	0.1100516243
5836	0.1100164807
5837	0.1099778491
5838	0.1099586383
5839	0.1099435117
5840	0.1099049941
5841	0.1098862878
5842	0.1098689823
5843	0.1098275809
5844	0.1097994294
5845	0.1097913636
5846	0.109747121
5847	0.109730894
5848	0.109713611
5849	0.1096890405
5850	0.1096650719
5851	0.109651494
5852	0.1096303373
5853	0.1095979237
5854	0.1095621786
5855	0.1095257665
5856	0.1095116327
5857	0.1094988476
5858	0.1094754999
5859	0.1094527265
5860	0.1094320837
5861	0.1094035595
5862	0.1093859088
5863	0.1093657164
5864	0.1093225166
5865	0.1093029305
5866	0.1092826797
5867	0.1092374371
5868	0.1092014446
5869	0.1091843752
5870	0.1091653228
5871	0.1091382029
5872	0.1091139015
5873	0.1090873445
5874	0.1090696269
5875	0.1090413056
5876	0.1090204448
5877	0.1089947313
5878	0.1089600161
5879	0.1089432394
5880	0.1089134212
5881	0.108873348
5882	0.1088555251
5883	0.1088322939
5884	0.1087951597
5885	0.1087755844
5886	0.1087488938
5887	0.1087290723
5888	0.1086976635
5889	0.1086742507
5890	0.108639945
5891	0.1086189692
5892	0.1085912008
5893	0.1085698958
5894	0.1085488025
5895	0.1085265674
5896	0.1084885821
5897	0.1084792877
5898	0.1084353222
5899	0.1083969361
5900	0.1083731218
5901	0.1083496532
5902	0.108332911
5903	0.1083105635
5904	0.1082807792
5905	0.1082465613
5906	0.1082004903
5907	0.1081667846
5908	0.1081348003
5909	0.1081175813
5910	0.1080925943
5911	0.1080581988
5912	0.1080431342
5913	0.1080312246
5914	0.1080174294
5915	0.1079975778
5916	0.1079553181
5917	0.1079257404
5918	0.107901642
5919	0.1078671965
5920	0.1078453926
5921	0.1078083461
5922	0.1077791025
5923	0.1077580493
5924	0.1077322864
5925	0.1077065524
5926	0.1076793876
5927	0.1076631706
5928	0.1076480791
5929	0.1076040864
5930	0.1075851278
5931	0.1075706889
5932	0.1075572001
5933	0.1075265757
5934	0.1074914176
5935	0.1074615661
5936	0.107445264
5937	0.1074159034
5938	0.1073946863
5939	0.1073700949
5940	0.107342512
5941	0.1073121692
5942	0.1072779414
5943	0.1072503231
5944	0.1072224458
5945	0.1072056678
5946	0.1071736409
5947	0.1071459738
5948	0.1071270869
5949	0.1071035905
5950	0.107073196
5951	0.1070500829
5952	0.1070278648
5953	0.1070000128
5954	0.1069753382
5955	0.1069479225
5956	0.1069370193
5957	0.1069070908
5958	0.1068736396
5959	0.1068498752
5960	0.106835752
5961	0.106815128
5962	0.1067777272
5963	0.1067496885
5964	0.1067230874
5965	0.1066932276
5966	0.1066722901
5967	0.1066538544
5968	0.1066124801
5969	0.1065951015
5970	0.1065790042
5971	0.1065422547
5972	0.1065100926
5973	0.1064819755
5974	0.1064447524
5975	0.1064248589
5976	0.1063981576
5977	0.1063755354
5978	0.1063369155
5979	0.1063184059
5980	0.106284705
5981	0.1062603823
5982	0.106228677
5983	0.1062125883
5984	0.1061921646
5985	0.1061744183
5986	0.1061480292
5987	0.1061240321
5988	0.1061038849
5989	0.1060815321
5990	0.1060695498
5991	0.1060480501
5992	0.1060111756
5993	0.1059795169
5994	0.1059537461
5995	0.1059282146
5996	0.1059087188
5997	0.105874536
5998	0.1058352888
5999	0.1058164921
6000	0.1057732239
6001	0.1057334168
6002	0.1057164875
6003	0.1056705588
6004	0.1056462742
6005	0.1056138688
6006	0.1055907636
6007	0.1055647925
6008	0.1055363514
6009	0.1054921099
6010	0.1054679121
6011	0.1054281738
6012	0.1054035983
6013	0.1053824074
6014	0.1053477388
6015	0.1053247522
6016	0.1052990019
6017	0.105288232
6018	0.1052636927
6019	0.1052469098
6020	0.1052180893
6021	0.105212947
6022	0.1051778669
6023	0.1051521029
6024	0.1051273622
6025	0.1051105584
6026	0.1050864073
6027	0.1050729091
6028	0.1050485521
6029	0.10502413
6030	0.1049921884
6031	0.1049511755
6032	0.1049255559
6033	0.1049006377
6034	0.1048618484
6035	0.1048378465
6036	0.1048223561
6037	0.1047915104
6038	0.1047749631
6039	0.1047539285
6040	0.104719609
6041	0.1047070598
6042	0.1046878229
6043	0.1046623214
6044	0.1046305444
6045	0.1046088606
6046	0.1045812321
6047	0.104560655
6048	0.104531531
6049	0.1045167475
6050	0.1044925581
6051	0.1044768666
6052	0.1044666739
6053	0.1044319211
6054	0.1044142338
6055	0.1043977218
6056	0.1043669582
6057	0.1043251362
6058	0.1042941908
6059	0.1042730388
6060	0.1042568599
6061	0.1042237782
6062	0.1042049106
6063	0.1041891832
6064	0.1041710885
6065	0.1041253246
6066	0.1041043376
6067	0.1040959049
6068	0.1040677962
6069	0.1040590445
6070	0.1040187885
6071	0.1039968798
6072	0.1039747448
6073	0.1039479973
6074	0.1039346467
6075	0.103908739
6076	0.1038868619
6077	0.1038659711
6078	0.1038464184
6079	0.1038305104
6080	0.1038003166
6081	0.1037686787
6082	0.1037298348
6083	0.1037214383
6084	0.103710668
6085	0.1036872623
6086	0.1036661898
6087	0.1036350181
6088	0.103616852
6089	0.1035985526
6090	0.1035820032
6091	0.1035675709
6092	0.1035370105
6093	0.1035174314
6094	0.1034870767
6095	0.1034606349
6096	0.103438343
6097	0.1034138162
6098	0.1033995443
6099	0.103364578
6100	0.103344942
6101	0.1033327785
6102	0.1032990609
6103	0.1032711681
6104	0.1032521822
6105	0.1032337548
6106	0.1032090003
6107	0.1031981525
6108	0.1031563333
6109	0.1031220903
6110	0.1031038723
6111	0.1030722928
6112	0.1030374556
6113	0.1030101586
6114	0.102981577
6115	0.1029531014
6116	0.102927168
6117	0.1028978695
6118	0.1028719732
6119	0.1028506457
6120	0.1028286792
6121	0.1028110514
6122	0.102789798
6123	0.102779691
6124	0.1027586448
6125	0.1027412841
6126	0.1026973008
6127	0.1026730501
6128	0.102652261
6129	0.1026383726
6130	0.1026205211
6131	0.1026062726
6132	0.1025839427
6133	0.1025476216
6134	0.1025129028
6135	0.1024891622
6136	0.1024749876
6137	0.1024478921
6138	0.1024325744
6139	0.1024034284
6140	0.1023848573
6141	0.1023728491
6142	0.1023436555
6143	0.1023243685
6144	0.10230024
6145	0.1022770159
6146	0.1022544374
6147	0.1022289986
6148	0.1022082503
6149	0.1021753602
6150	0.1021565717
6151	0.1021375753
6152	0.1021247789
6153	0.102106606
6154	0.1020825702
6155	0.1020632014
6156	0.1020355237
6157	0.1020223153
6158	0.1020001417
6159	0.1019713035
6160	0.101949493
6161	0.1019260396
6162	0.1018863861
6163	0.1018530514
6164	0.1018143671
6165	0.1017938898
6166	0.101773119
6167	0.1017463812
6168	0.1017176219
6169	0.1016847128
6170	0.1016739078
6171	0.1016542499
6172	0.1016344834
6173	0.101612822
6174	0.1016024365
6175	0.1015921707
6176	0.1015752653
6177	0.1015534872
6178	0.1015132237
6179	0.1014899826
6180	0.1014609058
6181	0.1014304498
6182	0.101412212
6183	0.1013933969
6184	0.1013724248
6185	0.1013424331
6186	0.1013214487
6187	0.1012806888
6188	0.1012650898
6189	0.1012435353
6190	0.1012100148
6191	0.1011793734
6192	0.1011724106
6193	0.1011388631
6194	0.1011197402
6195	0.1011010517
6196	0.1010786769
6197	0.1010630637
6198	0.1010415857
6199	0.1010126919
6200	0.1009944728
6201	0.1009701213
6202	0.1009578344
6203	0.1009305055
6204	0.1008955852
6205	0.1008854592
6206	0.1008599146
6207	0.100845953
6208	0.1008316756
6209	0.100797122
6210	0.1007794566
6211	0.1007639735
6212	0.1007275568
6213	0.100703019
6214	0.1006780256
6215	0.1006514479
6216	0.1006162522
6217	0.1006040403
6218	0.1005813773
6219	0.1005527181
6220	0.1005181246
6221	0.1004960917
6222	0.1004626932
6223	0.1004326357
6224	0.1004032205
6225	0.1003543279
6226	0.1003168933
6227	0.100296015
6228	0.1002659724
6229	0.1002342141
6230	0.1002011266
6231	0.1001922165
6232	0.1001787265
6233	0.1001484985
6234	0.10011709
6235	0.1000951508
6236	0.1000568139
6237	0.1000405394
6238	0.1000268632
6239	0.1000093029
6240	0.09999519312
6241	0.09997849695
6242	0.09995069059
6243	0.09991305635
6244	0.09989185741
6245	0.09986158295
6246	0.09984058904
6247	0.09981719484
6248	0.09977483127
6249	0.09975105544
6250	0.09973319661
6251	0.09970854914
6252	0.09969450257
6253	0.09968302459
6254	0.09965695908
6255	0.09964656943
6256	0.09962211282
6257	0.09960850628
6258	0.09957220262
6259	0.09954172202
6260	0.09951038171
6261	0.09948475416
6262	0.09945254857
6263	0.09943356493
6264	0.09940559343
6265	0.09938622398
6266	0.09935563863
6267	0.09933299953
6268	0.09929827385
6269	0.09926666408
6270	0.09923685399
6271	0.099210207
6272	0.09918955046
6273	0.09916885217
6274	0.09915908793
6275	0.09912674272
6276	0.0991135861
6277	0.09910178818
6278	0.09909234027
6279	0.09907574901
6280	0.09905261021
6281	0.0990249415
6282	0.09900990585
6283	0.09899369453
6284	0.09897281076
6285	0.09894313642
6286	0.09892670448
6287	0.09890526177
6288	0.09888850325
6289	0.09887639537
6290	0.09885127631
6291	0.09883984677
6292	0.09881173921
6293	0.09879781862
6294	0.09877469585
6295	0.09875049569
6296	0.09874175184
6297	0.09872627538
6298	0.09870051348
6299	0.09867514652
6300	0.09865880027
6301	0.0986353852
6302	0.09861287482
6303	0.09859259391
6304	0.09856828305
6305	0.09855839467
6306	0.09855129593
6307	0.09851375093
6308	0.098494728
6309	0.09847029822
6310	0.09845120839
6311	0.09842888074
6312	0.09841595326
6313	0.098400575
6314	0.09837738391
6315	0.09833577355
6316	0.0983103761
6317	0.09829606099
6318	0.09826643142
6319	0.09824650394
6320	0.09822391201
6321	0.09819033458
6322	0.09815677822
6323	0.09814497351
6324	0.09812975889
6325	0.09811029748
6326	0.0980889507
6327	0.09807133193
6328	0.09805654522
6329	0.09802887472
6330	0.09801021608
6331	0.09800028716
6332	0.09798516707
6333	0.09795870773
6334	0.09793650768
6335	0.09791077494
6336	0.09788244775
6337	0.0978499767
6338	0.09782785694
6339	0.09781575798
6340	0.09780755248
6341	0.09777723624
6342	0.09773897584
6343	0.0977160019
6344	0.09769572565
6345	0.09767849372
6346	0.09764820721
6347	0.09763385044
6348	0.09760437625
6349	0.097586619
6350	0.09755454241
6351	0.09753161655
6352	0.09751760877
6353	0.09750701422
6354	0.09748388752
6355	0.0974732333
6356	0.09745666081
6357	0.09741881977
6358	0.09739459189
6359	0.09735790342
6360	0.09732603065
6361	0.09728965476
6362	0.09728236795
6363	0.09724975108
6364	0.09722953913
6365	0.09721440957
6366	0.09719456867
6367	0.09716445414
6368	0.09715081142
6369	0.09712378371
6370	0.09710125072
6371	0.09708675142
6372	0.09707155147
6373	0.09705969292
6374	0.09703114547
6375	0.09702050621
6376	0.09699300367
6377	0.09698277842
6378	0.09695015019
6379	0.09693311608
6380	0.09691580569
6381	0.09687669621
6382	0.09687184178
6383	0.09686048468
6384	0.09684110176
6385	0.09683357532
6386	0.09681297279
6387	0.09678804364
6388	0.09677289962
6389	0.09675008472
6390	0.09672208102
6391	0.09669807296
6392	0.09667620442
6393	0.09665826121
6394	0.09663906127
6395	0.09661463639
6396	0.09660083583
6397	0.09657600656
6398	0.09654847356
6399	0.09652737335
6400	0.09650422313
6401	0.09648541936
6402	0.0964612892
6403	0.09644793516
6404	0.09641948969
6405	0.09640115217
6406	0.09638708023
6407	0.09637307333
6408	0.09636282548
6409	0.09634073811
6410	0.09632183998
6411	0.09631278599
6412	0.09628731737
6413	0.09627772738
6414	0.09626528395
6415	0.09624260428
6416	0.09622027347
6417	0.09619948231
6418	0.09617576683
6419	0.09615386618
6420	0.09613633451
6421	0.09612115645
6422	0.0961040989
6423	0.09607183237
6424	0.09603994142
6425	0.0960041015
6426	0.09599595744
6427	0.09596447329
6428	0.09593604349
6429	0.09592094209
6430	0.09590370929
6431	0.09588567798
6432	0.09586101597
6433	0.09582823278
6434	0.09581515291
6435	0.09579863952
6436	0.09578795249
6437	0.09575904019
6438	0.09572460549
6439	0.09569026561
6440	0.09564395936
6441	0.09561835301
6442	0.09560090713
6443	0.09557852941
6444	0.09556243879
6445	0.09554459524
6446	0.09551961224
6447	0.09549730248
6448	0.09547503781
6449	0.09545383891
6450	0.09543790772
6451	0.09541216047
6452	0.09539620348
6453	0.09536687702
6454	0.09534693699
6455	0.09533492489
6456	0.09532286418
6457	0.09530067832
6458	0.0952786104
6459	0.09525837561
6460	0.09523281497
6461	0.09520124498
6462	0.0951569401
6463	0.09513369891
6464	0.09510887295
6465	0.09509233607
6466	0.09507328446
6467	0.09505079997
6468	0.09503436477
6469	0.09501596833
6470	0.09499810352
6471	0.09498101872
6472	0.09495855041
6473	0.09495353715
6474	0.09492669489
6475	0.09488697022
6476	0.0948661611
6477	0.09485405243
6478	0.0948169086
6479	0.09480082811
6480	0.09478382994
6481	0.09476176688
6482	0.09474388419
6483	0.09471625613
6484	0.09469873533
6485	0.09468039155
6486	0.09465641456
6487	0.0946330919
6488	0.09462076145
6489	0.0945860191
6490	0.09455938625
6491	0.09453227328
6492	0.09451997263
6493	0.09450286296
6494	0.0944899777
6495	0.09447749506
6496	0.09445392438
6497	0.09443309576
6498	0.09442105374
6499	0.094405065
6500	0.0943879027
6501	0.09436511695
6502	0.09433378897
6503	0.09431509539
6504	0.09429760055
6505	0.09427392099
6506	0.09424490187
6507	0.09420845655
6508	0.09418037596
6509	0.09416812479
6510	0.0941457793
6511	0.09412177297
6512	0.09408939709
6513	0.09406726399
6514	0.09404683833
6515	0.09402577398
6516	0.09400172735
6517	0.09397341727
6518	0.09395803253
6519	0.09393930738
6520	0.09391930121
6521	0.09389437689
6522	0.09386668658
6523	0.09383486139
6524	0.09381526228
6525	0.09379619343
6526	0.09376249079
6527	0.09372072453
6528	0.09370864882
6529	0.09369574866
6530	0.09366176936
6531	0.09363739351
6532	0.0936262897
6533	0.09360448455
6534	0.09357167291
6535	0.09355814369
6536	0.09353435731
6537	0.09351135965
6538	0.09349015991
6539	0.09347443316
6540	0.09345474279
6541	0.09344059292
6542	0.09341234683
6543	0.09339492554
6544	0.09335113684
6545	0.0933334977
6546	0.09329485282
6547	0.09327763312
6548	0.09326959595
6549	0.09326140148
6550	0.09324657464
6551	0.09322065686
6552	0.09320850132
6553	0.09319379735
6554	0.09317412451
6555	0.09314678083
6556	0.09310003029
6557	0.09306992255
6558	0.09306203895
6559	0.09304499774
6560	0.09301654025
6561	0.09300657965
6562	0.09297370077
6563	0.09295217771
6564	0.0929256649
6565	0.09291249639
6566	0.09288314555
6567	0.09286948692
6568	0.09284272026
6569	0.09282439084
6570	0.09281433995
6571	0.09280231919
6572	0.0927929037
6573	0.09277233807
6574	0.0927506715
6575	0.09272391868
6576	0.09268318926
6577	0.09267275573
6578	0.09263748773
6579	0.09263015124
6580	0.09262043558
6581	0.09261091199
6582	0.09259123495
6583	0.09256933936
6584	0.09254378393
6585	0.09251439383
6586	0.0925016872
6587	0.09249102139
6588	0.09245745431
6589	0.09244574982
6590	0.09240731034
6591	0.09237806452
6592	0.09236805301
6593	0.09233708505
6594	0.09231513908
6595	0.0922953477
6596	0.09226848214
6597	0.09225598501
6598	0.09223938539
6599	0.09220870411
6600	0.09218286034
6601	0.0921577473
6602	0.09213596652
6603	0.09211290495
6604	0.09209003794
6605	0.09207533424
6606	0.09204945271
6607	0.09203425947
6608	0.09201065055
6609	0.09199186083
6610	0.09197203154
6611	0.09195661154
6612	0.09192365168
6613	0.09190058697
6614	0.0918812242
6615	0.09186209148
6616	0.09184516201
6617	0.09182023102
6618	0.09178783676
6619	0.09176788903
6620	0.09174861841
6621	0.09172529749
6622	0.09169870872
6623	0.09168414458
6624	0.09166046875
6625	0.09163665147
6626	0.09162744721
6627	0.09159601958
6628	0.09156734633
6629	0.09154281927
6630	0.09152353491
6631	0.09150882436
6632	0.0914982526
6633	0.09148081539
6634	0.09145807027
6635	0.09144442487
6636	0.09141554431
6637	0.09140361332
6638	0.09139481541
6639	0.09137585135
6640	0.09137080239
6641	0.09134558913
6642	0.09133353307
6643	0.09130951843
6644	0.09129313332
6645	0.09127525844
6646	0.09125047904
6647	0.09123875804
6648	0.09121527286
6649	0.09119975671
6650	0.09118768122
6651	0.09116638071
6652	0.09114601877
6653	0.0911178904
6654	0.09110302501
6655	0.09108367697
6656	0.0910686199
6657	0.09104837863
6658	0.09103307825
6659	0.09100725521
6660	0.09097863049
6661	0.09096086897
6662	0.09093484565
6663	0.09091894189
6664	0.09089696707
6665	0.09087431601
6666	0.09086319392
6667	0.09084074762
6668	0.09082427062
6669	0.09077791483
6670	0.09075599005
6671	0.0907289627
6672	0.09071302788
6673	0.09068902104
6674	0.09066342646
6675	0.09065325683
6676	0.09063477468
6677	0.0905959476
6678	0.09057737939
6679	0.09056819401
6680	0.09054396172
6681	0.09053393269
6682	0.09052627462
6683	0.09050152231
6684	0.0904853453
6685	0.09046230685
6686	0.0904423185
6687	0.09042227944
6688	0.09039149769
6689	0.09038017757
6690	0.09035920158
6691	0.09034178847
6692	0.09032157699
6693	0.09029649317
6694	0.09026571111
6695	0.09024147946
6696	0.09021394324
6697	0.09019587741
6698	0.09016221972
6699	0.09014769442
6700	0.09012248438
6701	0.09009100754
6702	0.09008127675
6703	0.09006110704
6704	0.09002821943
6705	0.09000746336
6706	0.08999698905
6707	0.08996513331
6708	0.08994163346
6709	0.08993126795
6710	0.08991064529
6711	0.08987648019
6712	0.08983853153
6713	0.08981895996
6714	0.08979355998
6715	0.08975597757
6716	0.08974153084
6717	0.08969898405
6718	0.08967887656
6719	0.08966256282
6720	0.08965240097
6721	0.08962366085
6722	0.08959910207
6723	0.08958321817
6724	0.08955790941
6725	0.08953468832
6726	0.08950195273
6727	0.08947916958
6728	0.08944733898
6729	0.08942253554
6730	0.08941251881
6731	0.08938321726
6732	0.08936432333
6733	0.08935300071
6734	0.08933849105
6735	0.08931955835
6736	0.08931098187
6737	0.08929203732
6738	0.08928018278
6739	0.08926798019
6740	0.08924284455
6741	0.08922737665
6742	0.08920417488
6743	0.08917693853
6744	0.08915796922
6745	0.0891388732
6746	0.08912178878
6747	0.0891016276
6748	0.08909386241
6749	0.08907272825
6750	0.08905840446
6751	0.08904425738
6752	0.08902250963
6753	0.08899797286
6754	0.08898262006
6755	0.08896488421
6756	0.08895231598
6757	0.0889225699
6758	0.08890686058
6759	0.08888834217
6760	0.08887297707
6761	0.0888556183
6762	0.08883460703
6763	0.08880642128
6764	0.08877868289
6765	0.08875419556
6766	0.08873340328
6767	0.08871413975
6768	0.08869199284
6769	0.08868223527
6770	0.08866798339
6771	0.08865512629
6772	0.08863973814
6773	0.08860626125
6774	0.08857178763
6775	0.08855736744
6776	0.08855183192
6777	0.08853855503
6778	0.08851949835
6779	0.08849878203
6780	0.08848927031
6781	0.08847143394
6782	0.08845080818
6783	0.08842026838
6784	0.08840143455
6785	0.08837020616
6786	0.08836078538
6787	0.08832669149
6788	0.08830099655
6789	0.08828006004
6790	0.08826077483
6791	0.08824310066
6792	0.08822199597
6793	0.08819775948
6794	0.08818332235
6795	0.08815870562
6796	0.08815048133
6797	0.08813002972
6798	0.08811528457
6799	0.08809845237
6800	0.0880696903
6801	0.08804282358
6802	0.08802819189
6803	0.08799566387
6804	0.08797681699
6805	0.08796937104
6806	0.08793783492
6807	0.08792543334
6808	0.08791595178
6809	0.08790040023
6810	0.08787699845
6811	0.08786965339
6812	0.08785271984
6813	0.08783793678
6814	0.08782292903
6815	0.08779474468
6816	0.08778464201
6817	0.08775975299
6818	0.08774429876
6819	0.08772015469
6820	0.08771144454
6821	0.08769613127
6822	0.08767460453
6823	0.08764639967
6824	0.08762840065
6825	0.08761514983
6826	0.08761332344
6827	0.08759463998
6828	0.08755745509
6829	0.08753843187
6830	0.08752064911
6831	0.08749509135
6832	0.08749051788
6833	0.0874814039
6834	0.08745940315
6835	0.08744336823
6836	0.08741923824
6837	0.08740082675
6838	0.08738401321
6839	0.08735641702
6840	0.08735044759
6841	0.08734024812
6842	0.08731365416
6843	0.08729019906
6844	0.08726637383
6845	0.0872587797
6846	0.08724025948
6847	0.08722442711
6848	0.08721190529
6849	0.08718859495
6850	0.08715787506
6851	0.08713877207
6852	0.08711660013
6853	0.08710568212
6854	0.08707845612
6855	0.08705630387
6856	0.08704167146
6857	0.08701157198
6858	0.08700650718
6859	0.08697936689
6860	0.08695539782
6861	0.08693563346
6862	0.08691563118
6863	0.08689348257
6864	0.08688140345
6865	0.08685971572
6866	0.08683601597
6867	0.08681499407
6868	0.08680567523
6869	0.08678406224
6870	0.08676579969
6871	0.08675074251
6872	0.0867398771
6873	0.08670865734
6874	0.08667612856
6875	0.0866660323
6876	0.08665966421
6877	0.08664064324
6878	0.08662253939
6879	0.08661400589
6880	0.08659622148
6881	0.08657161985
6882	0.08654034063
6883	0.08653002029
6884	0.08651785141
6885	0.08649807404
6886	0.08648983469
6887	0.08646889519
6888	0.08644796699
6889	0.08643838977
6890	0.08642396094
6891	0.0864087318
6892	0.0863951158
6893	0.0863728799
6894	0.08635349288
6895	0.0863449872
6896	0.08632710884
6897	0.08631083432
6898	0.08629056182
6899	0.08627896023
6900	0.08626207277
6901	0.08624559022
6902	0.08622806017
6903	0.08621905921
6904	0.08620338503
6905	0.08619155568
6906	0.08617180882
6907	0.08614993742
6908	0.08611979114
6909	0.08610869658
6910	0.086082799
6911	0.08606143893
6912	0.0860428437
6913	0.08602137531
6914	0.08599518196
6915	0.08598163647
6916	0.08596207536
6917	0.08594501628
6918	0.08592233369
6919	0.08590544788
6920	0.08588552186
6921	0.08586523922
6922	0.08584396849
6923	0.08581560317
6924	0.08580388368
6925	0.08578408916
6926	0.08575470157
6927	0.08573307494
6928	0.08572313889
6929	0.08570799591
6930	0.08568184038
6931	0.08566144912
6932	0.08564184467
6933	0.08561280202
6934	0.08559795831
6935	0.08558529323
6936	0.08557097607
6937	0.08555593652
6938	0.08553558698
6939	0.08550410113
6940	0.08547858923
6941	0.08546445713
6942	0.0854541274
6943	0.08543266574
6944	0.08540882268
6945	0.08539900694
6946	0.08537936061
6947	0.08536047926
6948	0.08534190619
6949	0.08532832669
6950	0.0853111912
6951	0.08529256149
6952	0.085263877
6953	0.08524969445
6954	0.08523612009
6955	0.08522017694
6956	0.08520487395
6957	0.08519107944
6958	0.08517224359
6959	0.08515108975
6960	0.08512399185
6961	0.08510945906
6962	0.08509474642
6963	0.08507080038
6964	0.08505313905
6965	0.08502914657
6966	0.0850198867
6967	0.08499822561
6968	0.08498137063
6969	0.08496768775
6970	0.08494518039
6971	0.08492329058
6972	0.0849029929
6973	0.08488752233
6974	0.08485717744
6975	0.08483013157
6976	0.08480890106
6977	0.08479046669
6978	0.08477267909
6979	0.08475677822
6980	0.0847377279
6981	0.08470694689
6982	0.0846844264
6983	0.08466237622
6984	0.08464755867
6985	0.08462467733
6986	0.0846177007
6987	0.08460424502
6988	0.0845686584
6989	0.08453002326
6990	0.08450074437
6991	0.0844826098
6992	0.08445474543
6993	0.08441549402
6994	0.08439025942
6995	0.08436636658
6996	0.0843445684
6997	0.08432640991
6998	0.0843131252
6999	0.08429099482
7000	0.08428083822
7001	0.08426735945
7002	0.08425673283
7003	0.08424097879
7004	0.08420882939
7005	0.08419743844
7006	0.08418059241
7007	0.08416395472
7008	0.08415653256
7009	0.08414550754
7010	0.08413127815
7011	0.08411922356
7012	0.08411122673
7013	0.08409778295
7014	0.08408154484
7015	0.08406703187
7016	0.08405087894
7017	0.08403230672
7018	0.08400748695
7019	0.08399325109
7020	0.083988523
7021	0.08396143293
7022	0.08395354015
7023	0.08394266552
7024	0.08393002247
7025	0.08390006324
7026	0.08389140256
7027	0.08385527855
7028	0.08383678243
7029	0.0838191586
7030	0.08380000015
7031	0.08378719174
7032	0.08376649223
7033	0.08374342358
7034	0.08372639382
7035	0.08371418894
7036	0.08368218862
7037	0.08365516836
7038	0.0836300685
7039	0.08361519632
7040	0.08358615236
7041	0.08356317573
7042	0.08353762837
7043	0.08353565955
7044	0.08353049891
7045	0.0835078832
7046	0.08349230779
7047	0.08348768542
7048	0.08346966061
7049	0.08345711918
7050	0.083434566
7051	0.08342169064
7052	0.08339613874
7053	0.08337283763
7054	0.08335163763
7055	0.08334016075
7056	0.08332743968
7057	0.08330106507
7058	0.08328147621
7059	0.08326860006
7060	0.0832477975
7061	0.08321708395
7062	0.08320873967
7063	0.08319367182
7064	0.08317661043
7065	0.08316358206
7066	0.08314395583
7067	0.08313645166
7068	0.08312653644
7069	0.08311707927
7070	0.08308412709
7071	0.08306791683
7072	0.08303941569
7073	0.08302889056
7074	0.08301728584
7075	0.08300373364
7076	0.08298206247
7077	0.08296238742
7078	0.08295760228
7079	0.0829388749
7080	0.08292199517
7081	0.0828978742
7082	0.08287563275
7083	0.082853205
7084	0.08284646373
7085	0.08282668716
7086	0.08280425373
7087	0.08277544899
7088	0.08274433761
7089	0.08271917158
7090	0.08270294709
7091	0.08268239843
7092	0.08266621676
7093	0.08264496451
7094	0.08262189184
7095	0.08260634343
7096	0.08259322329
7097	0.08257324492
7098	0.08255036412
7099	0.08252781491
7100	0.0825171935
7101	0.08248987006
7102	0.08246377068
7103	0.082449459
7104	0.0824295737
7105	0.08240989738
7106	0.08237844318
7107	0.08236084378
7108	0.08234182334
7109	0.08231646552
7110	0.08229033678
7111	0.08227069315
7112	0.08225504011
7113	0.08224162161
7114	0.08222073671
7115	0.08221118541
7116	0.08220316124
7117	0.0821847194
7118	0.08216905464
7119	0.08215563138
7120	0.08212045477
7121	0.08208619973
7122	0.08207199832
7123	0.08205818535
7124	0.08204326375
7125	0.08203682988
7126	0.08201684754
7127	0.08199665243
7128	0.08197300034
7129	0.08194772313
7130	0.08192561681
7131	0.08190791784
7132	0.08189276975
7133	0.08187386447
7134	0.08185603436
7135	0.08184101405
7136	0.08182700077
7137	0.08179319303
7138	0.08177317182
7139	0.08175673098
7140	0.08173695141
7141	0.0817228521
7142	0.08170771127
7143	0.08168984921
7144	0.08166643434
7145	0.08164227229
7146	0.08161829004
7147	0.08159374623
7148	0.08158073665
7149	0.08156582878
7150	0.08154865891
7151	0.08153625895
7152	0.08151789298
7153	0.08149517976
7154	0.08147694046
7155	0.08146651476
7156	0.08145299462
7157	0.08143603798
7158	0.08140974231
7159	0.08138542074
7160	0.08137152469
7161	0.08135792718
7162	0.08134951922
7163	0.08132341624
7164	0.08129686423
7165	0.08128266408
7166	0.08126830107
7167	0.08125733818
7168	0.0812297856
7169	0.08121832113
7170	0.08119288067
7171	0.08117823702
7172	0.0811559217
7173	0.08114335401
7174	0.08111965204
7175	0.08109162861
7176	0.08107911176
7177	0.0810660549
7178	0.08105482534
7179	0.0810285358
7180	0.08101033587
7181	0.08098287578
7182	0.08096809932
7183	0.08095097096
7184	0.08093006869
7185	0.08090965933
7186	0.08088327603
7187	0.08086964907
7188	0.08084657954
7189	0.08083323926
7190	0.08081509314
7191	0.08080627604
7192	0.08078376952
7193	0.08077034735
7194	0.08075686809
7195	0.08073757628
7196	0.08071125301
7197	0.08068896116
7198	0.08067487983
7199	0.08066465995
7200	0.08064294593
7201	0.08062124701
7202	0.08060690753
7203	0.08058681841
7204	0.0805659646
7205	0.08054110569
7206	0.08052042505
7207	0.0805096773
7208	0.08048459238
7209	0.08047704563
7210	0.08047039004
7211	0.08044864945
7212	0.08042908543
7213	0.08040655605
7214	0.08039149542
7215	0.08037438703
7216	0.08035929184
7217	0.08033149758
7218	0.08031760808
7219	0.08029362064
7220	0.08027973614
7221	0.08025981318
7222	0.08023428648
7223	0.08022263605
7224	0.08021597083
7225	0.08019254006
7226	0.08017854335
7227	0.08016235414
7228	0.0801491195
7229	0.08013296466
7230	0.08010188783
7231	0.08008947577
7232	0.08006105261
7233	0.08004251968
7234	0.08002713038
7235	0.08001912848
7236	0.08000965604
7237	0.07997724433
7238	0.07996674898
7239	0.07995010527
7240	0.07992516708
7241	0.07991286314
7242	0.07989344827
7243	0.07987062362
7244	0.07984348375
7245	0.07982164638
7246	0.07979033339
7247	0.07977800102
7248	0.07976350359
7249	0.07975448606
7250	0.0797335047
7251	0.0797120183
7252	0.0796899881
7253	0.07967286881
7254	0.07966639836
7255	0.07965668746
7256	0.07963151557
7257	0.07961965922
7258	0.07960225282
7259	0.07958057504
7260	0.07955788958
7261	0.07953876986
7262	0.07951955244
7263	0.0794817846
7264	0.07945680576
7265	0.07944352483
7266	0.07942692422
7267	0.07941970739
7268	0.0794096761
7269	0.07939055318
7270	0.0793709376
7271	0.07935581534
7272	0.07933452991
7273	0.07932104613
7274	0.07930880293
7275	0.07927715805
7276	0.07924933746
7277	0.07923172665
7278	0.07919475236
7279	0.07918092715
7280	0.0791590406
7281	0.07913960386
7282	0.07911739214
7283	0.07910002523
7284	0.07907932809
7285	0.0790656226
7286	0.07904514669
7287	0.07902354972
7288	0.07899901018
7289	0.07898941683
7290	0.07895862075
7291	0.07894880962
7292	0.07892931181
7293	0.07891563838
7294	0.07890563715
7295	0.07888360991
7296	0.07887104687
7297	0.07884888812
7298	0.07883367752
7299	0.07882208052
7300	0.07880885962
7301	0.0788006441
7302	0.07878507527
7303	0.07876251757
7304	0.07874211797
7305	0.07871670673
7306	0.07869789869
7307	0.07869251901
7308	0.07867853557
7309	0.07866497349
7310	0.07864662112
7311	0.07863533808
7312	0.07862028988
7313	0.07859114832
7314	0.07856677859
7315	0.07855079186
7316	0.07853485878
7317	0.07851944917
7318	0.07849799211
7319	0.07848140336
7320	0.07845863339
7321	0.07843854461
7322	0.0784194505
7323	0.07841009481
7324	0.07839329839
7325	0.07837789446
7326	0.07835277482
7327	0.07833229661
7328	0.07832150777
7329	0.07831206364
7330	0.07829597005
7331	0.07827290714
7332	0.07825469072
7333	0.07822946321
7334	0.07821453863
7335	0.07820487615
7336	0.0781833146
7337	0.07815952217
7338	0.07814955589
7339	0.0781338649
7340	0.07812010885
7341	0.07809422257
7342	0.07808361341
7343	0.07806489681
7344	0.07804326047
7345	0.07803831043
7346	0.07802155717
7347	0.07799792204
7348	0.07797448882
7349	0.07795809901
7350	0.0779480155
7351	0.07792244461
7352	0.07789826544
7353	0.07787933398
7354	0.07785543049
7355	0.07784272759
7356	0.07782014761
7357	0.0778057103
7358	0.0777920287
7359	0.07778083363
7360	0.07776531249
7361	0.07775156501
7362	0.07773005319
7363	0.07771117948
7364	0.07769634695
7365	0.0776734957
7366	0.07765464249
7367	0.0776431236
7368	0.07762380576
7369	0.07760647244
7370	0.07758312018
7371	0.07756325063
7372	0.07755100281
7373	0.07753120217
7374	0.07752377886
7375	0.07751195111
7376	0.07749774433
7377	0.07748210053
7378	0.07745983196
7379	0.07744006048
7380	0.07742526361
7381	0.07741462088
7382	0.0773973474
7383	0.07737988571
7384	0.07736838795
7385	0.07734987837
7386	0.07733204755
7387	0.07732206633
7388	0.07730582445
7389	0.0772951575
7390	0.07728190048
7391	0.07726493889
7392	0.07724144297
7393	0.07721706844
7394	0.07720579381
7395	0.07719987232
7396	0.07718511741
7397	0.07715264178
7398	0.07713736513
7399	0.07712325987
7400	0.07710720477
7401	0.07708359992
7402	0.07706780233
7403	0.07705364505
7404	0.07703743913
7405	0.07702779385
7406	0.07701014596
7407	0.07699550762
7408	0.07699053249
7409	0.07698091983
7410	0.07696542447
7411	0.07693891912
7412	0.07692610085
7413	0.07691076344
7414	0.07688548387
7415	0.07686853126
7416	0.07685415122
7417	0.07683675335
7418	0.07681309606
7419	0.07678431505
7420	0.07677843292
7421	0.07676238447
7422	0.07673989807
7423	0.07672787391
7424	0.07671092357
7425	0.07669136681
7426	0.07667419035
7427	0.07666017993
7428	0.07664784643
7429	0.07662212373
7430	0.07660139239
7431	0.07658432645
7432	0.07656087999
7433	0.07654641278
7434	0.07653200781
7435	0.07652697264
7436	0.07651521614
7437	0.07650283077
7438	0.07649616692
7439	0.07649296405
7440	0.0764766966
7441	0.07645288086
7442	0.07642295486
7443	0.0763988609
7444	0.07638085413
7445	0.07636601819
7446	0.0763521243
7447	0.07632879991
7448	0.07632084459
7449	0.07630020823
7450	0.07627959424
7451	0.07626847911
7452	0.07625659919
7453	0.07624551955
7454	0.07623224215
7455	0.07621468409
7456	0.07619267171
7457	0.07618400684
7458	0.07616685669
7459	0.07614991763
7460	0.07612892984
7461	0.07610469098
7462	0.0760776233
7463	0.0760660611
7464	0.07605240803
7465	0.07602917068
7466	0.07601398538
7467	0.07600013992
7468	0.07598704853
7469	0.07597116928
7470	0.07594961352
7471	0.0759307257
7472	0.07592604254
7473	0.07590987423
7474	0.0758988562
7475	0.07588205997
7476	0.07586347936
7477	0.07585572268
7478	0.07583362575
7479	0.07582692728
7480	0.07580740811
7481	0.07579048749
7482	0.07576573496
7483	0.07574919633
7484	0.07573631245
7485	0.07571314173
7486	0.07569595233
7487	0.07567964784
7488	0.07566380947
7489	0.07564420091
7490	0.07562408475
7491	0.07560602833
7492	0.07559531242
7493	0.07558515661
7494	0.07555865711
7495	0.07554428363
7496	0.07554077417
7497	0.07552200764
7498	0.07550427247
7499	0.07548610141
7500	0.07547009641
7501	0.07545451331
7502	0.07544653383
7503	0.07542454862
7504	0.07540456058
7505	0.07539224613
7506	0.07537134604
7507	0.07535416219
7508	0.07533774166
7509	0.07531301956
7510	0.07529926706
7511	0.07528912769
7512	0.07527489722
7513	0.0752571455
7514	0.07524084613
7515	0.07523014614
7516	0.07521732165
7517	0.07519784499
7518	0.07517854246
7519	0.07515730421
7520	0.07514378916
7521	0.07513211066
7522	0.07511266596
7523	0.07510345556
7524	0.07507475643
7525	0.07505874925
7526	0.07503852962
7527	0.07503650988
7528	0.07502911564
7529	0.07501302279
7530	0.07499328788
7531	0.07497577924
7532	0.07495844585
7533	0.07493777132
7534	0.07492664039
7535	0.07491050691
7536	0.07489027546
7537	0.07487493443
7538	0.07486186198
7539	0.07484931163
7540	0.07483790401
7541	0.07481964567
7542	0.07480620129
7543	0.07477742123
7544	0.07476654237
7545	0.07475274288
7546	0.07473190083
7547	0.07471198909
7548	0.07469058863
7549	0.07467343101
7550	0.07465696386
7551	0.07463088252
7552	0.07462406595
7553	0.07460989585
7554	0.0745913408
7555	0.07457939498
7556	0.07456003701
7557	0.07454251465
7558	0.0745258883
7559	0.07450544466
7560	0.0744919592
7561	0.07447513
7562	0.07446438543
7563	0.07445003531
7564	0.07441668734
7565	0.07440494529
7566	0.07438471688
7567	0.07436758183
7568	0.07434224767
7569	0.07431847589
7570	0.07430877287
7571	0.07429286629
7572	0.07427277499
7573	0.07426031114
7574	0.0742392183
7575	0.07422307778
7576	0.07420685452
7577	0.07419606772
7578	0.07417652494
7579	0.0741575887
7580	0.07414276842
7581	0.07412698106
7582	0.07410683021
7583	0.07409250977
7584	0.0740805517
7585	0.07406942138
7586	0.07405192851
7587	0.07403293943
7588	0.07401672963
7589	0.07400940433
7590	0.07399592978
7591	0.07398217384
7592	0.0739570812
7593	0.07394266064
7594	0.07392314607
7595	0.07391534909
7596	0.07389294848
7597	0.07388139171
7598	0.07385974332
7599	0.07384465825
7600	0.07383217417
7601	0.07381987357
7602	0.07380491086
7603	0.0737873132
7604	0.07376740005
7605	0.07374514262
7606	0.0737291724
7607	0.07371872884
7608	0.07369685594
7609	0.07368555023
7610	0.07366740341
7611	0.07364234929
7612	0.07362089667
7613	0.07359973149
7614	0.07357997012
7615	0.07356396341
7616	0.07354877495
7617	0.07353094227
7618	0.07351567037
7619	0.07350971528
7620	0.07350325596
7621	0.07349610947
7622	0.07348126227
7623	0.07346762856
7624	0.07345446171
7625	0.07344889343
7626	0.07342815472
7627	0.07341856726
7628	0.07340865524
7629	0.07339325252
7630	0.07338065475
7631	0.07336747709
7632	0.07335463905
7633	0.07334257595
7634	0.0733208388
7635	0.07330211308
7636	0.07328419956
7637	0.0732637385
7638	0.07324194524
7639	0.07322218298
7640	0.07321005095
7641	0.07318619596
7642	0.07317239187
7643	0.07315077587
7644	0.07313219081
7645	0.07311441843
7646	0.07310636199
7647	0.07308813331
7648	0.07307292315
7649	0.07305893393
7650	0.07303763679
7651	0.07302832439
7652	0.07301075346
7653	0.07299669521
7654	0.07297152506
7655	0.07295098554
7656	0.07294028789
7657	0.07292180243
7658	0.07289916969
7659	0.07288856261
7660	0.07287907145
7661	0.07286462073
7662	0.07285117887
7663	0.07283382258
7664	0.0728240329
7665	0.07280615877
7666	0.07278800793
7667	0.07276526879
7668	0.07275147883
7669	0.07273027597
7670	0.07271779506
7671	0.07270055835
7672	0.07269079009
7673	0.0726792173
7674	0.07265908059
7675	0.07263714402
7676	0.0726283521
7677	0.0726168085
7678	0.07259392374
7679	0.07257981436
7680	0.07255762787
7681	0.07253503869
7682	0.07252121931
7683	0.07250774584
7684	0.07248534944
7685	0.07246582046
7686	0.0724453483
7687	0.07242864744
7688	0.07242018155
7689	0.07241086027
7690	0.07240591456
7691	0.07238544081
7692	0.07235838109
7693	0.07234806384
7694	0.07233379163
7695	0.07231203189
7696	0.07229571589
7697	0.07227356258
7698	0.07225079761
7699	0.07223284547
7700	0.07222098292
7701	0.07220738298
7702	0.0721909427
7703	0.07216975771
7704	0.07214376624
7705	0.07212440636
7706	0.07210588855
7707	0.07208801322
7708	0.07207641236
7709	0.07204896329
7710	0.07203626164
7711	0.0720159002
7712	0.07200426546
7713	0.07197491962
7714	0.07195847494
7715	0.07193514116
7716	0.07192055451
7717	0.07190635805
7718	0.07189226169
7719	0.07187840642
7720	0.07187018088
7721	0.07186270096
7722	0.07184592305
7723	0.07183485132
7724	0.07180691955
7725	0.07179594914
7726	0.07178342596
7727	0.07176888858
7728	0.07174891814
7729	0.0717367311
7730	0.07172984845
7731	0.07171345766
7732	0.07169000309
7733	0.07168581444
7734	0.07167565559
7735	0.07165926897
7736	0.07165205815
7737	0.07163552659
7738	0.07161454693
7739	0.07160353863
7740	0.07158350033
7741	0.07157655766
7742	0.07156765041
7743	0.07154978562
7744	0.07154361761
7745	0.07152979555
7746	0.07151813518
7747	0.07149785348
7748	0.07148399001
7749	0.07146094957
7750	0.07144491951
7751	0.07143415123
7752	0.07141275891
7753	0.07139867033
7754	0.07138560406
7755	0.07136233979
7756	0.07134717093
7757	0.07133497382
7758	0.07131546617
7759	0.07129679644
7760	0.07128729518
7761	0.07126512664
7762	0.07125872252
7763	0.07125075598
7764	0.07122922936
7765	0.07121368287
7766	0.07120571767
7767	0.07119361607
7768	0.07118328372
7769	0.07116401441
7770	0.07114387942
7771	0.07111789221
7772	0.07110006247
7773	0.0710889631
7774	0.0710751957
7775	0.07106456756
7776	0.07105416747
7777	0.07104411708
7778	0.0710272392
7779	0.07101265659
7780	0.0710048958
7781	0.07099181398
7782	0.07097800988
7783	0.07095773829
7784	0.0709383289
7785	0.07092199523
7786	0.07090949921
7787	0.07089524769
7788	0.07087977062
7789	0.07086928816
7790	0.07085387485
7791	0.07084330338
7792	0.07081479233
7793	0.07080783313
7794	0.07079732641
7795	0.07078227821
7796	0.07076317758
7797	0.07074221169
7798	0.07073388107
7799	0.07071863924
7800	0.07071135223
7801	0.0706974704
7802	0.07068608912
7803	0.07067795161
7804	0.07066196459
7805	0.07065292221
7806	0.07063688656
7807	0.07062380946
7808	0.07060170882
7809	0.07057914396
7810	0.07056167417
7811	0.07055228961
7812	0.07054259628
7813	0.07053648019
7814	0.07052847551
7815	0.07050374073
7816	0.07049686588
7817	0.07049045746
7818	0.07047700888
7819	0.07045523794
7820	0.0704358256
7821	0.0704149836
7822	0.07039613496
7823	0.07038321438
7824	0.07037368448
7825	0.07035854896
7826	0.07033768309
7827	0.07031713618
7828	0.07030653897
7829	0.07029225355
7830	0.07028087427
7831	0.07027438754
7832	0.07025613837
7833	0.07024253842
7834	0.07022446055
7835	0.0702140272
7836	0.07019753014
7837	0.07017343806
7838	0.0701604674
7839	0.070145589
7840	0.0701255508
7841	0.07010709861
7842	0.07009379619
7843	0.07007580598
7844	0.07007157349
7845	0.07005739979
7846	0.07003812434
7847	0.07002229416
7848	0.07000534452
7849	0.07000098985
7850	0.06998896209
7851	0.06998138307
7852	0.06996439399
7853	0.06993798161
7854	0.06992362932
7855	0.06990781581
7856	0.06989002639
7857	0.06987070354
7858	0.06985313292
7859	0.06983155331
7860	0.06981717678
7861	0.06981028742
7862	0.06978622395
7863	0.06977420416
7864	0.06976276343
7865	0.06974391446
7866	0.06972876554
7867	0.06970670694
7868	0.06969914445
7869	0.06969089033
7870	0.06967499626
7871	0.06965038823
7872	0.06963798554
7873	0.06962945816
7874	0.06961678815
7875	0.06960153871
7876	0.0695890672
7877	0.06956654478
7878	0.06955289008
7879	0.06953886321
7880	0.06951507035
7881	0.06948600784
7882	0.06946942757
7883	0.06944920494
7884	0.06943455613
7885	0.0694173323
7886	0.06940055683
7887	0.06938302242
7888	0.06936355949
7889	0.06935018034
7890	0.06933781408
7891	0.06932231733
7892	0.06931008232
7893	0.06929288539
7894	0.0692783489
7895	0.06926559857
7896	0.06925655483
7897	0.06923951821
7898	0.06922116855
7899	0.06921428868
7900	0.06919753313
7901	0.06919444331
7902	0.06918183373
7903	0.06915449428
7904	0.0691447374
7905	0.06912272128
7906	0.06911123483
7907	0.06910242214
7908	0.06908880771
7909	0.06907489178
7910	0.06907068098
7911	0.06906393079
7912	0.06905785922
7913	0.06904400009
7914	0.06902537032
7915	0.06901441151
7916	0.06900289253
7917	0.06899331754
7918	0.06897360875
7919	0.06895149465
7920	0.06893702007
7921	0.06893090459
7922	0.0689151326
7923	0.06890406465
7924	0.06889372485
7925	0.06888299788
7926	0.06887600229
7927	0.06886143561
7928	0.06885246538
7929	0.06883786022
7930	0.06882941961
7931	0.06880961079
7932	0.06879128818
7933	0.06878247077
7934	0.06876414383
7935	0.06875218024
7936	0.06873954246
7937	0.06873011085
7938	0.06871081175
7939	0.06870247378
7940	0.06868046415
7941	0.0686655873
7942	0.06864498554
7943	0.06863912591
7944	0.06863210294
7945	0.06861057974
7946	0.06860500201
7947	0.06859286944
7948	0.06857810309
7949	0.06856126718
7950	0.06855194474
7951	0.06853121096
7952	0.0685246715
7953	0.06851163333
7954	0.06850321358
7955	0.06849312357
7956	0.06847051857
7957	0.06845044995
7958	0.06842902809
7959	0.06841570029
7960	0.06839853149
7961	0.06838198444
7962	0.06836855055
7963	0.0683601617
7964	0.06835610166
7965	0.06834775651
7966	0.06833941906
7967	0.06833007293
7968	0.06831808215
7969	0.0683068668
7970	0.06829163976
7971	0.0682794674
7972	0.0682686507
7973	0.06824399561
7974	0.06821998974
7975	0.06820955471
7976	0.06818034893
7977	0.06815551446
7978	0.06813804732
7979	0.06812939858
7980	0.06811486144
7981	0.06810224938
7982	0.06808465651
7983	0.06806889256
7984	0.06805546058
7985	0.06803841075
7986	0.06802574798
7987	0.06800391537
7988	0.06798730925
7989	0.06797277076
7990	0.06796532115
7991	0.06795481772
7992	0.06794880808
7993	0.06793570739
7994	0.06792027604
7995	0.0679060865
7996	0.06790315725
7997	0.06789530862
7998	0.06788158338
7999	0.06786552576
8000	0.06784139308
8001	0.06782646361
8002	0.06780936416
8003	0.06779019357
8004	0.06778127718
8005	0.06777100586
8006	0.06775969812
8007	0.06774448735
8008	0.0677384428
8009	0.06772280308
8010	0.0677068725
8011	0.06769671755
8012	0.06768590145
8013	0.06766485648
8014	0.06765739459
8015	0.0676255243
8016	0.06761152997
8017	0.0675928774
8018	0.06758523448
8019	0.06757214916
8020	0.06756110064
8021	0.06754207563
8022	0.06752276328
8023	0.06750683065
8024	0.06748499331
8025	0.06747332339
8026	0.06745483316
8027	0.06744875278
8028	0.06743272679
8029	0.06741096649
8030	0.06739703659
8031	0.06738234005
8032	0.06737829117
8033	0.0673568031
8034	0.06733643763
8035	0.06732868905
8036	0.06731046018
8037	0.06729357849
8038	0.06727506486
8039	0.06725684756
8040	0.06724462842
8041	0.0672251954
8042	0.06721721013
8043	0.06720857196
8044	0.06719992203
8045	0.06719019931
8046	0.06716863193
8047	0.06715020101
8048	0.06713996381
8049	0.06712584615
8050	0.06711619813
8051	0.06710047057
8052	0.06708154521
8053	0.06707132683
8054	0.06706359578
8055	0.0670558035
8056	0.06704449662
8057	0.06702885915
8058	0.06701100486
8059	0.06700140506
8060	0.06697850215
8061	0.06696629143
8062	0.0669504361
8063	0.0669264899
8064	0.06691156907
8065	0.06690194747
8066	0.06688971517
8067	0.06686609388
8068	0.06684767817
8069	0.06683086164
8070	0.06681740728
8071	0.06680689371
8072	0.06680018177
8073	0.06677836631
8074	0.06677022301
8075	0.0667537467
8076	0.06673228219
8077	0.06672550837
8078	0.06671024649
8079	0.06669999052
8080	0.06668600102
8081	0.06666814109
8082	0.06665909233
8083	0.06664375037
8084	0.06664009397
8085	0.06663420025
8086	0.06662170061
8087	0.06661188785
8088	0.06659137719
8089	0.06657478033
8090	0.06655486188
8091	0.06654028399
8092	0.06652123533
8093	0.06650778993
8094	0.0665016053
8095	0.06648173347
8096	0.06647343638
8097	0.06645569622
8098	0.066447334
8099	0.06643771139
8100	0.06642191179
8101	0.0664143278
8102	0.06640059417
8103	0.06639158192
8104	0.06638444159
8105	0.06637111168
8106	0.06635892364
8107	0.06634486491
8108	0.06633613983
8109	0.0663138281
8110	0.06629125561
8111	0.06627734471
8112	0.06627158581
8113	0.06625664879
8114	0.06624080181
8115	0.06623180705
8116	0.06621814517
8117	0.06620782939
8118	0.06618292505
8119	0.06617704556
8120	0.06616716602
8121	0.06615299275
8122	0.06613248655
8123	0.06611670167
8124	0.06609772589
8125	0.06607545671
8126	0.06606351549
8127	0.06605345468
8128	0.06603424792
8129	0.06601982657
8130	0.06600178185
8131	0.06599052491
8132	0.06598396851
8133	0.06596389212
8134	0.06594733148
8135	0.06592983288
8136	0.06592078759
8137	0.06590631125
8138	0.06589625682
8139	0.06588859761
8140	0.06587540438
8141	0.06585863137
8142	0.06584648607
8143	0.06582134013
8144	0.06580919759
8145	0.0657930734
8146	0.06578558204
8147	0.06577333188
8148	0.06575833712
8149	0.06573827368
8150	0.06572705448
8151	0.06571342708
8152	0.06570345685
8153	0.06568820595
8154	0.06567413585
8155	0.06565498913
8156	0.06564361392
8157	0.06562781517
8158	0.06561489481
8159	0.06560491604
8160	0.06559694463
8161	0.0655902897
8162	0.0655841344
8163	0.06557390636
8164	0.06555396145
8165	0.06554553381
8166	0.06553452544
8167	0.06552631248
8168	0.0655102269
8169	0.06549925448
8170	0.06548123018
8171	0.06546427289
8172	0.06546128859
8173	0.06543879063
8174	0.06542262469
8175	0.06541207774
8176	0.06540498597
8177	0.06539048528
8178	0.0653782481
8179	0.06536853816
8180	0.06535409591
8181	0.06533586473
8182	0.06532324505
8183	0.06530800478
8184	0.06529344789
8185	0.06528160531
8186	0.06526244317
8187	0.06524986626
8188	0.06524419379
8189	0.06522710274
8190	0.06520742103
8191	0.06519903842
8192	0.06518300798
8193	0.06516122963
8194	0.06514886246
8195	0.06513442359
8196	0.06512160831
8197	0.06511120712
8198	0.06510325442
8199	0.06509437488
8200	0.06507709641
8201	0.06506579496
8202	0.06504934977
8203	0.06503514129
8204	0.06502068121
8205	0.06500378096
8206	0.06498647871
8207	0.06497744784
8208	0.06496507314
8209	0.06494963319
8210	0.06494000115
8211	0.0649277068
8212	0.06490860504
8213	0.06489382248
8214	0.06488400323
8215	0.06486718078
8216	0.06484671357
8217	0.06482811
8218	0.06481461381
8219	0.06480561786
8220	0.06479208068
8221	0.0647712203
8222	0.06475452114
8223	0.06474853823
8224	0.06473927659
8225	0.06471543706
8226	0.06470138558
8227	0.06469161064
8228	0.06467487707
8229	0.06465556615
8230	0.06464375415
8231	0.06463416099
8232	0.06462336091
8233	0.06461592347
8234	0.06459577203
8235	0.06458233747
8236	0.06457062531
8237	0.06455507316
8238	0.06452690374
8239	0.06451074952
8240	0.06450427636
8241	0.06448744196
8242	0.06447311914
8243	0.06446048253
8244	0.06444573597
8245	0.06443103505
8246	0.06441490839
8247	0.06439530746
8248	0.06437720809
8249	0.06436429933
8250	0.06435204527
8251	0.06432521538
8252	0.06431177483
8253	0.06429530759
8254	0.06428077992
8255	0.06426743572
8256	0.0642470692
8257	0.06422415562
8258	0.06420844289
8259	0.06419889395
8260	0.06418972984
8261	0.06417808479
8262	0.06416648894
8263	0.06415074247
8264	0.06413175119
8265	0.06412385939
8266	0.06410543029
8267	0.06409956403
8268	0.06408214372
8269	0.06407036785
8270	0.06405232003
8271	0.06403930631
8272	0.06402083117
8273	0.06401398663
8274	0.06400440224
8275	0.06399521211
8276	0.06396980544
8277	0.06395591897
8278	0.06393538805
8279	0.06392695807
8280	0.06391862713
8281	0.06390174223
8282	0.06387837057
8283	0.06386329854
8284	0.06384320504
8285	0.06383618798
8286	0.06381342941
8287	0.06380115332
8288	0.06378519505
8289	0.06377191364
8290	0.06375958042
8291	0.06374941328
8292	0.06373845639
8293	0.06373395229
8294	0.06372427721
8295	0.063705563
8296	0.063689372
8297	0.06367126207
8298	0.06365763998
8299	0.06364719287
8300	0.06362975628
8301	0.06362568281
8302	0.06360349645
8303	0.06359913765
8304	0.06358784525
8305	0.06356792577
8306	0.06355807458
8307	0.06354162154
8308	0.06352994426
8309	0.06351311095
8310	0.06349919809
8311	0.06349376569
8312	0.06347609821
8313	0.06346386387
8314	0.06345405311
8315	0.06344072573
8316	0.06342914687
8317	0.06342225607
8318	0.06340168122
8319	0.06339014689
8320	0.06337466988
8321	0.06335581696
8322	0.06334318381
8323	0.06332909998
8324	0.0633103173
8325	0.06329908519
8326	0.06328796012
8327	0.06328049622
8328	0.06326567619
8329	0.06325584797
8330	0.06324588789
8331	0.06323603992
8332	0.06322471451
8333	0.06320835539
8334	0.06319445636
8335	0.06318073227
8336	0.06317479067
8337	0.06316010869
8338	0.06314888389
8339	0.06313706507
8340	0.06313168841
8341	0.063123299
8342	0.06311378151
8343	0.06310489575
8344	0.06309494105
8345	0.06307524971
8346	0.06306527222
8347	0.06305111952
8348	0.06303549512
8349	0.06301894834
8350	0.06300644181
8351	0.0629896252
8352	0.06298000416
8353	0.0629706844
8354	0.06295532355
8355	0.06294564441
8356	0.06292735223
8357	0.06291255105
8358	0.06288540643
8359	0.0628671583
8360	0.06285717358
8361	0.06283674165
8362	0.06281669549
8363	0.06281005673
8364	0.06279770647
8365	0.06278247844
8366	0.06277576066
8367	0.06276043937
8368	0.06274550972
8369	0.06273476617
8370	0.06271639626
8371	0.06270076081
8372	0.0626894443
8373	0.06268172217
8374	0.0626673066
8375	0.06265726628
8376	0.06264849947
8377	0.06263953939
8378	0.06262191975
8379	0.06260571142
8380	0.06258570441
8381	0.06256107933
8382	0.06254687203
8383	0.06254297874
8384	0.0625271864
8385	0.06251126782
8386	0.06248380659
8387	0.06247237782
8388	0.06245915612
8389	0.0624464662
8390	0.06243554183
8391	0.06241432119
8392	0.06240201122
8393	0.0623906379
8394	0.06238368274
8395	0.06236184783
8396	0.06234776233
8397	0.06233340291
8398	0.06232320117
8399	0.06231568146
8400	0.06230464825
8401	0.0622898868
8402	0.06227680555
8403	0.06225998896
8404	0.06225315051
8405	0.062243348
8406	0.06223087653
8407	0.06221354423
8408	0.06219720781
8409	0.06218621978
8410	0.06217124863
8411	0.06215605591
8412	0.06214651463
8413	0.06213691567
8414	0.06212650838
8415	0.06211386556
8416	0.0621093689
8417	0.06209865634
8418	0.06208871662
8419	0.0620687026
8420	0.06205555566
8421	0.06203815608
8422	0.0620336286
8423	0.06201882457
8424	0.06201040304
8425	0.06199603987
8426	0.06197068562
8427	0.06195650176
8428	0.0619493783
8429	0.06193097216
8430	0.06190916572
8431	0.06188763276
8432	0.06187920127
8433	0.06187484171
8434	0.06185362473
8435	0.06183468323
8436	0.06182395479
8437	0.06181157826
8438	0.06180112916
8439	0.06178544083
8440	0.06177371363
8441	0.06176119231
8442	0.06175350793
8443	0.06174042679
8444	0.06172106495
8445	0.06171042821
8446	0.0616973332
8447	0.0616801378
8448	0.06166970957
8449	0.06165605448
8450	0.06164555684
8451	0.06162882665
8452	0.06161953072
8453	0.06160573366
8454	0.06159535187
8455	0.06158041621
8456	0.06157245387
8457	0.06156182132
8458	0.06155356415
8459	0.06153986763
8460	0.06153344822
8461	0.06151659174
8462	0.06150563774
8463	0.06149465815
8464	0.06147821884
8465	0.06146092924
8466	0.06144310267
8467	0.06142624364
8468	0.06141058353
8469	0.06139791164
8470	0.06138933232
8471	0.06137986008
8472	0.06136782293
8473	0.06135377059
8474	0.06133737275
8475	0.06131936557
8476	0.06131246376
8477	0.06129551541
8478	0.06127717369
8479	0.06126484062
8480	0.0612600912
8481	0.06124495765
8482	0.06122695483
8483	0.06121501278
8484	0.06120067277
8485	0.06119414602
8486	0.06117620558
8487	0.06116691203
8488	0.06115491165
8489	0.06114797446
8490	0.06113692455
8491	0.06113102517
8492	0.06111948487
8493	0.06110894875
8494	0.06109969421
8495	0.06108525132
8496	0.06107178145
8497	0.06106345215
8498	0.06105660012
8499	0.06105140103
8500	0.0610438306
8501	0.06102803273
8502	0.06102033638
8503	0.06100234783
8504	0.0609940725
8505	0.06098683892
8506	0.06097701045
8507	0.06095578892
8508	0.06094606224
8509	0.06093620094
8510	0.06092135573
8511	0.06090352243
8512	0.06089079608
8513	0.06087596751
8514	0.06086175557
8515	0.06085309274
8516	0.06083568996
8517	0.06082953544
8518	0.06081264333
8519	0.06079896708
8520	0.06078814437
8521	0.06077348693
8522	0.06076359508
8523	0.06075514373
8524	0.06074156767
8525	0.06073141943
8526	0.06071865177
8527	0.06070253499
8528	0.06069056591
8529	0.06068451581
8530	0.06066707681
8531	0.06064656374
8532	0.06064009011
8533	0.06062434836
8534	0.06061810172
8535	0.06061026692
8536	0.06059186105
8537	0.06058324228
8538	0.06057631494
8539	0.06055403223
8540	0.06054085873
8541	0.06053577214
8542	0.06051729521
8543	0.06050198598
8544	0.06049297112
8545	0.06048243146
8546	0.0604634862
8547	0.06044512921
8548	0.06043214755
8549	0.06041450266
8550	0.06039947695
8551	0.06038930221
8552	0.06038029231
8553	0.06036074743
8554	0.06034313031
8555	0.0603293402
8556	0.0603177027
8557	0.0602985194
8558	0.06028332235
8559	0.06027622317
8560	0.06025976538
8561	0.06025137722
8562	0.06024132986
8563	0.06023306753
8564	0.06022308601
8565	0.06020551298
8566	0.06019451435
8567	0.06018813783
8568	0.06017384267
8569	0.06015711572
8570	0.06014982904
8571	0.06014571965
8572	0.06013683859
8573	0.06012007562
8574	0.06010667753
8575	0.06010218295
8576	0.06008623728
8577	0.06007861093
8578	0.06006641172
8579	0.06005365056
8580	0.06004572286
8581	0.06003469594
8582	0.0600277859
8583	0.06000602409
8584	0.05998414173
8585	0.05997718789
8586	0.05996723867
8587	0.0599606792
8588	0.05995258272
8589	0.05993970892
8590	0.05992726638
8591	0.05990736472
8592	0.05989788593
8593	0.05988912465
8594	0.05987443282
8595	0.05985154807
8596	0.05983864814
8597	0.05982782542
8598	0.05981320239
8599	0.05979630394
8600	0.05978377221
8601	0.05977011051
8602	0.05975823847
8603	0.05974682895
8604	0.05973316247
8605	0.05972521526
8606	0.05971358967
8607	0.05969959882
8608	0.05969018097
8609	0.05968127779
8610	0.05966748324
8611	0.05965586501
8612	0.0596413394
8613	0.05962936796
8614	0.05962110675
8615	0.05960701642
8616	0.05959417212
8617	0.05958588698
8618	0.05956589405
8619	0.05955923426
8620	0.05954135858
8621	0.05953816619
8622	0.05951401057
8623	0.05950271877
8624	0.05948800611
8625	0.05947676822
8626	0.05946921672
8627	0.05945643897
8628	0.0594453146
8629	0.05943242247
8630	0.05941266058
8631	0.05939954163
8632	0.05939060739
8633	0.05936798647
8634	0.0593491506
8635	0.05933679707
8636	0.0593286905
8637	0.05931962461
8638	0.05931222478
8639	0.05930003346
8640	0.05928112347
8641	0.05927114746
8642	0.05925931233
8643	0.05924640439
8644	0.0592370193
8645	0.05922154409
8646	0.05920489715
8647	0.0591936264
8648	0.05918408501
8649	0.05916401288
8650	0.05915264601
8651	0.05913864102
8652	0.0591259471
8653	0.05910892665
8654	0.05909642681
8655	0.05908253568
8656	0.05906660233
8657	0.05904579117
8658	0.05903333711
8659	0.05901903802
8660	0.05900413749
8661	0.05899279782
8662	0.05898351886
8663	0.05896281405
8664	0.05894542521
8665	0.05893625285
8666	0.05892190615
8667	0.05890414125
8668	0.05889120065
8669	0.05887327
8670	0.05886255943
8671	0.05885397497
8672	0.05884380088
8673	0.0588316269
8674	0.05881751714
8675	0.05880638392
8676	0.05879584441
8677	0.05878712662
8678	0.05877982044
8679	0.05877239612
8680	0.05877058762
8681	0.05876143239
8682	0.05874806167
8683	0.05873919421
8684	0.05873151528
8685	0.05872576822
8686	0.05871845992
8687	0.05870998561
8688	0.05870230058
8689	0.05869001544
8690	0.05867843226
8691	0.05866544861
8692	0.05865751748
8693	0.05864006936
8694	0.05863029247
8695	0.05861788484
8696	0.05860641651
8697	0.05858973538
8698	0.05857642274
8699	0.0585634076
8700	0.05855773377
8701	0.05855014676
8702	0.05853121103
8703	0.05851883868
8704	0.05850566388
8705	0.0584980818
8706	0.05849078025
8707	0.05847273656
8708	0.0584629624
8709	0.05845687181
8710	0.05844002355
8711	0.05843301008
8712	0.05842067551
8713	0.05841069755
8714	0.05839705374
8715	0.05839281272
8716	0.05837251919
8717	0.05836408743
8718	0.058351266
8719	0.05834441796
8720	0.05833431889
8721	0.05832773274
8722	0.05831861872
8723	0.05830712642
8724	0.05829977192
8725	0.05828701551
8726	0.05827904213
8727	0.05826800606
8728	0.05824913433
8729	0.05824012722
8730	0.05822531526
8731	0.0582093939
8732	0.05819230477
8733	0.05817575615
8734	0.05816165747
8735	0.0581488256
8736	0.05814140729
8737	0.05813337151
8738	0.05812875967
8739	0.05811979101
8740	0.05811385483
8741	0.05810210711
8742	0.05808406525
8743	0.05807503501
8744	0.05806976884
8745	0.05805306119
8746	0.05804685317
8747	0.05803488417
8748	0.05802363624
8749	0.05801726612
8750	0.05800881753
8751	0.0579952755
8752	0.05798431519
8753	0.05797336947
8754	0.05796187571
8755	0.05794563763
8756	0.05793594365
8757	0.05792145315
8758	0.05791781125
8759	0.05790473496
8760	0.05789702731
8761	0.05788552194
8762	0.05787440824
8763	0.0578645779
8764	0.0578518047
8765	0.05784564368
8766	0.05783465084
8767	0.05782728213
8768	0.0578092083
8769	0.05779454936
8770	0.05778043748
8771	0.05776912778
8772	0.05775500602
8773	0.05773935532
8774	0.05773125759
8775	0.05772576385
8776	0.0577107266
8777	0.0576951056
8778	0.05767700793
8779	0.05766594543
8780	0.05765233295
8781	0.05764945133
8782	0.05763659349
8783	0.05762505223
8784	0.057620024
8785	0.05761954171
8786	0.05761256865
8787	0.0575979603
8788	0.05759318338
8789	0.05758376228
8790	0.05757666144
8791	0.05756691012
8792	0.0575593024
8793	0.05755038535
8794	0.05753948093
8795	0.0575316538
8796	0.0575124384
8797	0.05749891999
8798	0.05748548225
8799	0.05748068812
8800	0.0574599546
8801	0.05745156335
8802	0.05744740408
8803	0.05744071499
8804	0.05743047551
8805	0.05742489637
8806	0.05741714533
8807	0.05739437735
8808	0.05738287669
8809	0.05737418947
8810	0.05736067077
8811	0.05735304308
8812	0.05734601088
8813	0.05733046528
8814	0.05731308283
8815	0.05729954676
8816	0.05728701338
8817	0.05727876665
8818	0.05726226797
8819	0.05725186404
8820	0.0572364999
8821	0.05722763109
8822	0.0572157026
8823	0.05720899036
8824	0.05719482928
8825	0.05718363755
8826	0.05716374627
8827	0.05715495837
8828	0.05714185938
8829	0.05713510934
8830	0.05711863497
8831	0.0571040692
8832	0.05708758467
8833	0.05707339083
8834	0.05706190399
8835	0.05705058688
8836	0.05703425893
8837	0.0570249113
8838	0.05701457935
8839	0.05699794808
8840	0.05698499055
8841	0.05697726528
8842	0.05696248125
8843	0.05694725892
8844	0.05693666865
8845	0.05693061077
8846	0.05691886048
8847	0.05691058112
8848	0.05689407543
8849	0.05689001005
8850	0.05687078962
8851	0.05686113793
8852	0.05684684863
8853	0.05683283028
8854	0.05682465007
8855	0.05681669993
8856	0.05680491042
8857	0.05679390587
8858	0.05678348696
8859	0.0567716444
8860	0.05675862993
8861	0.05675299756
8862	0.05674015101
8863	0.05673392673
8864	0.05672212054
8865	0.05670888668
8866	0.05669359518
8867	0.05668232935
8868	0.05667146716
8869	0.05665653139
8870	0.05664523066
8871	0.05664042837
8872	0.05663013409
8873	0.05662329695
8874	0.05661370511
8875	0.05659902906
8876	0.05658898675
8877	0.0565805579
8878	0.05657697737
8879	0.0565703157
8880	0.05655297093
8881	0.05654119504
8882	0.05652979889
8883	0.05651592425
8884	0.05650841475
8885	0.05649953742
8886	0.05648911578
8887	0.05647560819
8888	0.05646954015
8889	0.05645580154
8890	0.05644880041
8891	0.05643691441
8892	0.0564299251
8893	0.05642180598
8894	0.05640805951
8895	0.05639363608
8896	0.05638661062
8897	0.05637823977
8898	0.05636515934
8899	0.05635767332
8900	0.05633642458
8901	0.05632710067
8902	0.05631740087
8903	0.05630490414
8904	0.05629231323
8905	0.05627970495
8906	0.05627367292
8907	0.05626324228
8908	0.05625407244
8909	0.05624864764
8910	0.05623640546
8911	0.05622527128
8912	0.05620834079
8913	0.05619320755
8914	0.05617195049
8915	0.05616446131
8916	0.0561535
8917	0.05614801092
8918	0.05614409095
8919	0.05613057616
8920	0.05611604369
8921	0.0561142396
8922	0.05610183244
8923	0.05608845927
8924	0.0560749532
8925	0.05606004872
8926	0.05605087675
8927	0.05603900995
8928	0.05603043715
8929	0.05601995309
8930	0.05600751627
8931	0.0559997927
8932	0.05598728105
8933	0.05597837094
8934	0.05597169769
8935	0.05595947878
8936	0.0559543451
8937	0.05594559205
8938	0.05593414417
8939	0.05592577756
8940	0.05591695885
8941	0.05589396322
8942	0.05588052914
8943	0.0558691497
8944	0.05586149087
8945	0.05585071554
8946	0.05583793241
8947	0.05582836035
8948	0.05582270088
8949	0.05581205143
8950	0.05580267842
8951	0.05578402545
8952	0.05577006863
8953	0.05576415149
8954	0.05575251749
8955	0.05574542492
8956	0.05573590253
8957	0.05572313578
8958	0.05571194366
8959	0.05569964712
8960	0.05569005728
8961	0.05568093902
8962	0.05566438029
8963	0.05565069839
8964	0.05564502316
8965	0.05562718841
8966	0.05561688585
8967	0.05560556502
8968	0.0555968371
8969	0.05558390204
8970	0.05557530161
8971	0.05556376479
8972	0.0555526214
8973	0.05554153375
8974	0.05552955352
8975	0.05552264537
8976	0.05551051752
8977	0.05550103556
8978	0.05548885681
8979	0.055476986
8980	0.05547152874
8981	0.05545771816
8982	0.0554464057
8983	0.05543954872
8984	0.05542604251
8985	0.05540988446
8986	0.05539428825
8987	0.05537963549
8988	0.05536823869
8989	0.05535241591
8990	0.05534301791
8991	0.05533178214
8992	0.05532584558
8993	0.05531543852
8994	0.05530565748
8995	0.05528806739
8996	0.05526932882
8997	0.05526407155
8998	0.05524483186
8999	0.05523304076
9000	0.05522700799
9001	0.05522034839
9002	0.05521036694
9003	0.05519889901
9004	0.05518409334
9005	0.05516991975
9006	0.05515871495
9007	0.05514386558
9008	0.05513181034
9009	0.05512507034
9010	0.05511748846
9011	0.05510364093
9012	0.05508973471
9013	0.05508340847
9014	0.05507215721
9015	0.05506271202
9016	0.05505543942
9017	0.05504378179
9018	0.0550309499
9019	0.05501535178
9020	0.05500276859
9021	0.05499505903
9022	0.05497998688
9023	0.05497008692
9024	0.05496100589
9025	0.0549510549
9026	0.05493550678
9027	0.05491941038
9028	0.05491211608
9029	0.05489947207
9030	0.05489060047
9031	0.05488056819
9032	0.05487138943
9033	0.05486260488
9034	0.05484835336
9035	0.05483259791
9036	0.05481305266
9037	0.05479589182
9038	0.05478104861
9039	0.05477226182
9040	0.05475297688
9041	0.05474020261
9042	0.05473093515
9043	0.05471100758
9044	0.05470200196
9045	0.05469063921
9046	0.05468665293
9047	0.05467851557
9048	0.05466057265
9049	0.0546529175
9050	0.05464071126
9051	0.05463015677
9052	0.0546228072
9053	0.05461183171
9054	0.05460780172
9055	0.05459068848
9056	0.05458645937
9057	0.05457665579
9058	0.05456602454
9059	0.05455228434
9060	0.05454685474
9061	0.05453680548
9062	0.054524515
9063	0.0545191313
9064	0.05450705621
9065	0.05450407183
9066	0.05449423769
9067	0.05448428456
9068	0.05446802985
9069	0.05445718609
9070	0.05444497608
9071	0.05443577584
9072	0.05442162206
9073	0.05440912083
9074	0.05439815576
9075	0.0543871399
9076	0.05437149959
9077	0.05436083633
9078	0.05434934397
9079	0.05433174643
9080	0.0543171105
9081	0.05430960106
9082	0.05430137521
9083	0.05429099096
9084	0.05428412228
9085	0.05427379187
9086	0.05426734019
9087	0.05425468237
9088	0.05424748682
9089	0.05423491607
9090	0.05422463254
9091	0.05421358214
9092	0.0542035434
9093	0.05419807227
9094	0.05419132454
9095	0.05417961255
9096	0.05417333835
9097	0.05416453259
9098	0.05416060725
9099	0.05414690922
9100	0.05413504819
9101	0.05412476981
9102	0.05411033049
9103	0.05410357116
9104	0.05409341416
9105	0.05408007803
9106	0.05406682926
9107	0.05405916512
9108	0.05405769736
9109	0.05404772377
9110	0.05403650098
9111	0.05402562968
9112	0.0540125601
9113	0.05400466475
9114	0.05399061378
9115	0.05397960786
9116	0.05396193822
9117	0.0539539699
9118	0.05394981349
9119	0.05393769726
9120	0.05392482696
9121	0.05391311187
9122	0.05389565084
9123	0.05388083014
9124	0.05386913019
9125	0.05386499618
9126	0.05385592166
9127	0.05384892129
9128	0.05384177374
9129	0.0538289582
9130	0.05382049458
9131	0.05380971243
9132	0.05379751698
9133	0.05378646681
9134	0.05377234256
9135	0.05376473651
9136	0.05375899121
9137	0.05374829854
9138	0.05373700998
9139	0.05372976997
9140	0.05371698907
9141	0.05371004676
9142	0.05369791027
9143	0.05369400115
9144	0.05368115437
9145	0.05367347867
9146	0.05366365007
9147	0.05365559503
9148	0.05363922812
9149	0.05363241786
9150	0.05362598234
9151	0.0536224953
9152	0.05361203411
9153	0.05360744663
9154	0.05359687149
9155	0.05358455525
9156	0.05357170905
9157	0.05356493671
9158	0.05355148667
9159	0.05354297695
9160	0.05352712082
9161	0.05351497107
9162	0.05351194021
9163	0.05349805987
9164	0.05348971593
9165	0.05348229359
9166	0.05346958961
9167	0.05346081836
9168	0.05345127529
9169	0.05343489173
9170	0.05341961516
9171	0.05341118604
9172	0.05339892525
9173	0.05339058458
9174	0.0533809514
9175	0.05336820823
9176	0.05334988516
9177	0.05334308291
9178	0.0533311542
9179	0.05332615159
9180	0.05331930067
9181	0.05330609875
9182	0.05329283484
9183	0.0532721157
9184	0.05326205123
9185	0.05324504198
9186	0.05322911319
9187	0.05321785131
9188	0.05320993247
9189	0.05319485526
9190	0.053184664
9191	0.05317129695
9192	0.05316269225
9193	0.05315594468
9194	0.05314827489
9195	0.05313373752
9196	0.05312265242
9197	0.05311457483
9198	0.05309607273
9199	0.05308658994
9200	0.05307700079
9201	0.0530660052
9202	0.05305301454
9203	0.05304349149
9204	0.05302956347
9205	0.05301777001
9206	0.0530012447
9207	0.05299060614
9208	0.05298586934
9209	0.05297042704
9210	0.05296356148
9211	0.05295686313
9212	0.05295064958
9213	0.05294138898
9214	0.05293081033
9215	0.05292044036
9216	0.05290965444
9217	0.05290235971
9218	0.05289163637
9219	0.05287554619
9220	0.05286970956
9221	0.0528617689
9222	0.05285627933
9223	0.05284474242
9224	0.05282706625
9225	0.05282204052
9226	0.05281066234
9227	0.05279571058
9228	0.05278583693
9229	0.05277829871
9230	0.05276897531
9231	0.05275735948
9232	0.0527472886
9233	0.05273843597
9234	0.05272220421
9235	0.05271309633
9236	0.05270256404
9237	0.05269277306
9238	0.05268170503
9239	0.05267658888
9240	0.05266969489
9241	0.05266182839
9242	0.05265490339
9243	0.05265052084
9244	0.05264448196
9245	0.0526359053
9246	0.05262579417
9247	0.05261882545
9248	0.05260591862
9249	0.05259909985
9250	0.05258378287
9251	0.05257602833
9252	0.05256399546
9253	0.05255095182
9254	0.05252854999
9255	0.05251378535
9256	0.05250346563
9257	0.05248859559
9258	0.05246924489
9259	0.05246113117
9260	0.05245816928
9261	0.05245317057
9262	0.05244736297
9263	0.05244150111
9264	0.05242893388
9265	0.05241620803
9266	0.05240150193
9267	0.05238979604
9268	0.05238116736
9269	0.05237125745
9270	0.05235644383
9271	0.0523455532
9272	0.05233667182
9273	0.0523347896
9274	0.0523225594
9275	0.05231373626
9276	0.0523005388
9277	0.052287399
9278	0.05227742814
9279	0.05226794074
9280	0.0522554334
9281	0.05224405061
9282	0.05223464041
9283	0.05223210083
9284	0.05222449335
9285	0.05221457589
9286	0.05220733265
9287	0.05220122064
9288	0.05219589716
9289	0.05218852691
9290	0.05218395629
9291	0.05217158116
9292	0.05216107368
9293	0.0521539395
9294	0.05214881882
9295	0.05213955921
9296	0.05212988076
9297	0.05212395421
9298	0.05211469309
9299	0.05210768084
9300	0.05210005783
9301	0.05208973944
9302	0.05207823923
9303	0.05206388915
9304	0.05205632841
9305	0.05204594392
9306	0.05203675612
9307	0.05202709267
9308	0.05202002199
9309	0.05201457423
9310	0.05200310222
9311	0.05199408951
9312	0.05197953104
9313	0.05196956034
9314	0.0519517026
9315	0.05194327634
9316	0.05193122034
9317	0.05191935081
9318	0.05191683066
9319	0.05190148054
9320	0.0518881323
9321	0.05187346307
9322	0.05186133234
9323	0.05185273884
9324	0.0518381029
9325	0.05182849218
9326	0.0518225742
9327	0.05181126128
9328	0.05180629547
9329	0.05179357931
9330	0.05178603746
9331	0.05177254165
9332	0.05176786948
9333	0.05175653388
9334	0.05174145142
9335	0.05173657295
9336	0.051727603
9337	0.05171931567
9338	0.05170908647
9339	0.05169763688
9340	0.05168746268
9341	0.05167996948
9342	0.05166730285
9343	0.05165876187
9344	0.05164786535
9345	0.05163696196
9346	0.05162552467
9347	0.05161054191
9348	0.05159744023
9349	0.05158391345
9350	0.05157876113
9351	0.05156962292
9352	0.0515593597
9353	0.05154389201
9354	0.05153773065
9355	0.05152399231
9356	0.05151612767
9357	0.05150407525
9358	0.05150041094
9359	0.05149080089
9360	0.05148159333
9361	0.05147651051
9362	0.05146827956
9363	0.05146139972
9364	0.05145244491
9365	0.05144663962
9366	0.05142985211
9367	0.05141584974
9368	0.05141137168
9369	0.05140307735
9370	0.05138778748
9371	0.05138291614
9372	0.05137564182
9373	0.05136738596
9374	0.05135811263
9375	0.05134417728
9376	0.05133254863
9377	0.05131831229
9378	0.05131166252
9379	0.0513049708
9380	0.05129544869
9381	0.05128717447
9382	0.05128096932
9383	0.05126300182
9384	0.051249353
9385	0.05123790204
9386	0.05123173691
9387	0.05122665834
9388	0.05121515719
9389	0.0512033147
9390	0.05119370764
9391	0.05118018577
9392	0.05116701874
9393	0.05115263263
9394	0.05114241529
9395	0.05113446485
9396	0.05112220471
9397	0.05110960183
9398	0.05110488716
9399	0.0510918597
9400	0.05107842474
9401	0.05107009379
9402	0.0510599976
9403	0.05104980414
9404	0.05103977244
9405	0.05102920807
9406	0.05102117228
9407	0.05101413049
9408	0.05100404434
9409	0.05098687247
9410	0.05097436309
9411	0.05096512797
9412	0.05095098372
9413	0.05094178786
9414	0.05093433171
9415	0.05092816483
9416	0.05091606006
9417	0.05090978131
9418	0.05089500237
9419	0.05088740609
9420	0.0508769831
9421	0.05086740895
9422	0.05086042682
9423	0.05085477028
9424	0.05084572709
9425	0.05083681252
9426	0.0508258575
9427	0.05081724114
9428	0.05080713656
9429	0.05079268925
9430	0.05078046295
9431	0.05077241506
9432	0.05076513021
9433	0.05075971921
9434	0.05075291146
9435	0.05074230553
9436	0.050737406
9437	0.05073119261
9438	0.0507251977
9439	0.05071705188
9440	0.05070720749
9441	0.0506971962
9442	0.05068102553
9443	0.05067005999
9444	0.05066460975
9445	0.05065738538
9446	0.05064764225
9447	0.05063183536
9448	0.05062436983
9449	0.05061883723
9450	0.05060955568
9451	0.05059863445
9452	0.05059078242
9453	0.05058081438
9454	0.05056401474
9455	0.0505603282
9456	0.05055086579
9457	0.0505415041
9458	0.0505342316
9459	0.05052898132
9460	0.05052317092
9461	0.05051479939
9462	0.0505067674
9463	0.05048648387
9464	0.0504741558
9465	0.05046313997
9466	0.05045632938
9467	0.05044406591
9468	0.05043356271
9469	0.05041755101
9470	0.05040853569
9471	0.05039830918
9472	0.05038763332
9473	0.05037903503
9474	0.05037144946
9475	0.05036268865
9476	0.05035736979
9477	0.05034277926
9478	0.05032765996
9479	0.05031466668
9480	0.05031098019
9481	0.05029646936
9482	0.05028387473
9483	0.05027414374
9484	0.05026945683
9485	0.05025916727
9486	0.05025443108
9487	0.05024710496
9488	0.05022744686
9489	0.05021919016
9490	0.05020953746
9491	0.05019689051
9492	0.05018957363
9493	0.05017779067
9494	0.05017480217
9495	0.05016488507
9496	0.05015780272
9497	0.05014810111
9498	0.05013797125
9499	0.05013130082
9500	0.05012256374
9501	0.0501133342
9502	0.05010046438
9503	0.05009133562
9504	0.05008439449
9505	0.05007266444
9506	0.05006585044
9507	0.05005377446
9508	0.05004771218
9509	0.05003765243
9510	0.05001696984
9511	0.05001034241
9512	0.05000434957
9513	0.04999655688
9514	0.04999162609
9515	0.04998669531
9516	0.04997788684
9517	0.04997321856
9518	0.04996604288
9519	0.04995696155
9520	0.04994908223
9521	0.04994249722
9522	0.04992748056
9523	0.04991595926
9524	0.04990766692
9525	0.04989760931
9526	0.04988895134
9527	0.04987924391
9528	0.04986920507
9529	0.04986124447
9530	0.04984922393
9531	0.04983677851
9532	0.04982204205
9533	0.0498123068
9534	0.04980621167
9535	0.04979128494
9536	0.04978433607
9537	0.04977461127
9538	0.0497659075
9539	0.04975673688
9540	0.04975291369
9541	0.04974740802
9542	0.04973632082
9543	0.04972712643
9544	0.04971149923
9545	0.04970591019
9546	0.04969811646
9547	0.04969005606
9548	0.04967748894
9549	0.04966511575
9550	0.04965865766
9551	0.04965160178
9552	0.04963562945
9553	0.04962577545
9554	0.04961600515
9555	0.04960868027
9556	0.04960105381
9557	0.04959798145
9558	0.049590708
9559	0.04958458566
9560	0.04957684117
9561	0.04956841992
9562	0.0495598215
9563	0.04954908139
9564	0.04954351678
9565	0.04953825978
9566	0.04952962611
9567	0.04952037678
9568	0.04951240559
9569	0.04950106611
9570	0.04949261501
9571	0.04948708162
9572	0.04948250802
9573	0.04947623002
9574	0.04945899641
9575	0.04944712089
9576	0.04943965055
9577	0.04943012678
9578	0.04942477138
9579	0.04941567886
9580	0.04939936315
9581	0.04939557149
9582	0.04938674153
9583	0.04937553467
9584	0.04936793255
9585	0.04936122793
9586	0.04935145098
9587	0.04934434585
9588	0.04933760334
9589	0.04932546699
9590	0.04931834454
9591	0.04931414199
9592	0.04929954382
9593	0.04928944371
9594	0.0492820526
9595	0.04927322547
9596	0.04926469518
9597	0.04924790997
9598	0.04924246306
9599	0.04923020958
9600	0.04922328896
9601	0.04921364571
9602	0.04920157978
9603	0.04919901288
9604	0.04918447227
9605	0.04917107967
9606	0.0491611107
9607	0.04914849547
9608	0.04914263188
9609	0.0491355544
9610	0.04911758163
9611	0.0491071688
9612	0.04909797842
9613	0.04909284734
9614	0.0490891321
9615	0.04908425933
9616	0.04907663516
9617	0.04906614909
9618	0.04906226566
9619	0.0490473893
9620	0.04903845636
9621	0.04903065959
9622	0.0490185187
9623	0.04900873461
9624	0.04899880629
9625	0.04898834712
9626	0.04897834435
9627	0.0489707763
9628	0.04895717233
9629	0.04894845998
9630	0.04894368167
9631	0.04893386801
9632	0.04893030369
9633	0.04892328059
9634	0.048913888
9635	0.04890308028
9636	0.04889474459
9637	0.04888653307
9638	0.04887229069
9639	0.04886232996
9640	0.04885630973
9641	0.04884509332
9642	0.04883678105
9643	0.04882895441
9644	0.04882030223
9645	0.04880594974
9646	0.04879593098
9647	0.04878779138
9648	0.04877797936
9649	0.04877176125
9650	0.04876552
9651	0.04875851941
9652	0.04875103559
9653	0.04873682676
9654	0.04872824396
9655	0.04872268468
9656	0.04871172933
9657	0.0487000456
9658	0.04868489003
9659	0.04867581728
9660	0.04866595471
9661	0.04865729994
9662	0.04864546665
9663	0.04863838755
9664	0.04863002261
9665	0.04862299647
9666	0.04861057772
9667	0.04860089233
9668	0.04859473844
9669	0.04858674449
9670	0.04858011226
9671	0.04856969705
9672	0.04856407911
9673	0.04855284064
9674	0.04854162624
9675	0.0485352871
9676	0.04852642631
9677	0.0485190856
9678	0.04851356173
9679	0.04850561648
9680	0.04849533963
9681	0.04848703326
9682	0.04848086164
9683	0.04847196482
9684	0.04846453316
9685	0.04845829987
9686	0.04845065918
9687	0.04844300944
9688	0.04843417346
9689	0.04842407431
9690	0.04841228899
9691	0.04840724848
9692	0.04839888145
9693	0.04839373702
9694	0.04838762895
9695	0.04837325057
9696	0.04836486967
9697	0.04835497416
9698	0.04834669288
9699	0.0483350806
9700	0.04832399329
9701	0.04831774738
9702	0.04831048538
9703	0.04829932084
9704	0.04829259151
9705	0.04828751737
9706	0.04827488403
9707	0.04826397071
9708	0.04825602853
9709	0.04824772571
9710	0.04823857132
9711	0.04822630644
9712	0.0482191199
9713	0.04820419394
9714	0.04819800079
9715	0.04819183371
9716	0.04818838987
9717	0.04817540879
9718	0.04817047002
9719	0.0481571789
9720	0.04814624227
9721	0.04813404581
9722	0.04812315274
9723	0.04811342157
9724	0.04810929326
9725	0.04810054964
9726	0.04809737702
9727	0.04808723333
9728	0.048080679
9729	0.04806989046
9730	0.04805595439
9731	0.04804636371
9732	0.04803719086
9733	0.04802765062
9734	0.0480201092
9735	0.04800932982
9736	0.04800093498
9737	0.04799723617
9738	0.04798436768
9739	0.04796954731
9740	0.047962979
9741	0.04794932553
9742	0.04794241583
9743	0.04793073312
9744	0.04791939337
9745	0.04791338192
9746	0.04790606997
9747	0.04789326755
9748	0.04788307559
9749	0.04787621843
9750	0.04786653504
9751	0.04785955285
9752	0.04784441812
9753	0.04783562531
9754	0.04782545877
9755	0.04781029781
9756	0.04779897247
9757	0.0477890876
9758	0.0477824994
9759	0.04777526462
9760	0.04777076466
9761	0.04776434878
9762	0.04775746374
9763	0.0477466075
9764	0.04773252272
9765	0.04772693934
9766	0.04771496367
9767	0.04770562515
9768	0.0476934905
9769	0.04768564076
9770	0.04767593221
9771	0.04767113236
9772	0.04766500391
9773	0.04765598109
9774	0.04764625063
9775	0.04763086878
9776	0.04762033726
9777	0.04761024534
9778	0.04760497058
9779	0.04759664289
9780	0.04758905931
9781	0.04757819777
9782	0.04756573882
9783	0.04755997163
9784	0.0475513868
9785	0.04754132961
9786	0.0475391758
9787	0.04753485976
9788	0.04751718116
9789	0.04750970517
9790	0.04750407507
9791	0.04749577201
9792	0.04748235011
9793	0.04746462208
9794	0.04744862902
9795	0.04743805548
9796	0.04743463723
9797	0.04742286508
9798	0.04741248597
9799	0.04740252581
9800	0.04738766624
9801	0.04737924841
9802	0.04737421262
9803	0.04736814024
9804	0.04736051121
9805	0.04735625041
9806	0.0473448588
9807	0.04733430186
9808	0.04732507179
9809	0.04731531589
9810	0.04730987579
9811	0.04729836182
9812	0.04728967025
9813	0.04728641677
9814	0.04727605333
9815	0.04726841989
9816	0.04725909621
9817	0.04724831458
9818	0.04724185637
9819	0.04723398892
9820	0.04722355238
9821	0.04721597491
9822	0.04721051395
9823	0.04719623916
9824	0.04719265036
9825	0.04718311345
9826	0.04717279338
9827	0.04716296646
9828	0.04715576867
9829	0.04714580188
9830	0.04714006739
9831	0.04713222914
9832	0.04712209907
9833	0.04711449648
9834	0.0471092269
9835	0.04710193497
9836	0.04709399791
9837	0.04708801187
9838	0.04707733713
9839	0.04707298329
9840	0.04706740561
9841	0.04705627824
9842	0.04704598533
9843	0.04704082653
9844	0.04703406596
9845	0.04703120913
9846	0.04702610823
9847	0.04701826574
9848	0.04700816457
9849	0.04699934935
9850	0.04699523539
9851	0.04698544896
9852	0.04696513278
9853	0.04696045848
9854	0.04695696648
9855	0.04695052009
9856	0.04694056999
9857	0.04692711616
9858	0.04691875524
9859	0.04690962938
9860	0.04690620743
9861	0.04689382223
9862	0.04688744805
9863	0.04688441214
9864	0.0468761401
9865	0.046869886
9866	0.04685861968
9867	0.04685235461
9868	0.04684388064
9869	0.04683378709
9870	0.04682245629
9871	0.04681556482
9872	0.04680517144
9873	0.04679856408
9874	0.04678951398
9875	0.04678131077
9876	0.04677645263
9877	0.04677166745
9878	0.04676376668
9879	0.04675438988
9880	0.04674314917
9881	0.04673667491
9882	0.04672766639
9883	0.04672012552
9884	0.04670505678
9885	0.0466957565
9886	0.04669079485
9887	0.04668433657
9888	0.04667788842
9889	0.0466740795
9890	0.04666718467
9891	0.04665668119
9892	0.04664627442
9893	0.04663965268
9894	0.04663033827
9895	0.04662267691
9896	0.04661063092
9897	0.04660045203
9898	0.04659052839
9899	0.0465851463
9900	0.04657804253
9901	0.04656251726
9902	0.04655675365
9903	0.04654719076
9904	0.04653990253
9905	0.04653206704
9906	0.04652580727
9907	0.04651913941
9908	0.04651477061
9909	0.04650731587
9910	0.04649916455
9911	0.04648980164
9912	0.04647913348
9913	0.04647222343
9914	0.04646481816
9915	0.04645595404
9916	0.04645167812
9917	0.04644264167
9918	0.04643929138
9919	0.04642217996
9920	0.04641264996
9921	0.0464060782
9922	0.04639347866
9923	0.04638041731
9924	0.04637124018
9925	0.04636459348
9926	0.04635193291
9927	0.04634617369
9928	0.04633911606
9929	0.04633297126
9930	0.04632178456
9931	0.04631604978
9932	0.04630540308
9933	0.04629398685
9934	0.04628013608
9935	0.04627295137
9936	0.0462655261
9937	0.04625894153
9938	0.04625181357
9939	0.04624626074
9940	0.04623901299
9941	0.04622757509
9942	0.04621932894
9943	0.04620512652
9944	0.04619183908
9945	0.04618042695
9946	0.04617169674
9947	0.04616045984
9948	0.04615719078
9949	0.0461470633
9950	0.04613843252
9951	0.04613122879
9952	0.04611967721
9953	0.04610445098
9954	0.04609911938
9955	0.04609229287
9956	0.04608603072
9957	0.04607427893
9958	0.04606281505
9959	0.04605223294
9960	0.04603881589
9961	0.04602896098
9962	0.04601999317
9963	0.04601223998
9964	0.04599555587
9965	0.04598630133
9966	0.04597858507
9967	0.04597067191
9968	0.04596198829
9969	0.04595932067
9970	0.04595369485
9971	0.04594591776
9972	0.04594086233
9973	0.04593621586
9974	0.0459253347
9975	0.04591882302
9976	0.04590275723
9977	0.04589815357
9978	0.04588811903
9979	0.0458828702
9980	0.04587545717
9981	0.04586509694
9982	0.0458620746
9983	0.04585411444
9984	0.04584920191
9985	0.04584130772
9986	0.04583631785
9987	0.04583066183
9988	0.04581703559
9989	0.04580962175
9990	0.04580173984
9991	0.04579239082
9992	0.04578291241
9993	0.04577339608
9994	0.04576046962
9995	0.04575186543
9996	0.04573895403
9997	0.0457323035
9998	0.04572564567
9999	0.04571820089
