iter	Passed	Remaining
0	7	72840
1	13	69086
2	18	62402
3	22	55350
4	24	49964
5	28	46747
6	30	44022
7	33	41846
8	36	40873
9	39	39666
10	42	38698
11	46	38422
12	48	37568
13	51	37030
14	54	36381
15	57	35821
16	60	35435
17	63	35146
18	66	34856
19	69	34734
20	72	34409
21	75	34142
22	78	33969
23	81	33688
24	83	33430
25	86	33147
26	89	32907
27	92	32810
28	94	32640
29	97	32444
30	100	32327
31	103	32383
32	106	32224
33	109	32118
34	112	32041
35	115	31878
36	118	31804
37	120	31670
38	123	31541
39	126	31449
40	129	31379
41	131	31281
42	134	31183
43	137	31071
44	140	30977
45	142	30913
46	145	30817
47	148	30715
48	150	30629
49	153	30541
50	156	30478
51	159	30455
52	161	30371
53	164	30320
54	167	30311
55	170	30251
56	173	30193
57	175	30152
58	178	30109
59	181	30064
60	184	30008
61	186	29948
62	189	29900
63	192	29888
64	195	29862
65	198	29826
66	201	29862
67	204	29836
68	206	29792
69	209	29779
70	212	29746
71	215	29723
72	218	29746
73	221	29731
74	224	29729
75	227	29769
76	230	29746
77	233	29723
78	236	29689
79	239	29648
80	242	29649
81	245	29640
82	247	29608
83	251	29639
84	254	29639
85	256	29611
86	259	29620
87	262	29615
88	265	29601
89	268	29583
90	271	29560
91	274	29576
92	277	29611
93	280	29581
94	283	29602
95	287	29620
96	290	29616
97	293	29669
98	296	29647
99	299	29652
100	303	29728
101	306	29702
102	309	29732
103	312	29702
104	314	29673
105	318	29739
106	321	29761
107	324	29757
108	327	29761
109	330	29737
110	334	29793
111	337	29766
112	340	29788
113	343	29801
114	346	29773
115	349	29789
116	352	29778
117	355	29768
118	358	29803
119	361	29782
120	364	29768
121	368	29798
122	370	29767
123	373	29787
124	377	29795
125	380	29784
126	383	29809
127	386	29785
128	389	29782
129	392	29799
130	395	29775
131	398	29779
132	401	29792
133	404	29769
134	407	29760
135	410	29739
136	412	29715
137	415	29727
138	418	29704
139	421	29683
140	424	29716
141	427	29692
142	430	29685
143	433	29661
144	435	29632
145	438	29610
146	441	29590
147	444	29562
148	446	29547
149	449	29544
150	452	29528
151	455	29518
152	458	29515
153	461	29498
154	464	29482
155	466	29459
156	469	29435
157	472	29416
158	474	29394
159	477	29370
160	480	29354
161	483	29337
162	485	29317
163	488	29306
164	491	29287
165	494	29273
166	497	29270
167	500	29302
168	503	29289
169	506	29287
170	509	29283
171	512	29265
172	515	29286
173	518	29278
174	521	29275
175	524	29272
176	527	29252
177	529	29242
178	532	29233
179	535	29216
180	538	29213
181	541	29199
182	543	29179
183	546	29180
184	550	29200
185	553	29198
186	556	29194
187	559	29178
188	561	29159
189	564	29168
190	567	29153
191	570	29140
192	573	29140
193	576	29123
194	578	29112
195	581	29102
196	584	29086
197	587	29086
198	590	29091
199	593	29079
200	596	29094
201	599	29099
202	602	29084
203	605	29080
204	608	29065
205	611	29050
206	614	29064
207	617	29048
208	620	29048
209	623	29051
210	625	29042
211	628	29034
212	631	29033
213	634	29016
214	637	29020
215	640	29017
216	643	29003
217	646	29005
218	649	29001
219	652	28986
220	655	28987
221	657	28976
222	660	28964
223	663	28971
224	666	28958
225	669	28949
226	672	28945
227	675	28934
228	677	28925
229	680	28924
230	683	28911
231	686	28914
232	689	28917
233	692	28906
234	695	28919
235	699	28945
236	702	28949
237	705	28955
238	708	28945
239	711	28940
240	715	28965
241	719	28995
242	722	29007
243	725	28993
244	728	29001
245	731	29018
246	735	29029
247	738	29026
248	740	29017
249	743	29009
250	747	29034
251	750	29044
252	753	29044
253	756	29044
254	759	29034
255	763	29042
256	766	29073
257	769	29069
258	772	29068
259	775	29054
260	778	29060
261	782	29087
262	785	29084
263	788	29085
264	792	29095
265	795	29127
266	800	29163
267	803	29179
268	806	29185
269	809	29174
270	813	29195
271	816	29208
272	821	29261
273	824	29254
274	827	29246
275	830	29260
276	834	29298
277	837	29303
278	840	29289
279	843	29296
280	846	29294
281	849	29283
282	852	29285
283	855	29282
284	858	29271
285	862	29282
286	866	29311
287	869	29317
288	872	29307
289	874	29297
290	878	29302
291	881	29314
292	885	29344
293	888	29334
294	891	29322
295	894	29334
296	898	29356
297	902	29375
298	905	29363
299	907	29354
300	911	29360
301	915	29386
302	918	29391
303	921	29382
304	923	29368
305	927	29378
306	930	29393
307	934	29394
308	936	29385
309	939	29374
310	943	29380
311	946	29387
312	950	29407
313	953	29408
314	956	29398
315	960	29428
316	964	29460
317	967	29458
318	970	29450
319	973	29447
320	977	29465
321	980	29477
322	983	29475
323	986	29466
324	989	29456
325	992	29464
326	996	29489
327	1000	29488
328	1002	29480
329	1005	29467
330	1009	29476
331	1012	29494
332	1016	29505
333	1019	29502
334	1022	29489
335	1025	29491
336	1029	29507
337	1032	29506
338	1035	29501
339	1037	29487
340	1040	29486
341	1044	29497
342	1047	29492
343	1050	29484
344	1053	29472
345	1055	29461
346	1059	29481
347	1062	29477
348	1065	29474
349	1069	29482
350	1072	29470
351	1075	29477
352	1079	29488
353	1082	29487
354	1085	29484
355	1087	29471
356	1091	29475
357	1094	29488
358	1097	29483
359	1101	29487
360	1103	29476
361	1107	29476
362	1110	29487
363	1113	29478
364	1116	29473
365	1119	29465
366	1122	29457
367	1125	29462
368	1128	29453
369	1131	29450
370	1134	29449
371	1137	29436
372	1140	29437
373	1143	29430
374	1146	29418
375	1149	29414
376	1151	29403
377	1154	29392
378	1157	29393
379	1160	29384
380	1163	29374
381	1166	29368
382	1169	29359
383	1172	29349
384	1174	29344
385	1177	29334
386	1180	29328
387	1183	29328
388	1186	29318
389	1189	29318
390	1192	29308
391	1195	29297
392	1199	29331
393	1203	29330
394	1206	29337
395	1209	29343
396	1213	29344
397	1216	29345
398	1219	29337
399	1231	29554
400	1246	29829
401	1254	29958
402	1257	29953
403	1260	29941
404	1263	29940
405	1266	29933
406	1269	29920
407	1272	29917
408	1275	29907
409	1278	29896
410	1281	29891
411	1284	29884
412	1286	29875
413	1290	29873
414	1293	29865
415	1296	29863
416	1299	29861
417	1302	29853
418	1305	29848
419	1308	29838
420	1311	29841
421	1314	29843
422	1318	29841
423	1321	29840
424	1324	29843
425	1328	29851
426	1331	29842
427	1334	29847
428	1337	29845
429	1340	29833
430	1343	29826
431	1346	29820
432	1349	29809
433	1353	29822
434	1355	29815
435	1358	29810
436	1362	29810
437	1364	29798
438	1368	29797
439	1371	29793
440	1374	29782
441	1377	29778
442	1380	29771
443	1382	29760
444	1387	29784
445	1389	29774
446	1393	29772
447	1395	29763
448	1398	29751
449	1402	29772
450	1405	29762
451	1408	29757
452	1411	29757
453	1414	29745
454	1418	29753
455	1421	29747
456	1424	29737
457	1427	29736
458	1430	29726
459	1433	29727
460	1436	29728
461	1439	29720
462	1442	29714
463	1445	29709
464	1448	29697
465	1452	29711
466	1455	29702
467	1458	29696
468	1461	29694
469	1463	29684
470	1467	29690
471	1471	29696
472	1473	29687
473	1477	29683
474	1479	29674
475	1483	29674
476	1486	29672
477	1488	29661
478	1492	29658
479	1495	29662
480	1498	29653
481	1501	29659
482	1504	29649
483	1507	29645
484	1510	29642
485	1513	29632
486	1517	29647
487	1520	29641
488	1523	29638
489	1526	29632
490	1529	29620
491	1532	29623
492	1536	29621
493	1538	29612
494	1542	29617
495	1545	29613
496	1548	29612
497	1551	29610
498	1554	29602
499	1557	29598
500	1560	29590
501	1563	29582
502	1567	29594
503	1570	29587
504	1573	29582
505	1576	29576
506	1579	29568
507	1582	29572
508	1586	29575
509	1588	29567
510	1592	29563
511	1594	29555
512	1598	29555
513	1601	29559
514	1604	29552
515	1607	29547
516	1610	29543
517	1613	29532
518	1617	29545
519	1620	29537
520	1623	29532
521	1626	29527
522	1628	29515
523	1632	29530
524	1635	29522
525	1638	29511
526	1641	29508
527	1644	29504
528	1648	29508
529	1651	29502
530	1653	29492
531	1656	29489
532	1660	29484
533	1662	29474
534	1666	29475
535	1668	29466
536	1671	29458
537	1674	29458
538	1677	29449
539	1680	29439
540	1683	29430
541	1685	29420
542	1689	29418
543	1692	29419
544	1695	29411
545	1698	29409
546	1701	29401
547	1704	29391
548	1707	29386
549	1709	29379
550	1712	29374
551	1715	29368
552	1718	29359
553	1721	29353
554	1724	29347
555	1727	29338
556	1730	29332
557	1732	29323
558	1735	29316
559	1738	29311
560	1741	29305
561	1744	29295
562	1747	29288
563	1750	29278
564	1752	29271
565	1755	29266
566	1758	29260
567	1761	29251
568	1765	29257
569	1768	29253
570	1771	29249
571	1774	29246
572	1777	29238
573	1780	29238
574	1783	29230
575	1786	29225
576	1789	29221
577	1792	29216
578	1795	29214
579	1798	29206
580	1801	29202
581	1804	29205
582	1808	29206
583	1811	29207
584	1815	29218
585	1818	29211
586	1821	29213
587	1824	29209
588	1827	29201
589	1831	29206
590	1834	29203
591	1837	29201
592	1840	29200
593	1843	29193
594	1846	29192
595	1850	29197
596	1853	29191
597	1856	29189
598	1859	29184
599	1862	29180
600	1866	29183
601	1868	29176
602	1871	29171
603	1874	29165
604	1877	29157
605	1881	29162
606	1884	29157
607	1887	29153
608	1890	29150
609	1893	29141
610	1896	29142
611	1900	29148
612	1903	29143
613	1906	29138
614	1908	29131
615	1912	29129
616	1915	29135
617	1918	29132
618	1922	29131
619	1924	29122
620	1927	29117
621	1931	29121
622	1934	29114
623	1937	29108
624	1940	29106
625	1943	29098
626	1946	29101
627	1949	29097
628	1952	29094
629	1956	29093
630	1958	29084
631	1961	29080
632	1965	29085
633	1968	29078
634	1971	29077
635	1974	29069
636	1977	29069
637	1981	29075
638	1984	29068
639	1987	29066
640	1990	29060
641	1993	29052
642	1996	29059
643	1999	29052
644	2002	29047
645	2005	29043
646	2008	29034
647	2011	29035
648	2015	29037
649	2018	29030
650	2021	29034
651	2024	29025
652	2027	29020
653	2030	29023
654	2033	29016
655	2036	29011
656	2039	29004
657	2042	28996
658	2046	29003
659	2049	28997
660	2052	28995
661	2055	28991
662	2058	28984
663	2061	28982
664	2065	28988
665	2068	28983
666	2071	28979
667	2073	28970
668	2076	28967
669	2080	28971
670	2083	28965
671	2086	28962
672	2089	28955
673	2092	28947
674	2094	28941
675	2097	28933
676	2101	28941
677	2104	28939
678	2107	28932
679	2111	28939
680	2114	28932
681	2117	28930
682	2120	28926
683	2123	28920
684	2126	28918
685	2129	28916
686	2132	28910
687	2135	28904
688	2138	28896
689	2141	28889
690	2143	28883
691	2146	28874
692	2150	28880
693	2153	28877
694	2156	28873
695	2159	28866
696	2162	28858
697	2165	28855
698	2168	28854
699	2171	28847
700	2174	28839
701	2176	28831
702	2179	28824
703	2182	28820
704	2185	28816
705	2188	28810
706	2191	28802
707	2193	28793
708	2196	28786
709	2200	28787
710	2203	28785
711	2206	28778
712	2208	28769
713	2211	28761
714	2214	28754
715	2217	28753
716	2220	28747
717	2223	28740
718	2225	28732
719	2228	28724
720	2231	28718
721	2234	28719
722	2237	28712
723	2240	28705
724	2244	28709
725	2246	28701
726	2249	28697
727	2253	28696
728	2255	28688
729	2259	28686
730	2261	28680
731	2264	28673
732	2267	28670
733	2270	28664
734	2273	28657
735	2276	28659
736	2279	28653
737	2282	28648
738	2286	28648
739	2288	28641
740	2291	28638
741	2294	28633
742	2297	28627
743	2300	28623
744	2303	28615
745	2306	28615
746	2309	28610
747	2312	28602
748	2316	28605
749	2319	28603
750	2321	28595
751	2324	28588
752	2327	28580
753	2330	28575
754	2334	28580
755	2337	28576
756	2340	28572
757	2343	28567
758	2345	28559
759	2348	28555
760	2351	28549
761	2354	28541
762	2357	28535
763	2360	28533
764	2363	28527
765	2366	28530
766	2369	28524
767	2372	28517
768	2375	28510
769	2377	28502
770	2381	28507
771	2384	28503
772	2387	28496
773	2390	28489
774	2392	28481
775	2395	28473
776	2398	28470
777	2401	28468
778	2404	28462
779	2407	28460
780	2410	28456
781	2413	28448
782	2416	28442
783	2419	28436
784	2421	28429
785	2424	28421
786	2427	28414
787	2430	28417
788	2434	28416
789	2436	28410
790	2440	28414
791	2443	28410
792	2446	28403
793	2449	28399
794	2452	28395
795	2455	28394
796	2459	28394
797	2461	28388
798	2464	28384
799	2467	28380
800	2470	28374
801	2474	28376
802	2477	28372
803	2480	28367
804	2483	28363
805	2485	28357
806	2489	28354
807	2492	28352
808	2495	28345
809	2498	28342
810	2501	28338
811	2503	28331
812	2507	28340
813	2510	28334
814	2513	28330
815	2516	28327
816	2519	28320
817	2523	28327
818	2526	28320
819	2529	28313
820	2532	28309
821	2534	28304
822	2537	28299
823	2541	28302
824	2544	28295
825	2547	28294
826	2550	28290
827	2553	28282
828	2556	28278
829	2558	28272
830	2562	28275
831	2566	28278
832	2569	28280
833	2572	28276
834	2575	28269
835	2579	28274
836	2582	28271
837	2585	28265
838	2588	28259
839	2590	28252
840	2593	28245
841	2597	28249
842	2600	28245
843	2603	28238
844	2605	28232
845	2608	28225
846	2611	28223
847	2614	28219
848	2617	28213
849	2620	28208
850	2623	28206
851	2626	28199
852	2629	28197
853	2632	28195
854	2635	28188
855	2638	28184
856	2641	28184
857	2644	28178
858	2647	28173
859	2650	28168
860	2653	28165
861	2656	28166
862	2659	28160
863	2663	28160
864	2666	28155
865	2668	28149
866	2672	28155
867	2675	28150
868	2678	28147
869	2682	28146
870	2684	28141
871	2688	28140
872	2691	28140
873	2694	28134
874	2697	28131
875	2700	28125
876	2703	28121
877	2706	28124
878	2709	28117
879	2712	28115
880	2715	28110
881	2718	28102
882	2722	28106
883	2725	28103
884	2728	28099
885	2731	28095
886	2734	28089
887	2737	28085
888	2740	28087
889	2743	28082
890	2746	28080
891	2749	28074
892	2752	28071
893	2756	28073
894	2759	28068
895	2762	28065
896	2765	28061
897	2768	28057
898	2771	28059
899	2774	28053
900	2777	28048
901	2780	28047
902	2783	28041
903	2786	28039
904	2790	28041
905	2793	28037
906	2796	28036
907	2799	28030
908	2802	28028
909	2806	28031
910	2809	28025
911	2812	28021
912	2815	28017
913	2817	28011
914	2821	28015
915	2824	28010
916	2827	28006
917	2830	28004
918	2833	27997
919	2836	27996
920	2840	27999
921	2843	27996
922	2846	27995
923	2849	27991
924	2852	27989
925	2856	27990
926	2859	27986
927	2862	27984
928	2865	27978
929	2868	27974
930	2872	27976
931	2874	27971
932	2877	27966
933	2880	27961
934	2883	27958
935	2887	27965
936	2891	27963
937	2894	27965
938	2898	27965
939	2901	27961
940	2904	27963
941	2907	27958
942	2910	27955
943	2913	27952
944	2916	27945
945	2920	27949
946	2923	27944
947	2926	27940
948	2929	27939
949	2932	27933
950	2935	27933
951	2938	27931
952	2941	27925
953	2944	27923
954	2947	27918
955	2950	27912
956	2954	27914
957	2956	27909
958	2960	27906
959	2963	27902
960	2965	27896
961	2969	27895
962	2972	27897
963	2975	27892
964	2978	27888
965	2981	27881
966	2984	27879
967	2988	27881
968	2990	27875
969	2994	27873
970	2996	27867
971	3000	27864
972	3003	27866
973	3006	27860
974	3009	27856
975	3012	27853
976	3015	27846
977	3018	27848
978	3021	27844
979	3024	27842
980	3028	27840
981	3030	27833
982	3034	27830
983	3037	27831
984	3040	27825
985	3043	27821
986	3046	27816
987	3049	27811
988	3052	27813
989	3055	27808
990	3058	27805
991	3061	27801
992	3064	27794
993	3067	27794
994	3071	27798
995	3074	27794
996	3077	27792
997	3080	27787
998	3083	27784
999	3087	27784
1000	3090	27779
1001	3093	27776
1002	3096	27771
1003	3098	27767
1004	3103	27773
1005	3106	27771
1006	3109	27768
1007	3112	27767
1008	3115	27763
1009	3119	27765
1010	3122	27760
1011	3125	27758
1012	3128	27757
1013	3131	27753
1014	3135	27755
1015	3138	27750
1016	3141	27747
1017	3144	27743
1018	3147	27737
1019	3150	27738
1020	3153	27733
1021	3156	27730
1022	3159	27728
1023	3162	27722
1024	3165	27720
1025	3169	27721
1026	3172	27715
1027	3175	27710
1028	3177	27705
1029	3180	27699
1030	3183	27698
1031	3187	27696
1032	3190	27692
1033	3193	27688
1034	3195	27683
1035	3199	27680
1036	3202	27681
1037	3205	27679
1038	3209	27676
1039	3211	27670
1040	3214	27667
1041	3218	27668
1042	3221	27663
1043	3224	27659
1044	3227	27654
1045	3229	27648
1046	3234	27656
1047	3237	27651
1048	3240	27646
1049	3243	27642
1050	3245	27637
1051	3249	27635
1052	3252	27635
1053	3255	27631
1054	3258	27629
1055	3261	27623
1056	3264	27619
1057	3268	27621
1058	3270	27615
1059	3273	27610
1060	3276	27605
1061	3279	27600
1062	3283	27601
1063	3285	27595
1064	3288	27592
1065	3291	27588
1066	3294	27582
1067	3297	27578
1068	3301	27584
1069	3304	27580
1070	3307	27578
1071	3310	27572
1072	3313	27569
1073	3317	27570
1074	3320	27564
1075	3323	27560
1076	3326	27556
1077	3328	27550
1078	3332	27553
1079	3335	27550
1080	3338	27546
1081	3341	27543
1082	3344	27537
1083	3348	27538
1084	3351	27537
1085	3354	27534
1086	3357	27531
1087	3360	27527
1088	3363	27524
1089	3367	27525
1090	3370	27520
1091	3373	27516
1092	3375	27510
1093	3378	27505
1094	3382	27507
1095	3385	27503
1096	3388	27501
1097	3391	27495
1098	3394	27490
1099	3397	27489
1100	3400	27488
1101	3403	27483
1102	3406	27479
1103	3409	27474
1104	3412	27470
1105	3416	27470
1106	3418	27465
1107	3422	27462
1108	3424	27458
1109	3427	27453
1110	3431	27453
1111	3434	27448
1112	3437	27444
1113	3440	27444
1114	3443	27438
1115	3446	27437
1116	3449	27430
1117	3452	27424
1118	3454	27420
1119	3457	27415
1120	3460	27410
1121	3463	27408
1122	3466	27402
1123	3469	27399
1124	3472	27396
1125	3475	27392
1126	3478	27387
1127	3482	27388
1128	3484	27382
1129	3488	27380
1130	3491	27376
1131	3494	27372
1132	3497	27373
1133	3500	27369
1134	3503	27367
1135	3506	27362
1136	3509	27357
1137	3512	27354
1138	3516	27355
1139	3519	27352
1140	3522	27348
1141	3525	27344
1142	3528	27340
1143	3531	27340
1144	3534	27335
1145	3537	27332
1146	3540	27327
1147	3543	27321
1148	3546	27322
1149	3550	27323
1150	3553	27319
1151	3556	27315
1152	3559	27309
1153	3562	27309
1154	3566	27312
1155	3569	27309
1156	3572	27306
1157	3575	27301
1158	3578	27298
1159	3582	27300
1160	3585	27297
1161	3588	27293
1162	3591	27287
1163	3594	27284
1164	3597	27285
1165	3600	27281
1166	3603	27277
1167	3606	27273
1168	3609	27268
1169	3613	27270
1170	3617	27271
1171	3620	27268
1172	3623	27263
1173	3625	27257
1174	3629	27258
1175	3632	27255
1176	3635	27252
1177	3638	27248
1178	3641	27243
1179	3644	27242
1180	3648	27244
1181	3651	27240
1182	3654	27238
1183	3657	27232
1184	3660	27232
1185	3664	27232
1186	3667	27228
1187	3670	27225
1188	3673	27220
1189	3676	27216
1190	3680	27221
1191	3683	27217
1192	3687	27219
1193	3689	27213
1194	3692	27209
1195	3696	27210
1196	3699	27205
1197	3702	27204
1198	3705	27200
1199	3708	27197
1200	3712	27196
1201	3715	27193
1202	3718	27193
1203	3721	27188
1204	3724	27182
1205	3727	27180
1206	3731	27180
1207	3734	27177
1208	3737	27174
1209	3740	27169
1210	3743	27166
1211	3746	27168
1212	3749	27163
1213	3752	27159
1214	3755	27154
1215	3758	27150
1216	3762	27151
1217	3765	27147
1218	3768	27144
1219	3771	27140
1220	3774	27135
1221	3777	27137
1222	3780	27132
1223	3783	27128
1224	3786	27125
1225	3789	27120
1226	3793	27122
1227	3796	27119
1228	3799	27118
1229	3802	27115
1230	3805	27109
1231	3809	27108
1232	3812	27108
1233	3815	27102
1234	3818	27098
1235	3821	27093
1236	3823	27088
1237	3827	27086
1238	3829	27081
1239	3832	27077
1240	3836	27075
1241	3838	27069
1242	3841	27066
1243	3844	27062
1244	3847	27056
1245	3850	27054
1246	3853	27049
1247	3856	27044
1248	3859	27043
1249	3862	27039
1250	3865	27035
1251	3868	27032
1252	3871	27026
1253	3874	27023
1254	3877	27018
1255	3880	27012
1256	3882	27007
1257	3885	27003
1258	3888	26998
1259	3891	26994
1260	3894	26988
1261	3897	26983
1262	3900	26979
1263	3903	26975
1264	3905	26970
1265	3908	26967
1266	3911	26962
1267	3914	26956
1268	3917	26952
1269	3920	26946
1270	3922	26941
1271	3925	26937
1272	3928	26931
1273	3931	26926
1274	3934	26923
1275	3937	26918
1276	3940	26915
1277	3943	26909
1278	3945	26904
1279	3948	26899
1280	3951	26896
1281	3954	26890
1282	3957	26887
1283	3960	26881
1284	3962	26876
1285	3966	26874
1286	3969	26870
1287	3971	26865
1288	3974	26862
1289	3977	26857
1290	3980	26852
1291	3983	26849
1292	3986	26844
1293	3989	26839
1294	3992	26835
1295	3994	26830
1296	3997	26826
1297	4000	26822
1298	4003	26817
1299	4006	26814
1300	4009	26808
1301	4012	26803
1302	4015	26800
1303	4018	26795
1304	4020	26790
1305	4023	26786
1306	4026	26781
1307	4029	26775
1308	4032	26772
1309	4035	26768
1310	4038	26764
1311	4041	26760
1312	4043	26755
1313	4047	26754
1314	4050	26751
1315	4053	26746
1316	4056	26743
1317	4059	26739
1318	4062	26735
1319	4065	26731
1320	4068	26728
1321	4071	26724
1322	4074	26722
1323	4077	26716
1324	4079	26711
1325	4083	26709
1326	4086	26705
1327	4088	26701
1328	4092	26698
1329	4095	26695
1330	4098	26693
1331	4101	26691
1332	4104	26686
1333	4107	26684
1334	4110	26680
1335	4113	26676
1336	4116	26675
1337	4119	26670
1338	4122	26667
1339	4125	26663
1340	4128	26657
1341	4132	26659
1342	4135	26655
1343	4138	26650
1344	4140	26646
1345	4143	26642
1346	4146	26638
1347	4150	26637
1348	4152	26632
1349	4155	26628
1350	4158	26624
1351	4161	26619
1352	4164	26616
1353	4167	26613
1354	4170	26608
1355	4173	26605
1356	4176	26600
1357	4179	26595
1358	4182	26594
1359	4185	26588
1360	4188	26584
1361	4191	26581
1362	4193	26575
1363	4196	26572
1364	4200	26569
1365	4202	26564
1366	4206	26562
1367	4209	26558
1368	4211	26554
1369	4215	26552
1370	4218	26548
1371	4220	26544
1372	4223	26540
1373	4226	26534
1374	4229	26532
1375	4232	26530
1376	4235	26524
1377	4238	26522
1378	4241	26518
1379	4244	26512
1380	4247	26509
1381	4250	26504
1382	4253	26499
1383	4255	26495
1384	4258	26490
1385	4261	26485
1386	4264	26482
1387	4267	26477
1388	4270	26471
1389	4272	26467
1390	4275	26462
1391	4278	26457
1392	4281	26454
1393	4284	26449
1394	4287	26445
1395	4289	26440
1396	4292	26435
1397	4295	26433
1398	4299	26430
1399	4301	26425
1400	4304	26421
1401	4307	26416
1402	4310	26410
1403	4312	26406
1404	4315	26401
1405	4318	26397
1406	4321	26393
1407	4324	26388
1408	4327	26383
1409	4330	26380
1410	4332	26375
1411	4335	26370
1412	4338	26366
1413	4341	26361
1414	4344	26356
1415	4347	26352
1416	4349	26347
1417	4352	26342
1418	4355	26338
1419	4358	26334
1420	4361	26328
1421	4364	26326
1422	4366	26321
1423	4369	26317
1424	4372	26313
1425	4375	26309
1426	4378	26305
1427	4381	26301
1428	4384	26297
1429	4387	26293
1430	4390	26288
1431	4392	26283
1432	4395	26279
1433	4398	26275
1434	4401	26270
1435	4404	26266
1436	4407	26262
1437	4409	26257
1438	4412	26253
1439	4415	26248
1440	4418	26243
1441	4421	26239
1442	4424	26234
1443	4426	26229
1444	4429	26225
1445	4432	26222
1446	4435	26218
1447	4439	26218
1448	4442	26215
1449	4445	26211
1450	4448	26207
1451	4450	26203
1452	4454	26200
1453	4457	26201
1454	4460	26197
1455	4463	26195
1456	4466	26190
1457	4469	26187
1458	4473	26187
1459	4476	26183
1460	4479	26179
1461	4482	26176
1462	4485	26171
1463	4488	26171
1464	4491	26168
1465	4494	26164
1466	4497	26162
1467	4500	26157
1468	4503	26156
1469	4508	26159
1470	4511	26156
1471	4514	26153
1472	4517	26149
1473	4520	26147
1474	4524	26147
1475	4527	26143
1476	4530	26141
1477	4533	26137
1478	4536	26135
1479	4539	26135
1480	4543	26132
1481	4546	26129
1482	4548	26125
1483	4551	26121
1484	4555	26120
1485	4558	26116
1486	4561	26113
1487	4564	26109
1488	4567	26105
1489	4570	26104
1490	4574	26104
1491	4577	26101
1492	4580	26098
1493	4583	26093
1494	4586	26092
1495	4590	26092
1496	4593	26088
1497	4596	26086
1498	4598	26081
1499	4602	26078
1500	4605	26079
1501	4608	26076
1502	4611	26073
1503	4614	26068
1504	4617	26064
1505	4621	26065
1506	4624	26061
1507	4627	26058
1508	4630	26054
1509	4633	26051
1510	4637	26051
1511	4640	26051
1512	4643	26047
1513	4646	26044
1514	4649	26040
1515	4653	26039
1516	4656	26037
1517	4659	26033
1518	4662	26032
1519	4665	26027
1520	4668	26026
1521	4672	26026
1522	4675	26024
1523	4678	26021
1524	4681	26016
1525	4685	26017
1526	4688	26015
1527	4691	26013
1528	4694	26009
1529	4697	26005
1530	4700	26002
1531	4704	26002
1532	4707	25998
1533	4710	25996
1534	4713	25993
1535	4716	25988
1536	4719	25987
1537	4723	25987
1538	4726	25986
1539	4732	25996
1540	4735	25996
1541	4739	25997
1542	4743	25995
1543	4745	25991
1544	4748	25986
1545	4752	25986
1546	4755	25983
1547	4758	25979
1548	4761	25975
1549	4763	25970
1550	4766	25967
1551	4770	25964
1552	4772	25960
1553	4776	25960
1554	4779	25955
1555	4782	25952
1556	4785	25950
1557	4788	25946
1558	4791	25942
1559	4794	25938
1560	4797	25933
1561	4800	25932
1562	4803	25927
1563	4806	25923
1564	4809	25919
1565	4811	25914
1566	4814	25910
1567	4817	25908
1568	4821	25907
1569	4824	25904
1570	4827	25900
1571	4829	25895
1572	4833	25893
1573	4836	25891
1574	4839	25887
1575	4842	25883
1576	4845	25878
1577	4848	25874
1578	4851	25872
1579	4854	25870
1580	4857	25867
1581	4860	25864
1582	4863	25860
1583	4866	25857
1584	4869	25854
1585	4872	25849
1586	4875	25846
1587	4878	25841
1588	4881	25838
1589	4884	25836
1590	4888	25835
1591	4891	25832
1592	4894	25827
1593	4896	25823
1594	4900	25822
1595	4903	25818
1596	4906	25815
1597	4909	25812
1598	4912	25807
1599	4915	25805
1600	4918	25804
1601	4921	25799
1602	4924	25796
1603	4927	25793
1604	4930	25788
1605	4933	25786
1606	4936	25783
1607	4939	25780
1608	4942	25776
1609	4945	25772
1610	4948	25769
1611	4951	25766
1612	4954	25761
1613	4957	25759
1614	4960	25755
1615	4963	25750
1616	4966	25748
1617	4970	25750
1618	4974	25749
1619	4977	25746
1620	4980	25745
1621	4984	25747
1622	4988	25747
1623	4992	25748
1624	4995	25747
1625	4999	25746
1626	5002	25742
1627	5005	25739
1628	5008	25737
1629	5011	25734
1630	5014	25732
1631	5018	25731
1632	5021	25728
1633	5024	25727
1634	5027	25722
1635	5030	25720
1636	5034	25719
1637	5037	25717
1638	5040	25715
1639	5043	25710
1640	5046	25708
1641	5050	25706
1642	5052	25701
1643	5056	25698
1644	5059	25695
1645	5061	25690
1646	5065	25690
1647	5068	25689
1648	5072	25687
1649	5075	25687
1650	5080	25690
1651	5083	25686
1652	5086	25683
1653	5089	25681
1654	5092	25676
1655	5095	25675
1656	5098	25672
1657	5101	25669
1658	5105	25667
1659	5107	25662
1660	5111	25660
1661	5114	25658
1662	5117	25653
1663	5120	25653
1664	5123	25648
1665	5126	25645
1666	5129	25643
1667	5133	25640
1668	5136	25637
1669	5139	25634
1670	5142	25630
1671	5145	25627
1672	5148	25626
1673	5152	25624
1674	5155	25622
1675	5158	25617
1676	5161	25615
1677	5164	25613
1678	5167	25611
1679	5171	25609
1680	5174	25606
1681	5177	25603
1682	5180	25601
1683	5183	25598
1684	5186	25595
1685	5189	25591
1686	5192	25588
1687	5196	25586
1688	5199	25583
1689	5202	25580
1690	5205	25576
1691	5207	25572
1692	5211	25569
1693	5214	25569
1694	5218	25568
1695	5221	25565
1696	5224	25561
1697	5227	25558
1698	5230	25557
1699	5234	25554
1700	5237	25551
1701	5239	25547
1702	5243	25544
1703	5246	25543
1704	5249	25539
1705	5252	25537
1706	5256	25537
1707	5259	25534
1708	5263	25533
1709	5265	25529
1710	5269	25526
1711	5272	25523
1712	5275	25519
1713	5278	25518
1714	5281	25515
1715	5284	25511
1716	5287	25509
1717	5290	25504
1718	5294	25503
1719	5297	25500
1720	5300	25497
1721	5303	25495
1722	5306	25490
1723	5310	25493
1724	5313	25490
1725	5316	25488
1726	5320	25486
1727	5323	25482
1728	5326	25480
1729	5329	25478
1730	5332	25475
1731	5336	25472
1732	5338	25468
1733	5342	25466
1734	5345	25463
1735	5348	25459
1736	5351	25455
1737	5354	25451
1738	5356	25446
1739	5360	25446
1740	5363	25443
1741	5366	25441
1742	5370	25439
1743	5372	25434
1744	5376	25433
1745	5379	25430
1746	5382	25428
1747	5385	25425
1748	5388	25420
1749	5391	25418
1750	5395	25416
1751	5397	25411
1752	5400	25408
1753	5403	25403
1754	5406	25400
1755	5410	25398
1756	5412	25394
1757	5416	25392
1758	5419	25389
1759	5421	25384
1760	5425	25382
1761	5428	25380
1762	5431	25377
1763	5434	25374
1764	5437	25370
1765	5440	25366
1766	5443	25364
1767	5446	25361
1768	5450	25360
1769	5453	25356
1770	5456	25353
1771	5459	25351
1772	5462	25348
1773	5466	25348
1774	5469	25344
1775	5472	25339
1776	5475	25337
1777	5478	25335
1778	5481	25332
1779	5485	25330
1780	5488	25326
1781	5491	25324
1782	5494	25322
1783	5497	25318
1784	5500	25315
1785	5503	25312
1786	5506	25307
1787	5509	25305
1788	5512	25301
1789	5515	25298
1790	5518	25295
1791	5521	25291
1792	5525	25290
1793	5528	25288
1794	5531	25286
1795	5535	25284
1796	5537	25279
1797	5541	25277
1798	5544	25275
1799	5547	25272
1800	5551	25271
1801	5553	25266
1802	5557	25264
1803	5561	25265
1804	5564	25262
1805	5567	25260
1806	5570	25256
1807	5574	25257
1808	5577	25253
1809	5580	25249
1810	5583	25248
1811	5586	25243
1812	5589	25239
1813	5592	25237
1814	5595	25232
1815	5598	25230
1816	5601	25227
1817	5604	25222
1818	5607	25221
1819	5610	25217
1820	5613	25214
1821	5617	25212
1822	5619	25208
1823	5623	25206
1824	5626	25202
1825	5629	25198
1826	5632	25195
1827	5635	25191
1828	5637	25187
1829	5641	25186
1830	5644	25181
1831	5647	25178
1832	5650	25176
1833	5653	25172
1834	5657	25172
1835	5660	25168
1836	5663	25164
1837	5666	25162
1838	5669	25157
1839	5672	25155
1840	5675	25151
1841	5677	25146
1842	5681	25144
1843	5683	25140
1844	5686	25135
1845	5690	25134
1846	5693	25130
1847	5696	25128
1848	5699	25125
1849	5702	25121
1850	5705	25118
1851	5708	25114
1852	5711	25111
1853	5714	25109
1854	5717	25104
1855	5720	25101
1856	5724	25100
1857	5726	25096
1858	5730	25093
1859	5733	25090
1860	5736	25086
1861	5739	25083
1862	5742	25079
1863	5744	25075
1864	5747	25071
1865	5750	25067
1866	5753	25063
1867	5756	25060
1868	5759	25055
1869	5762	25052
1870	5765	25050
1871	5768	25046
1872	5771	25044
1873	5774	25040
1874	5777	25035
1875	5780	25032
1876	5783	25027
1877	5785	25023
1878	5789	25021
1879	5792	25016
1880	5794	25012
1881	5797	25009
1882	5800	25005
1883	5803	25001
1884	5806	24997
1885	5809	24992
1886	5812	24988
1887	5815	24985
1888	5817	24981
1889	5821	24978
1890	5824	24975
1891	5827	24971
1892	5830	24968
1893	5833	24964
1894	5835	24960
1895	5839	24958
1896	5841	24953
1897	5844	24950
1898	5848	24947
1899	5850	24943
1900	5853	24940
1901	5856	24936
1902	5859	24932
1903	5863	24932
1904	5866	24930
1905	5870	24927
1906	5874	24932
1907	5878	24930
1908	5881	24927
1909	5884	24922
1910	5887	24920
1911	5890	24919
1912	5893	24915
1913	5897	24913
1914	5899	24908
1915	5902	24905
1916	5906	24903
1917	5908	24899
1918	5911	24895
1919	5915	24892
1920	5917	24888
1921	5921	24886
1922	5924	24882
1923	5927	24879
1924	5930	24875
1925	5932	24870
1926	5935	24868
1927	5938	24863
1928	5941	24859
1929	5944	24855
1930	5947	24851
1931	5950	24847
1932	5953	24844
1933	5955	24839
1934	5958	24835
1935	5961	24831
1936	5964	24827
1937	5967	24823
1938	5970	24820
1939	5973	24815
1940	5975	24811
1941	5978	24807
1942	5981	24803
1943	5984	24799
1944	5987	24795
1945	5990	24791
1946	5992	24787
1947	5996	24784
1948	5998	24780
1949	6001	24776
1950	6004	24772
1951	6007	24767
1952	6010	24764
1953	6013	24761
1954	6016	24757
1955	6019	24754
1956	6022	24751
1957	6025	24747
1958	6028	24744
1959	6031	24739
1960	6033	24735
1961	6036	24732
1962	6039	24728
1963	6042	24724
1964	6045	24722
1965	6049	24719
1966	6052	24716
1967	6054	24712
1968	6058	24710
1969	6061	24707
1970	6064	24704
1971	6067	24700
1972	6070	24698
1973	6073	24695
1974	6076	24692
1975	6080	24689
1976	6082	24685
1977	6086	24683
1978	6089	24681
1979	6092	24677
1980	6095	24675
1981	6098	24671
1982	6101	24668
1983	6104	24665
1984	6107	24661
1985	6110	24657
1986	6113	24655
1987	6116	24651
1988	6119	24649
1989	6122	24644
1990	6125	24641
1991	6129	24639
1992	6131	24635
1993	6135	24632
1994	6138	24629
1995	6140	24624
1996	6144	24622
1997	6146	24618
1998	6149	24613
1999	6153	24612
2000	6156	24609
2001	6159	24607
2002	6162	24604
2003	6165	24600
2004	6168	24598
2005	6172	24596
2006	6175	24593
2007	6178	24591
2008	6181	24587
2009	6184	24585
2010	6188	24584
2011	6191	24580
2012	6194	24578
2013	6197	24574
2014	6200	24571
2015	6203	24569
2016	6206	24565
2017	6209	24562
2018	6212	24558
2019	6215	24554
2020	6218	24552
2021	6222	24550
2022	6225	24546
2023	6228	24543
2024	6230	24538
2025	6234	24536
2026	6237	24532
2027	6239	24528
2028	6242	24525
2029	6245	24521
2030	6248	24517
2031	6251	24514
2032	6254	24510
2033	6257	24505
2034	6260	24502
2035	6262	24498
2036	6265	24493
2037	6268	24491
2038	6271	24486
2039	6274	24483
2040	6277	24479
2041	6280	24476
2042	6283	24473
2043	6286	24469
2044	6289	24465
2045	6292	24461
2046	6295	24457
2047	6297	24453
2048	6301	24451
2049	6304	24447
2050	6306	24443
2051	6309	24440
2052	6312	24435
2053	6315	24432
2054	6318	24430
2055	6321	24426
2056	6324	24422
2057	6327	24419
2058	6330	24415
2059	6333	24413
2060	6336	24408
2061	6339	24404
2062	6342	24401
2063	6345	24396
2064	6347	24392
2065	6350	24389
2066	6353	24384
2067	6356	24381
2068	6359	24377
2069	6362	24373
2070	6365	24370
2071	6368	24367
2072	6371	24363
2073	6374	24359
2074	6377	24355
2075	6379	24351
2076	6382	24347
2077	6385	24343
2078	6388	24339
2079	6391	24335
2080	6394	24334
2081	6397	24331
2082	6400	24327
2083	6403	24323
2084	6406	24319
2085	6409	24317
2086	6412	24312
2087	6415	24310
2088	6418	24306
2089	6421	24301
2090	6424	24298
2091	6426	24294
2092	6429	24290
2093	6433	24288
2094	6435	24284
2095	6438	24280
2096	6441	24276
2097	6444	24272
2098	6447	24268
2099	6450	24265
2100	6453	24261
2101	6456	24257
2102	6459	24254
2103	6461	24250
2104	6465	24248
2105	6467	24244
2106	6470	24239
2107	6473	24236
2108	6476	24232
2109	6479	24228
2110	6482	24226
2111	6485	24222
2112	6488	24217
2113	6491	24215
2114	6494	24211
2115	6496	24207
2116	6500	24205
2117	6503	24200
2118	6506	24197
2119	6509	24194
2120	6511	24190
2121	6515	24187
2122	6517	24183
2123	6520	24179
2124	6523	24175
2125	6526	24171
2126	6529	24167
2127	6532	24165
2128	6536	24165
2129	6539	24162
2130	6542	24158
2131	6545	24154
2132	6548	24151
2133	6551	24147
2134	6553	24143
2135	6556	24140
2136	6560	24138
2137	6563	24134
2138	6566	24130
2139	6568	24126
2140	6571	24123
2141	6575	24121
2142	6577	24116
2143	6580	24113
2144	6584	24112
2145	6587	24108
2146	6590	24105
2147	6593	24101
2148	6596	24097
2149	6599	24096
2150	6604	24098
2151	6607	24095
2152	6610	24091
2153	6613	24088
2154	6616	24087
2155	6619	24083
2156	6622	24080
2157	6625	24076
2158	6628	24072
2159	6631	24070
2160	6635	24070
2161	6638	24067
2162	6641	24064
2163	6644	24060
2164	6647	24057
2165	6651	24057
2166	6654	24055
2167	6657	24052
2168	6660	24047
2169	6664	24047
2170	6668	24047
2171	6671	24044
2172	6674	24041
2173	6677	24037
2174	6680	24034
2175	6684	24034
2176	6687	24032
2177	6690	24029
2178	6693	24025
2179	6697	24023
2180	6700	24023
2181	6704	24020
2182	6707	24017
2183	6709	24012
2184	6712	24008
2185	6716	24008
2186	6719	24005
2187	6722	24002
2188	6725	23998
2189	6728	23994
2190	6732	23994
2191	6735	23990
2192	6738	23989
2193	6741	23985
2194	6744	23981
2195	6748	23980
2196	6751	23978
2197	6754	23974
2198	6757	23971
2199	6759	23967
2200	6763	23965
2201	6767	23964
2202	6770	23961
2203	6773	23957
2204	6775	23953
2205	6778	23950
2206	6782	23949
2207	6785	23946
2208	6788	23943
2209	6791	23939
2210	6794	23935
2211	6798	23934
2212	6801	23931
2213	6804	23928
2214	6807	23924
2215	6809	23920
2216	6813	23918
2217	6816	23917
2218	6819	23914
2219	6822	23910
2220	6825	23906
2221	6828	23903
2222	6832	23903
2223	6835	23899
2224	6838	23896
2225	6841	23892
2226	6844	23889
2227	6848	23889
2228	6851	23886
2229	6854	23883
2230	6857	23879
2231	6860	23876
2232	6865	23879
2233	6868	23877
2234	6872	23875
2235	6876	23876
2236	6879	23873
2237	6882	23871
2238	6885	23867
2239	6888	23863
2240	6892	23864
2241	6896	23862
2242	6899	23859
2243	6902	23856
2244	6905	23852
2245	6908	23852
2246	6912	23849
2247	6915	23846
2248	6918	23843
2249	6920	23838
2250	6924	23836
2251	6927	23832
2252	6929	23828
2253	6932	23825
2254	6935	23821
2255	6938	23817
2256	6941	23815
2257	6944	23811
2258	6948	23809
2259	6950	23805
2260	6953	23802
2261	6956	23798
2262	6959	23794
2263	6962	23791
2264	6965	23787
2265	6968	23783
2266	6971	23780
2267	6974	23776
2268	6977	23772
2269	6980	23770
2270	6983	23766
2271	6985	23762
2272	6988	23758
2273	6991	23754
2274	6995	23753
2275	6998	23750
2276	7001	23746
2277	7005	23745
2278	7007	23741
2279	7010	23738
2280	7013	23734
2281	7016	23730
2282	7019	23727
2283	7022	23724
2284	7025	23720
2285	7028	23717
2286	7031	23713
2287	7034	23709
2288	7038	23709
2289	7040	23705
2290	7043	23702
2291	7047	23699
2292	7049	23695
2293	7053	23694
2294	7056	23691
2295	7059	23687
2296	7062	23684
2297	7065	23680
2298	7068	23678
2299	7072	23676
2300	7075	23675
2301	7079	23673
2302	7082	23670
2303	7086	23670
2304	7089	23668
2305	7092	23665
2306	7096	23663
2307	7098	23659
2308	7102	23656
2309	7105	23654
2310	7108	23650
2311	7111	23647
2312	7114	23643
2313	7117	23640
2314	7121	23641
2315	7124	23637
2316	7127	23633
2317	7130	23630
2318	7133	23626
2319	7137	23627
2320	7140	23623
2321	7143	23620
2322	7146	23617
2323	7149	23613
2324	7153	23614
2325	7156	23611
2326	7159	23608
2327	7162	23605
2328	7165	23600
2329	7169	23600
2330	7172	23598
2331	7175	23594
2332	7178	23592
2333	7181	23587
2334	7185	23586
2335	7188	23583
2336	7191	23579
2337	7194	23576
2338	7196	23572
2339	7200	23570
2340	7204	23569
2341	7206	23565
2342	7210	23562
2343	7213	23559
2344	7215	23555
2345	7219	23554
2346	7222	23550
2347	7225	23548
2348	7228	23544
2349	7231	23540
2350	7235	23541
2351	7238	23537
2352	7241	23534
2353	7244	23531
2354	7247	23527
2355	7251	23527
2356	7254	23523
2357	7257	23520
2358	7260	23517
2359	7263	23513
2360	7266	23510
2361	7269	23508
2362	7272	23504
2363	7275	23502
2364	7278	23498
2365	7281	23494
2366	7285	23495
2367	7288	23490
2368	7291	23488
2369	7294	23484
2370	7297	23480
2371	7301	23480
2372	7304	23476
2373	7307	23473
2374	7310	23470
2375	7313	23466
2376	7317	23466
2377	7320	23462
2378	7323	23460
2379	7326	23457
2380	7329	23452
2381	7332	23451
2382	7336	23449
2383	7339	23445
2384	7342	23443
2385	7345	23439
2386	7349	23439
2387	7352	23437
2388	7355	23433
2389	7358	23431
2390	7361	23427
2391	7364	23425
2392	7368	23423
2393	7371	23419
2394	7374	23416
2395	7377	23412
2396	7380	23409
2397	7384	23409
2398	7387	23405
2399	7390	23402
2400	7393	23398
2401	7396	23395
2402	7399	23391
2403	7401	23387
2404	7405	23386
2405	7408	23384
2406	7411	23381
2407	7414	23377
2408	7417	23373
2409	7420	23371
2410	7424	23369
2411	7427	23365
2412	7430	23361
2413	7432	23357
2414	7435	23353
2415	7439	23352
2416	7442	23349
2417	7445	23345
2418	7447	23341
2419	7450	23337
2420	7453	23333
2421	7457	23331
2422	7459	23327
2423	7462	23324
2424	7465	23319
2425	7468	23315
2426	7471	23314
2427	7474	23311
2428	7477	23307
2429	7480	23303
2430	7483	23299
2431	7486	23295
2432	7489	23294
2433	7492	23290
2434	7495	23286
2435	7498	23282
2436	7500	23278
2437	7503	23274
2438	7507	23272
2439	7509	23268
2440	7512	23264
2441	7515	23260
2442	7518	23255
2443	7521	23253
2444	7524	23250
2445	7527	23246
2446	7530	23242
2447	7532	23238
2448	7535	23234
2449	7538	23232
2450	7541	23228
2451	7544	23224
2452	7547	23220
2453	7550	23216
2454	7553	23213
2455	7556	23211
2456	7559	23207
2457	7562	23203
2458	7565	23201
2459	7568	23197
2460	7571	23194
2461	7574	23190
2462	7577	23186
2463	7580	23184
2464	7583	23180
2465	7586	23177
2466	7589	23174
2467	7592	23170
2468	7594	23166
2469	7598	23163
2470	7600	23159
2471	7603	23155
2472	7606	23152
2473	7609	23148
2474	7612	23145
2475	7616	23144
2476	7619	23140
2477	7622	23137
2478	7625	23133
2479	7627	23129
2480	7631	23127
2481	7634	23124
2482	7637	23120
2483	7640	23117
2484	7642	23113
2485	7645	23109
2486	7649	23107
2487	7651	23103
2488	7654	23099
2489	7657	23096
2490	7660	23092
2491	7663	23089
2492	7666	23085
2493	7669	23082
2494	7672	23078
2495	7675	23075
2496	7677	23070
2497	7681	23068
2498	7684	23064
2499	7687	23061
2500	7690	23057
2501	7692	23053
2502	7695	23050
2503	7698	23047
2504	7701	23043
2505	7704	23039
2506	7707	23035
2507	7709	23031
2508	7712	23028
2509	7715	23024
2510	7718	23020
2511	7721	23017
2512	7724	23013
2513	7727	23009
2514	7730	23007
2515	7733	23003
2516	7736	22999
2517	7739	22997
2518	7742	22993
2519	7745	22989
2520	7748	22987
2521	7751	22983
2522	7754	22979
2523	7756	22975
2524	7759	22971
2525	7762	22968
2526	7765	22965
2527	7768	22961
2528	7771	22957
2529	7774	22954
2530	7777	22950
2531	7780	22948
2532	7783	22944
2533	7786	22941
2534	7789	22938
2535	7792	22933
2536	7795	22930
2537	7798	22927
2538	7800	22923
2539	7803	22920
2540	7806	22916
2541	7809	22912
2542	7812	22910
2543	7815	22906
2544	7818	22902
2545	7821	22899
2546	7824	22895
2547	7827	22891
2548	7830	22888
2549	7833	22884
2550	7835	22881
2551	7839	22878
2552	7842	22874
2553	7845	22872
2554	7848	22868
2555	7850	22864
2556	7853	22861
2557	7856	22857
2558	7859	22853
2559	7862	22851
2560	7865	22847
2561	7868	22844
2562	7871	22841
2563	7875	22840
2564	7878	22837
2565	7881	22834
2566	7884	22830
2567	7887	22827
2568	7890	22824
2569	7893	22820
2570	7896	22818
2571	7899	22814
2572	7902	22810
2573	7905	22807
2574	7908	22805
2575	7911	22801
2576	7914	22798
2577	7917	22794
2578	7920	22790
2579	7924	22789
2580	7927	22787
2581	7930	22784
2582	7933	22780
2583	7936	22776
2584	7939	22773
2585	7942	22770
2586	7945	22766
2587	7948	22763
2588	7951	22761
2589	7954	22757
2590	7957	22754
2591	7960	22750
2592	7963	22747
2593	7966	22745
2594	7969	22741
2595	7972	22738
2596	7975	22734
2597	7978	22730
2598	7981	22727
2599	7983	22723
2600	7986	22719
2601	7989	22716
2602	7992	22712
2603	7995	22709
2604	7998	22705
2605	8001	22701
2606	8004	22698
2607	8006	22694
2608	8009	22690
2609	8012	22687
2610	8015	22684
2611	8018	22680
2612	8021	22676
2613	8024	22672
2614	8027	22669
2615	8030	22668
2616	8033	22664
2617	8037	22662
2618	8040	22660
2619	8043	22656
2620	8046	22654
2621	8049	22650
2622	8052	22646
2623	8056	22646
2624	8059	22642
2625	8062	22639
2626	8065	22636
2627	8068	22632
2628	8071	22630
2629	8074	22627
2630	8077	22623
2631	8080	22620
2632	8083	22616
2633	8086	22614
2634	8090	22612
2635	8092	22608
2636	8095	22604
2637	8098	22601
2638	8101	22597
2639	8105	22597
2640	8108	22593
2641	8111	22590
2642	8114	22587
2643	8117	22583
2644	8121	22582
2645	8124	22579
2646	8126	22575
2647	8129	22572
2648	8132	22568
2649	8135	22565
2650	8139	22563
2651	8142	22559
2652	8145	22556
2653	8148	22553
2654	8150	22549
2655	8154	22548
2656	8157	22545
2657	8160	22541
2658	8163	22538
2659	8166	22534
2660	8170	22532
2661	8173	22530
2662	8176	22526
2663	8179	22523
2664	8181	22519
2665	8184	22515
2666	8188	22514
2667	8191	22510
2668	8194	22507
2669	8197	22504
2670	8200	22500
2671	8204	22499
2672	8206	22495
2673	8209	22492
2674	8212	22489
2675	8215	22485
2676	8218	22483
2677	8222	22480
2678	8224	22476
2679	8228	22473
2680	8230	22470
2681	8233	22466
2682	8237	22465
2683	8240	22462
2684	8243	22458
2685	8246	22455
2686	8249	22452
2687	8253	22450
2688	8256	22447
2689	8259	22443
2690	8262	22441
2691	8265	22437
2692	8268	22434
2693	8271	22431
2694	8274	22427
2695	8277	22424
2696	8280	22420
2697	8282	22416
2698	8286	22415
2699	8289	22411
2700	8292	22408
2701	8295	22404
2702	8297	22400
2703	8300	22397
2704	8304	22395
2705	8306	22391
2706	8309	22387
2707	8312	22384
2708	8315	22380
2709	8319	22379
2710	8322	22375
2711	8324	22371
2712	8328	22368
2713	8330	22364
2714	8333	22360
2715	8336	22357
2716	8339	22353
2717	8342	22351
2718	8345	22348
2719	8348	22344
2720	8351	22340
2721	8354	22336
2722	8357	22333
2723	8360	22330
2724	8363	22327
2725	8365	22322
2726	8368	22319
2727	8371	22315
2728	8374	22311
2729	8377	22308
2730	8380	22304
2731	8382	22301
2732	8385	22297
2733	8388	22293
2734	8391	22290
2735	8394	22287
2736	8397	22283
2737	8400	22279
2738	8402	22275
2739	8405	22272
2740	8408	22269
2741	8411	22265
2742	8414	22262
2743	8417	22258
2744	8420	22254
2745	8422	22250
2746	8426	22249
2747	8429	22245
2748	8432	22241
2749	8435	22238
2750	8438	22234
2751	8440	22231
2752	8444	22228
2753	8446	22224
2754	8449	22220
2755	8452	22217
2756	8455	22213
2757	8458	22210
2758	8461	22206
2759	8464	22203
2760	8467	22199
2761	8469	22195
2762	8472	22191
2763	8475	22188
2764	8478	22184
2765	8481	22180
2766	8484	22177
2767	8486	22173
2768	8489	22169
2769	8492	22166
2770	8495	22162
2771	8498	22159
2772	8501	22155
2773	8503	22151
2774	8506	22147
2775	8509	22144
2776	8512	22140
2777	8514	22136
2778	8517	22133
2779	8520	22129
2780	8523	22125
2781	8526	22122
2782	8529	22118
2783	8531	22114
2784	8534	22110
2785	8537	22107
2786	8540	22103
2787	8543	22100
2788	8546	22096
2789	8548	22092
2790	8551	22088
2791	8554	22084
2792	8557	22081
2793	8560	22078
2794	8563	22074
2795	8566	22071
2796	8569	22067
2797	8571	22063
2798	8574	22060
2799	8577	22056
2800	8580	22052
2801	8583	22049
2802	8586	22045
2803	8588	22041
2804	8592	22039
2805	8594	22035
2806	8597	22031
2807	8600	22028
2808	8603	22024
2809	8605	22020
2810	8608	22016
2811	8611	22012
2812	8614	22009
2813	8617	22005
2814	8619	22001
2815	8622	21997
2816	8626	21995
2817	8628	21991
2818	8631	21987
2819	8634	21983
2820	8637	21980
2821	8639	21976
2822	8642	21973
2823	8645	21969
2824	8648	21966
2825	8651	21962
2826	8654	21958
2827	8657	21955
2828	8660	21952
2829	8663	21948
2830	8666	21945
2831	8668	21941
2832	8671	21937
2833	8674	21934
2834	8677	21930
2835	8680	21926
2836	8683	21923
2837	8685	21919
2838	8688	21915
2839	8691	21912
2840	8694	21908
2841	8696	21904
2842	8699	21901
2843	8702	21897
2844	8705	21893
2845	8708	21890
2846	8711	21886
2847	8713	21882
2848	8716	21878
2849	8719	21875
2850	8722	21871
2851	8725	21868
2852	8727	21864
2853	8730	21860
2854	8733	21856
2855	8736	21853
2856	8739	21849
2857	8742	21846
2858	8744	21842
2859	8747	21839
2860	8750	21835
2861	8753	21831
2862	8756	21827
2863	8759	21825
2864	8762	21821
2865	8765	21818
2866	8768	21814
2867	8770	21810
2868	8773	21807
2869	8776	21803
2870	8779	21799
2871	8782	21796
2872	8785	21792
2873	8787	21788
2874	8790	21785
2875	8793	21782
2876	8796	21778
2877	8799	21775
2878	8802	21771
2879	8804	21767
2880	8807	21764
2881	8811	21762
2882	8814	21759
2883	8817	21756
2884	8820	21752
2885	8822	21748
2886	8825	21745
2887	8828	21741
2888	8831	21738
2889	8834	21734
2890	8837	21731
2891	8840	21727
2892	8843	21723
2893	8845	21719
2894	8848	21716
2895	8851	21712
2896	8854	21708
2897	8857	21705
2898	8859	21702
2899	8862	21698
2900	8865	21694
2901	8868	21691
2902	8871	21687
2903	8874	21683
2904	8876	21680
2905	8879	21676
2906	8882	21673
2907	8885	21669
2908	8888	21665
2909	8891	21662
2910	8894	21659
2911	8896	21655
2912	8899	21652
2913	8902	21648
2914	8905	21644
2915	8908	21641
2916	8911	21637
2917	8914	21634
2918	8916	21631
2919	8919	21627
2920	8922	21624
2921	8925	21620
2922	8928	21616
2923	8931	21613
2924	8934	21610
2925	8937	21606
2926	8940	21603
2927	8942	21599
2928	8945	21595
2929	8948	21592
2930	8951	21588
2931	8953	21584
2932	8956	21581
2933	8959	21577
2934	8962	21574
2935	8966	21572
2936	8968	21568
2937	8971	21564
2938	8974	21562
2939	8977	21558
2940	8980	21555
2941	8983	21551
2942	8985	21547
2943	8988	21543
2944	8991	21539
2945	8994	21536
2946	8997	21533
2947	9000	21529
2948	9002	21525
2949	9005	21521
2950	9008	21518
2951	9011	21514
2952	9014	21511
2953	9016	21507
2954	9019	21503
2955	9022	21500
2956	9026	21498
2957	9028	21494
2958	9031	21491
2959	9034	21487
2960	9037	21483
2961	9040	21480
2962	9043	21477
2963	9045	21473
2964	9048	21470
2965	9051	21466
2966	9054	21462
2967	9057	21459
2968	9060	21455
2969	9062	21452
2970	9065	21448
2971	9068	21444
2972	9071	21442
2973	9074	21438
2974	9077	21435
2975	9080	21433
2976	9084	21430
2977	9087	21427
2978	9090	21424
2979	9093	21421
2980	9096	21419
2981	9100	21416
2982	9103	21414
2983	9106	21412
2984	9110	21409
2985	9113	21406
2986	9116	21403
2987	9119	21400
2988	9122	21398
2989	9125	21395
2990	9129	21393
2991	9132	21389
2992	9135	21387
2993	9138	21384
2994	9141	21381
2995	9144	21378
2996	9147	21375
2997	9150	21371
2998	9153	21367
2999	9156	21364
3000	9158	21360
3001	9161	21357
3002	9164	21354
3003	9168	21351
3004	9171	21350
3005	9175	21347
3006	9178	21345
3007	9181	21341
3008	9184	21338
3009	9187	21335
3010	9190	21331
3011	9192	21327
3012	9195	21324
3013	9198	21320
3014	9201	21317
3015	9204	21314
3016	9207	21310
3017	9209	21306
3018	9212	21303
3019	9215	21299
3020	9218	21295
3021	9221	21292
3022	9224	21288
3023	9226	21284
3024	9229	21281
3025	9232	21278
3026	9235	21274
3027	9238	21271
3028	9241	21267
3029	9244	21264
3030	9246	21260
3031	9249	21257
3032	9252	21253
3033	9255	21250
3034	9258	21246
3035	9261	21242
3036	9263	21239
3037	9266	21235
3038	9269	21232
3039	9272	21229
3040	9275	21225
3041	9278	21222
3042	9281	21218
3043	9283	21214
3044	9286	21211
3045	9289	21207
3046	9292	21203
3047	9294	21200
3048	9297	21196
3049	9300	21192
3050	9303	21189
3051	9306	21186
3052	9309	21182
3053	9312	21180
3054	9315	21176
3055	9318	21173
3056	9321	21170
3057	9324	21167
3058	9327	21163
3059	9330	21160
3060	9332	21156
3061	9335	21153
3062	9338	21149
3063	9341	21145
3064	9344	21142
3065	9347	21139
3066	9349	21135
3067	9352	21131
3068	9355	21128
3069	9358	21124
3070	9361	21121
3071	9363	21117
3072	9366	21113
3073	9369	21110
3074	9372	21107
3075	9375	21103
3076	9378	21100
3077	9380	21096
3078	9383	21092
3079	9386	21089
3080	9389	21085
3081	9392	21081
3082	9395	21078
3083	9397	21074
3084	9400	21071
3085	9403	21067
3086	9406	21064
3087	9408	21060
3088	9411	21057
3089	9414	21053
3090	9417	21049
3091	9420	21046
3092	9423	21042
3093	9426	21040
3094	9429	21036
3095	9431	21033
3096	9434	21029
3097	9437	21026
3098	9440	21022
3099	9443	21019
3100	9446	21015
3101	9448	21011
3102	9451	21008
3103	9454	21005
3104	9457	21001
3105	9460	20998
3106	9463	20994
3107	9466	20991
3108	9469	20987
3109	9471	20984
3110	9474	20980
3111	9477	20977
3112	9480	20973
3113	9482	20969
3114	9485	20966
3115	9488	20962
3116	9491	20958
3117	9494	20955
3118	9497	20952
3119	9499	20948
3120	9502	20945
3121	9505	20941
3122	9508	20937
3123	9511	20934
3124	9513	20930
3125	9516	20926
3126	9519	20923
3127	9522	20920
3128	9525	20916
3129	9527	20912
3130	9530	20909
3131	9533	20905
3132	9536	20902
3133	9539	20899
3134	9542	20895
3135	9545	20891
3136	9547	20888
3137	9550	20884
3138	9553	20881
3139	9556	20877
3140	9559	20874
3141	9562	20870
3142	9564	20867
3143	9567	20863
3144	9570	20860
3145	9573	20856
3146	9576	20853
3147	9579	20850
3148	9581	20846
3149	9584	20842
3150	9588	20840
3151	9590	20836
3152	9593	20833
3153	9596	20829
3154	9599	20825
3155	9601	20822
3156	9604	20819
3157	9607	20815
3158	9610	20811
3159	9613	20808
3160	9615	20804
3161	9618	20801
3162	9621	20798
3163	9624	20794
3164	9627	20791
3165	9630	20787
3166	9633	20784
3167	9636	20781
3168	9638	20777
3169	9642	20774
3170	9644	20770
3171	9647	20767
3172	9650	20764
3173	9653	20760
3174	9656	20757
3175	9659	20754
3176	9662	20750
3177	9664	20747
3178	9667	20744
3179	9670	20740
3180	9673	20736
3181	9676	20734
3182	9679	20730
3183	9682	20727
3184	9685	20724
3185	9688	20720
3186	9690	20716
3187	9693	20712
3188	9696	20709
3189	9699	20706
3190	9702	20703
3191	9705	20699
3192	9708	20696
3193	9710	20692
3194	9715	20693
3195	9718	20690
3196	9722	20687
3197	9724	20684
3198	9727	20680
3199	9730	20677
3200	9733	20673
3201	9736	20670
3202	9738	20666
3203	9741	20663
3204	9744	20660
3205	9747	20656
3206	9750	20653
3207	9753	20649
3208	9755	20645
3209	9758	20642
3210	9761	20638
3211	9764	20635
3212	9767	20631
3213	9769	20628
3214	9772	20624
3215	9776	20622
3216	9778	20618
3217	9781	20615
3218	9784	20612
3219	9787	20608
3220	9790	20605
3221	9793	20602
3222	9796	20598
3223	9799	20595
3224	9802	20592
3225	9804	20588
3226	9807	20585
3227	9810	20581
3228	9813	20577
3229	9816	20574
3230	9818	20570
3231	9821	20567
3232	9824	20564
3233	9827	20560
3234	9830	20556
3235	9833	20553
3236	9835	20549
3237	9838	20546
3238	9841	20543
3239	9844	20539
3240	9847	20536
3241	9850	20532
3242	9852	20529
3243	9855	20525
3244	9858	20522
3245	9861	20518
3246	9864	20515
3247	9867	20512
3248	9870	20508
3249	9872	20505
3250	9875	20501
3251	9878	20497
3252	9881	20494
3253	9884	20491
3254	9886	20487
3255	9889	20484
3256	9892	20480
3257	9895	20476
3258	9898	20473
3259	9901	20470
3260	9903	20466
3261	9906	20463
3262	9909	20459
3263	9912	20456
3264	9915	20452
3265	9918	20449
3266	9920	20446
3267	9923	20442
3268	9926	20439
3269	9929	20435
3270	9932	20432
3271	9935	20428
3272	9937	20425
3273	9940	20422
3274	9943	20418
3275	9946	20415
3276	9949	20412
3277	9952	20408
3278	9955	20405
3279	9957	20401
3280	9960	20397
3281	9963	20394
3282	9966	20391
3283	9969	20387
3284	9971	20384
3285	9974	20380
3286	9977	20376
3287	9980	20374
3288	9984	20371
3289	9986	20368
3290	9989	20365
3291	9992	20361
3292	9995	20357
3293	9998	20354
3294	10001	20351
3295	10003	20347
3296	10006	20344
3297	10009	20340
3298	10012	20336
3299	10015	20333
3300	10017	20329
3301	10020	20326
3302	10023	20323
3303	10026	20319
3304	10028	20315
3305	10031	20312
3306	10034	20309
3307	10037	20305
3308	10040	20302
3309	10043	20298
3310	10045	20294
3311	10048	20291
3312	10051	20287
3313	10054	20284
3314	10057	20281
3315	10059	20277
3316	10062	20273
3317	10065	20270
3318	10068	20266
3319	10070	20263
3320	10073	20260
3321	10076	20256
3322	10079	20252
3323	10082	20249
3324	10085	20246
3325	10087	20242
3326	10090	20239
3327	10093	20235
3328	10096	20232
3329	10099	20229
3330	10102	20225
3331	10105	20222
3332	10108	20219
3333	10110	20215
3334	10113	20211
3335	10116	20208
3336	10119	20204
3337	10122	20201
3338	10124	20198
3339	10127	20194
3340	10130	20191
3341	10133	20188
3342	10136	20184
3343	10139	20181
3344	10141	20177
3345	10144	20174
3346	10147	20170
3347	10150	20167
3348	10153	20163
3349	10156	20160
3350	10158	20157
3351	10161	20153
3352	10164	20150
3353	10167	20147
3354	10170	20143
3355	10173	20140
3356	10175	20136
3357	10178	20132
3358	10181	20129
3359	10184	20126
3360	10187	20122
3361	10190	20119
3362	10192	20115
3363	10195	20112
3364	10198	20109
3365	10201	20105
3366	10204	20102
3367	10207	20098
3368	10209	20095
3369	10212	20091
3370	10215	20089
3371	10218	20085
3372	10221	20082
3373	10224	20078
3374	10226	20075
3375	10229	20071
3376	10232	20068
3377	10235	20064
3378	10238	20061
3379	10241	20057
3380	10243	20054
3381	10246	20051
3382	10249	20048
3383	10252	20044
3384	10255	20041
3385	10258	20037
3386	10260	20034
3387	10263	20030
3388	10267	20028
3389	10269	20024
3390	10272	20021
3391	10275	20017
3392	10278	20014
3393	10281	20011
3394	10284	20007
3395	10286	20004
3396	10289	20000
3397	10292	19997
3398	10295	19993
3399	10298	19990
3400	10300	19986
3401	10303	19983
3402	10306	19979
3403	10309	19976
3404	10312	19973
3405	10315	19969
3406	10317	19966
3407	10320	19963
3408	10323	19959
3409	10326	19955
3410	10329	19952
3411	10331	19949
3412	10334	19945
3413	10337	19942
3414	10340	19938
3415	10342	19935
3416	10345	19931
3417	10348	19928
3418	10351	19925
3419	10354	19921
3420	10357	19918
3421	10359	19914
3422	10362	19911
3423	10365	19908
3424	10368	19904
3425	10371	19901
3426	10374	19897
3427	10376	19894
3428	10379	19890
3429	10382	19887
3430	10385	19883
3431	10388	19880
3432	10391	19877
3433	10393	19873
3434	10396	19870
3435	10399	19867
3436	10402	19863
3437	10405	19860
3438	10407	19856
3439	10410	19853
3440	10414	19850
3441	10416	19847
3442	10419	19843
3443	10422	19840
3444	10425	19836
3445	10428	19833
3446	10431	19830
3447	10433	19826
3448	10436	19823
3449	10439	19819
3450	10442	19816
3451	10444	19812
3452	10447	19809
3453	10450	19805
3454	10453	19802
3455	10456	19799
3456	10458	19795
3457	10462	19792
3458	10464	19789
3459	10467	19785
3460	10470	19782
3461	10473	19779
3462	10476	19776
3463	10479	19772
3464	10482	19769
3465	10484	19765
3466	10488	19763
3467	10491	19760
3468	10494	19756
3469	10497	19753
3470	10499	19750
3471	10502	19746
3472	10505	19743
3473	10508	19739
3474	10511	19736
3475	10514	19733
3476	10516	19730
3477	10519	19727
3478	10522	19723
3479	10525	19719
3480	10528	19716
3481	10531	19713
3482	10534	19710
3483	10537	19707
3484	10539	19703
3485	10542	19700
3486	10545	19697
3487	10548	19693
3488	10551	19690
3489	10554	19686
3490	10556	19683
3491	10559	19679
3492	10562	19676
3493	10565	19673
3494	10568	19670
3495	10571	19666
3496	10573	19663
3497	10576	19659
3498	10579	19656
3499	10582	19653
3500	10585	19650
3501	10588	19647
3502	10591	19643
3503	10594	19640
3504	10597	19636
3505	10599	19633
3506	10602	19630
3507	10605	19626
3508	10608	19623
3509	10611	19619
3510	10613	19616
3511	10616	19612
3512	10619	19609
3513	10622	19606
3514	10625	19602
3515	10628	19600
3516	10631	19597
3517	10634	19593
3518	10636	19590
3519	10639	19586
3520	10642	19583
3521	10645	19580
3522	10648	19577
3523	10651	19574
3524	10654	19570
3525	10657	19567
3526	10660	19564
3527	10662	19560
3528	10665	19557
3529	10668	19554
3530	10671	19550
3531	10674	19547
3532	10677	19544
3533	10680	19540
3534	10682	19537
3535	10685	19534
3536	10688	19530
3537	10691	19527
3538	10694	19524
3539	10697	19520
3540	10699	19517
3541	10702	19513
3542	10705	19510
3543	10708	19506
3544	10711	19503
3545	10713	19500
3546	10716	19496
3547	10719	19493
3548	10722	19489
3549	10725	19486
3550	10728	19483
3551	10730	19479
3552	10733	19476
3553	10736	19473
3554	10739	19469
3555	10742	19466
3556	10745	19463
3557	10747	19459
3558	10750	19456
3559	10753	19453
3560	10756	19449
3561	10759	19446
3562	10762	19443
3563	10764	19439
3564	10767	19436
3565	10770	19433
3566	10773	19429
3567	10776	19426
3568	10779	19423
3569	10781	19419
3570	10785	19416
3571	10787	19413
3572	10790	19409
3573	10793	19406
3574	10796	19403
3575	10799	19399
3576	10801	19396
3577	10804	19392
3578	10807	19389
3579	10810	19386
3580	10813	19382
3581	10816	19379
3582	10818	19375
3583	10821	19372
3584	10824	19369
3585	10827	19366
3586	10830	19362
3587	10833	19359
3588	10835	19356
3589	10838	19352
3590	10841	19349
3591	10844	19346
3592	10847	19342
3593	10850	19339
3594	10853	19336
3595	10855	19332
3596	10859	19330
3597	10862	19327
3598	10864	19323
3599	10868	19321
3600	10870	19317
3601	10873	19314
3602	10876	19311
3603	10879	19307
3604	10882	19304
3605	10885	19301
3606	10887	19297
3607	10890	19294
3608	10893	19291
3609	10896	19287
3610	10899	19284
3611	10902	19280
3612	10904	19277
3613	10907	19273
3614	10910	19271
3615	10913	19267
3616	10916	19264
3617	10919	19260
3618	10921	19257
3619	10925	19254
3620	10928	19251
3621	10930	19248
3622	10933	19244
3623	10936	19241
3624	10939	19237
3625	10942	19234
3626	10944	19231
3627	10947	19227
3628	10950	19224
3629	10953	19220
3630	10955	19217
3631	10958	19214
3632	10961	19210
3633	10964	19207
3634	10967	19204
3635	10970	19200
3636	10973	19198
3637	10976	19195
3638	10979	19191
3639	10982	19188
3640	10985	19185
3641	10987	19181
3642	10990	19178
3643	10993	19175
3644	10996	19172
3645	10999	19168
3646	11002	19165
3647	11004	19162
3648	11008	19159
3649	11010	19155
3650	11013	19152
3651	11016	19149
3652	11019	19145
3653	11021	19142
3654	11024	19138
3655	11027	19135
3656	11030	19131
3657	11033	19128
3658	11036	19126
3659	11039	19122
3660	11042	19119
3661	11045	19116
3662	11047	19113
3663	11050	19109
3664	11053	19105
3665	11056	19102
3666	11059	19099
3667	11061	19096
3668	11064	19092
3669	11067	19089
3670	11070	19085
3671	11073	19082
3672	11076	19079
3673	11078	19076
3674	11081	19072
3675	11084	19069
3676	11087	19065
3677	11090	19062
3678	11093	19059
3679	11096	19056
3680	11099	19053
3681	11101	19049
3682	11104	19046
3683	11107	19043
3684	11110	19040
3685	11113	19036
3686	11116	19033
3687	11119	19030
3688	11121	19026
3689	11124	19023
3690	11127	19020
3691	11130	19016
3692	11133	19013
3693	11135	19009
3694	11138	19006
3695	11141	19003
3696	11144	18999
3697	11147	18996
3698	11149	18993
3699	11152	18989
3700	11155	18986
3701	11158	18983
3702	11161	18980
3703	11164	18976
3704	11166	18973
3705	11169	18969
3706	11172	18966
3707	11175	18963
3708	11178	18960
3709	11181	18957
3710	11184	18953
3711	11186	18950
3712	11189	18947
3713	11192	18943
3714	11195	18940
3715	11198	18937
3716	11201	18933
3717	11203	18930
3718	11206	18927
3719	11209	18923
3720	11212	18920
3721	11215	18917
3722	11218	18914
3723	11220	18910
3724	11223	18907
3725	11226	18903
3726	11229	18900
3727	11232	18897
3728	11235	18893
3729	11237	18890
3730	11240	18887
3731	11243	18883
3732	11246	18880
3733	11249	18877
3734	11251	18873
3735	11254	18870
3736	11257	18867
3737	11260	18864
3738	11263	18861
3739	11266	18858
3740	11270	18856
3741	11273	18854
3742	11277	18851
3743	11280	18848
3744	11283	18845
3745	11285	18842
3746	11289	18839
3747	11292	18836
3748	11294	18832
3749	11297	18829
3750	11300	18826
3751	11303	18822
3752	11306	18820
3753	11309	18816
3754	11311	18813
3755	11315	18810
3756	11317	18806
3757	11320	18803
3758	11323	18800
3759	11326	18796
3760	11329	18793
3761	11331	18790
3762	11335	18787
3763	11343	18793
3764	11357	18809
3765	11361	18807
3766	11365	18805
3767	11372	18809
3768	11376	18807
3769	11379	18805
3770	11382	18802
3771	11385	18798
3772	11388	18795
3773	11391	18792
3774	11393	18788
3775	11396	18785
3776	11399	18782
3777	11402	18778
3778	11405	18775
3779	11408	18772
3780	11410	18768
3781	11413	18765
3782	11416	18762
3783	11419	18758
3784	11422	18755
3785	11425	18752
3786	11427	18748
3787	11430	18745
3788	11433	18742
3789	11436	18738
3790	11439	18736
3791	11442	18733
3792	11445	18729
3793	11448	18726
3794	11451	18723
3795	11454	18720
3796	11457	18717
3797	11459	18713
3798	11462	18710
3799	11465	18707
3800	11468	18703
3801	11471	18700
3802	11474	18697
3803	11477	18694
3804	11480	18691
3805	11482	18687
3806	11485	18684
3807	11488	18681
3808	11491	18677
3809	11494	18674
3810	11497	18671
3811	11499	18667
3812	11502	18664
3813	11505	18661
3814	11508	18657
3815	11511	18654
3816	11514	18651
3817	11516	18647
3818	11519	18644
3819	11522	18641
3820	11525	18638
3821	11528	18634
3822	11531	18631
3823	11534	18628
3824	11537	18625
3825	11539	18622
3826	11542	18618
3827	11545	18615
3828	11548	18612
3829	11551	18608
3830	11554	18605
3831	11557	18602
3832	11560	18599
3833	11563	18596
3834	11565	18593
3835	11568	18589
3836	11571	18586
3837	11574	18583
3838	11577	18579
3839	11580	18576
3840	11582	18573
3841	11585	18569
3842	11588	18566
3843	11591	18563
3844	11594	18559
3845	11597	18556
3846	11599	18553
3847	11602	18550
3848	11606	18547
3849	11608	18544
3850	11611	18540
3851	11614	18537
3852	11617	18534
3853	11620	18530
3854	11623	18527
3855	11625	18524
3856	11628	18521
3857	11631	18517
3858	11634	18514
3859	11637	18511
3860	11640	18507
3861	11642	18504
3862	11645	18501
3863	11648	18497
3864	11651	18494
3865	11654	18491
3866	11656	18487
3867	11659	18484
3868	11662	18481
3869	11665	18477
3870	11668	18474
3871	11671	18472
3872	11674	18469
3873	11677	18466
3874	11680	18462
3875	11683	18459
3876	11686	18455
3877	11688	18452
3878	11692	18449
3879	11695	18446
3880	11697	18443
3881	11700	18440
3882	11703	18437
3883	11706	18433
3884	11709	18430
3885	11712	18427
3886	11714	18423
3887	11717	18420
3888	11720	18417
3889	11723	18413
3890	11726	18410
3891	11728	18407
3892	11731	18403
3893	11734	18400
3894	11737	18397
3895	11740	18394
3896	11743	18390
3897	11746	18387
3898	11748	18384
3899	11751	18380
3900	11754	18378
3901	11757	18374
3902	11760	18371
3903	11763	18368
3904	11766	18364
3905	11769	18361
3906	11771	18358
3907	11774	18354
3908	11777	18351
3909	11780	18348
3910	11783	18345
3911	11786	18341
3912	11788	18338
3913	11791	18335
3914	11794	18332
3915	11797	18328
3916	11800	18325
3917	11803	18322
3918	11805	18318
3919	11808	18315
3920	11811	18312
3921	11814	18308
3922	11817	18305
3923	11820	18302
3924	11822	18299
3925	11825	18295
3926	11828	18292
3927	11831	18289
3928	11834	18285
3929	11837	18283
3930	11839	18279
3931	11842	18276
3932	11845	18273
3933	11848	18269
3934	11851	18266
3935	11854	18263
3936	11857	18259
3937	11860	18257
3938	11862	18253
3939	11865	18250
3940	11868	18247
3941	11871	18243
3942	11874	18240
3943	11877	18237
3944	11880	18234
3945	11882	18230
3946	11885	18227
3947	11889	18225
3948	11891	18221
3949	11894	18218
3950	11897	18215
3951	11900	18212
3952	11903	18209
3953	11906	18205
3954	11909	18202
3955	11912	18199
3956	11914	18195
3957	11917	18192
3958	11920	18189
3959	11923	18186
3960	11926	18182
3961	11929	18179
3962	11931	18176
3963	11934	18172
3964	11937	18169
3965	11940	18166
3966	11943	18163
3967	11946	18159
3968	11948	18156
3969	11951	18153
3970	11954	18150
3971	11957	18146
3972	11960	18143
3973	11962	18139
3974	11965	18136
3975	11968	18133
3976	11980	18143
3977	11991	18152
3978	11995	18150
3979	12002	18154
3980	12005	18151
3981	12008	18149
3982	12011	18145
3983	12014	18142
3984	12017	18139
3985	12020	18136
3986	12023	18132
3987	12026	18129
3988	12028	18126
3989	12031	18122
3990	12034	18119
3991	12037	18116
3992	12039	18112
3993	12042	18109
3994	12045	18106
3995	12048	18102
3996	12051	18099
3997	12054	18096
3998	12056	18092
3999	12059	18089
4000	12062	18086
4001	12065	18083
4002	12068	18080
4003	12071	18076
4004	12074	18073
4005	12076	18070
4006	12079	18066
4007	12082	18063
4008	12085	18060
4009	12088	18056
4010	12091	18053
4011	12093	18050
4012	12096	18047
4013	12099	18044
4014	12102	18040
4015	12105	18037
4016	12108	18034
4017	12111	18031
4018	12113	18027
4019	12116	18024
4020	12119	18021
4021	12122	18017
4022	12125	18014
4023	12128	18011
4024	12130	18007
4025	12133	18004
4026	12136	18001
4027	12139	17998
4028	12142	17995
4029	12145	17992
4030	12148	17988
4031	12151	17985
4032	12154	17982
4033	12156	17979
4034	12159	17975
4035	12162	17972
4036	12165	17969
4037	12168	17966
4038	12171	17962
4039	12174	17960
4040	12176	17956
4041	12179	17953
4042	12182	17949
4043	12185	17946
4044	12188	17943
4045	12191	17940
4046	12193	17936
4047	12196	17933
4048	12199	17930
4049	12202	17927
4050	12205	17923
4051	12208	17920
4052	12210	17917
4053	12213	17913
4054	12216	17910
4055	12219	17907
4056	12221	17903
4057	12224	17900
4058	12227	17897
4059	12230	17893
4060	12233	17890
4061	12236	17887
4062	12238	17884
4063	12241	17880
4064	12244	17877
4065	12247	17874
4066	12250	17871
4067	12253	17867
4068	12255	17864
4069	12258	17861
4070	12261	17857
4071	12264	17854
4072	12267	17851
4073	12270	17848
4074	12273	17845
4075	12276	17841
4076	12278	17838
4077	12281	17835
4078	12284	17832
4079	12287	17829
4080	12290	17826
4081	12293	17822
4082	12296	17819
4083	12299	17816
4084	12302	17813
4085	12305	17810
4086	12307	17806
4087	12310	17803
4088	12313	17800
4089	12316	17797
4090	12319	17793
4091	12321	17790
4092	12324	17786
4093	12327	17783
4094	12330	17780
4095	12333	17776
4096	12336	17773
4097	12338	17770
4098	12341	17767
4099	12344	17764
4100	12347	17760
4101	12350	17757
4102	12353	17754
4103	12356	17751
4104	12358	17747
4105	12361	17744
4106	12364	17741
4107	12367	17738
4108	12370	17734
4109	12372	17731
4110	12375	17728
4111	12378	17724
4112	12381	17721
4113	12384	17718
4114	12386	17714
4115	12389	17712
4116	12392	17708
4117	12395	17705
4118	12398	17701
4119	12401	17698
4120	12403	17695
4121	12406	17692
4122	12409	17689
4123	12412	17685
4124	12415	17682
4125	12418	17679
4126	12421	17675
4127	12423	17672
4128	12426	17669
4129	12429	17666
4130	12432	17663
4131	12435	17659
4132	12438	17656
4133	12440	17653
4134	12443	17649
4135	12446	17646
4136	12449	17643
4137	12452	17640
4138	12455	17637
4139	12458	17634
4140	12460	17630
4141	12463	17627
4142	12466	17624
4143	12469	17620
4144	12472	17617
4145	12475	17614
4146	12477	17611
4147	12481	17608
4148	12483	17604
4149	12486	17601
4150	12489	17598
4151	12492	17595
4152	12495	17591
4153	12498	17588
4154	12500	17585
4155	12503	17581
4156	12506	17578
4157	12509	17575
4158	12511	17572
4159	12514	17568
4160	12517	17565
4161	12520	17562
4162	12523	17559
4163	12526	17555
4164	12529	17552
4165	12532	17549
4166	12534	17546
4167	12537	17542
4168	12540	17539
4169	12543	17536
4170	12546	17533
4171	12548	17530
4172	12551	17526
4173	12555	17524
4174	12557	17520
4175	12560	17517
4176	12563	17513
4177	12566	17510
4178	12568	17507
4179	12571	17504
4180	12574	17500
4181	12577	17497
4182	12580	17494
4183	12583	17491
4184	12586	17488
4185	12589	17485
4186	12591	17481
4187	12594	17478
4188	12597	17475
4189	12600	17472
4190	12603	17469
4191	12606	17466
4192	12609	17462
4193	12612	17459
4194	12615	17456
4195	12617	17453
4196	12620	17450
4197	12623	17446
4198	12626	17443
4199	12629	17440
4200	12632	17437
4201	12634	17433
4202	12637	17430
4203	12640	17427
4204	12643	17423
4205	12645	17420
4206	12648	17417
4207	12651	17414
4208	12654	17411
4209	12657	17407
4210	12660	17404
4211	12663	17402
4212	12666	17398
4213	12669	17395
4214	12672	17392
4215	12674	17388
4216	12677	17385
4217	12680	17382
4218	12683	17379
4219	12686	17376
4220	12689	17372
4221	12691	17369
4222	12694	17366
4223	12697	17363
4224	12700	17360
4225	12703	17356
4226	12706	17353
4227	12708	17349
4228	12711	17346
4229	12714	17343
4230	12717	17340
4231	12720	17337
4232	12723	17334
4233	12726	17330
4234	12728	17327
4235	12731	17324
4236	12734	17320
4237	12737	17317
4238	12740	17314
4239	12743	17311
4240	12745	17308
4241	12748	17304
4242	12751	17301
4243	12754	17298
4244	12757	17295
4245	12760	17291
4246	12762	17288
4247	12765	17285
4248	12768	17282
4249	12771	17278
4250	12774	17275
4251	12776	17272
4252	12779	17269
4253	12782	17265
4254	12785	17262
4255	12788	17259
4256	12790	17255
4257	12793	17252
4258	12796	17249
4259	12799	17246
4260	12802	17242
4261	12804	17239
4262	12807	17236
4263	12810	17232
4264	12813	17229
4265	12816	17226
4266	12819	17223
4267	12821	17219
4268	12824	17216
4269	12827	17213
4270	12831	17211
4271	12833	17207
4272	12836	17204
4273	12839	17201
4274	12842	17197
4275	12845	17194
4276	12848	17191
4277	12850	17188
4278	12853	17185
4279	12856	17182
4280	12859	17179
4281	12862	17176
4282	12865	17172
4283	12868	17169
4284	12870	17166
4285	12873	17162
4286	12876	17159
4287	12879	17156
4288	12882	17153
4289	12885	17149
4290	12887	17146
4291	12890	17143
4292	12893	17140
4293	12896	17137
4294	12899	17133
4295	12902	17130
4296	12905	17127
4297	12907	17124
4298	12910	17120
4299	12913	17118
4300	12916	17115
4301	12919	17112
4302	12922	17108
4303	12925	17105
4304	12928	17102
4305	12930	17099
4306	12933	17095
4307	12936	17092
4308	12939	17089
4309	12942	17085
4310	12944	17082
4311	12947	17079
4312	12950	17076
4313	12953	17073
4314	12956	17069
4315	12958	17066
4316	12961	17063
4317	12964	17060
4318	12967	17056
4319	12970	17053
4320	12973	17050
4321	12975	17047
4322	12978	17044
4323	12981	17040
4324	12984	17037
4325	12987	17034
4326	12989	17030
4327	12992	17027
4328	12995	17024
4329	12998	17021
4330	13001	17018
4331	13004	17015
4332	13007	17011
4333	13010	17008
4334	13013	17005
4335	13015	17002
4336	13018	16999
4337	13021	16995
4338	13024	16992
4339	13027	16989
4340	13030	16986
4341	13032	16982
4342	13035	16979
4343	13038	16976
4344	13041	16972
4345	13044	16969
4346	13046	16966
4347	13049	16963
4348	13052	16960
4349	13055	16956
4350	13057	16953
4351	13061	16950
4352	13063	16947
4353	13066	16943
4354	13069	16940
4355	13072	16937
4356	13074	16933
4357	13077	16930
4358	13080	16927
4359	13083	16924
4360	13086	16920
4361	13088	16917
4362	13091	16914
4363	13094	16911
4364	13097	16907
4365	13099	16904
4366	13102	16901
4367	13105	16898
4368	13108	16895
4369	13111	16892
4370	13114	16888
4371	13117	16885
4372	13120	16882
4373	13122	16879
4374	13125	16875
4375	13128	16872
4376	13131	16869
4377	13134	16866
4378	13137	16863
4379	13139	16859
4380	13143	16857
4381	13145	16853
4382	13148	16850
4383	13151	16847
4384	13154	16844
4385	13157	16840
4386	13159	16837
4387	13162	16834
4388	13165	16830
4389	13168	16827
4390	13170	16824
4391	13173	16821
4392	13176	16818
4393	13179	16814
4394	13182	16811
4395	13185	16808
4396	13188	16805
4397	13191	16802
4398	13194	16799
4399	13196	16796
4400	13199	16792
4401	13202	16789
4402	13205	16786
4403	13208	16783
4404	13211	16780
4405	13213	16776
4406	13216	16773
4407	13219	16770
4408	13222	16767
4409	13225	16764
4410	13228	16761
4411	13231	16758
4412	13234	16755
4413	13237	16751
4414	13239	16748
4415	13242	16745
4416	13245	16742
4417	13248	16738
4418	13251	16735
4419	13253	16732
4420	13256	16728
4421	13259	16725
4422	13262	16722
4423	13265	16719
4424	13268	16716
4425	13270	16712
4426	13273	16709
4427	13276	16706
4428	13279	16703
4429	13282	16700
4430	13285	16696
4431	13287	16693
4432	13290	16690
4433	13293	16687
4434	13296	16684
4435	13299	16680
4436	13301	16677
4437	13304	16674
4438	13307	16671
4439	13310	16668
4440	13313	16664
4441	13316	16661
4442	13318	16658
4443	13321	16654
4444	13324	16651
4445	13327	16648
4446	13329	16645
4447	13332	16642
4448	13335	16638
4449	13338	16635
4450	13341	16632
4451	13344	16629
4452	13347	16626
4453	13350	16623
4454	13352	16619
4455	13355	16616
4456	13359	16614
4457	13361	16610
4458	13364	16607
4459	13368	16605
4460	13371	16602
4461	13374	16599
4462	13377	16597
4463	13380	16594
4464	13383	16591
4465	13386	16587
4466	13389	16584
4467	13392	16581
4468	13395	16578
4469	13398	16575
4470	13400	16571
4471	13403	16568
4472	13406	16565
4473	13409	16562
4474	13412	16559
4475	13414	16555
4476	13417	16552
4477	13420	16549
4478	13423	16545
4479	13426	16542
4480	13428	16539
4481	13431	16536
4482	13434	16533
4483	13437	16529
4484	13440	16526
4485	13443	16523
4486	13445	16520
4487	13448	16517
4488	13451	16514
4489	13454	16510
4490	13457	16507
4491	13460	16504
4492	13462	16501
4493	13465	16498
4494	13468	16494
4495	13471	16491
4496	13474	16488
4497	13477	16485
4498	13480	16482
4499	13483	16479
4500	13486	16476
4501	13488	16472
4502	13491	16470
4503	13494	16466
4504	13497	16463
4505	13500	16460
4506	13502	16456
4507	13505	16453
4508	13508	16450
4509	13511	16447
4510	13514	16444
4511	13517	16441
4512	13520	16438
4513	13523	16434
4514	13526	16432
4515	13528	16428
4516	13531	16425
4517	13534	16422
4518	13537	16419
4519	13540	16416
4520	13543	16413
4521	13545	16409
4522	13548	16406
4523	13551	16403
4524	13554	16400
4525	13557	16397
4526	13560	16394
4527	13563	16390
4528	13566	16387
4529	13568	16384
4530	13571	16381
4531	13574	16377
4532	13577	16374
4533	13580	16371
4534	13583	16368
4535	13585	16365
4536	13588	16362
4537	13592	16359
4538	13594	16356
4539	13598	16353
4540	13600	16350
4541	13603	16346
4542	13606	16344
4543	13609	16341
4544	13612	16337
4545	13615	16334
4546	13617	16331
4547	13620	16327
4548	13623	16324
4549	13626	16321
4550	13628	16318
4551	13631	16315
4552	13634	16311
4553	13637	16308
4554	13640	16305
4555	13643	16302
4556	13646	16299
4557	13649	16296
4558	13651	16292
4559	13654	16289
4560	13657	16286
4561	13660	16283
4562	13663	16280
4563	13665	16276
4564	13668	16273
4565	13671	16270
4566	13674	16267
4567	13677	16264
4568	13680	16261
4569	13682	16257
4570	13685	16254
4571	13688	16251
4572	13691	16248
4573	13694	16244
4574	13697	16241
4575	13699	16238
4576	13702	16235
4577	13705	16232
4578	13708	16229
4579	13710	16225
4580	13714	16222
4581	13716	16219
4582	13720	16217
4583	13723	16213
4584	13726	16210
4585	13728	16207
4586	13731	16204
4587	13734	16201
4588	13737	16197
4589	13740	16194
4590	13743	16191
4591	13745	16188
4592	13748	16185
4593	13751	16182
4594	13754	16178
4595	13757	16176
4596	13760	16172
4597	13763	16169
4598	13765	16166
4599	13768	16163
4600	13771	16159
4601	13774	16156
4602	13777	16153
4603	13780	16150
4604	13782	16147
4605	13785	16143
4606	13788	16140
4607	13791	16137
4608	13794	16134
4609	13797	16131
4610	13799	16128
4611	13802	16124
4612	13805	16121
4613	13808	16119
4614	13811	16115
4615	13814	16113
4616	13817	16109
4617	13820	16106
4618	13823	16103
4619	13825	16100
4620	13828	16097
4621	13831	16093
4622	13834	16090
4623	13837	16087
4624	13840	16084
4625	13842	16081
4626	13845	16077
4627	13848	16074
4628	13851	16071
4629	13853	16068
4630	13856	16065
4631	13859	16061
4632	13862	16059
4633	13865	16055
4634	13868	16052
4635	13871	16049
4636	13874	16046
4637	13876	16043
4638	13879	16040
4639	13882	16036
4640	13885	16033
4641	13888	16030
4642	13891	16027
4643	13894	16024
4644	13897	16021
4645	13900	16018
4646	13903	16015
4647	13906	16012
4648	13908	16009
4649	13911	16006
4650	13914	16002
4651	13917	15999
4652	13920	15996
4653	13923	15993
4654	13925	15990
4655	13928	15987
4656	13931	15983
4657	13934	15980
4658	13937	15977
4659	13940	15974
4660	13943	15971
4661	13945	15968
4662	13948	15964
4663	13951	15961
4664	13954	15958
4665	13957	15955
4666	13960	15952
4667	13963	15949
4668	13965	15945
4669	13968	15942
4670	13971	15939
4671	13974	15936
4672	13977	15933
4673	13980	15930
4674	13982	15926
4675	13985	15923
4676	13988	15920
4677	13991	15917
4678	13994	15914
4679	13997	15911
4680	14000	15908
4681	14003	15905
4682	14006	15902
4683	14008	15898
4684	14011	15895
4685	14014	15892
4686	14017	15889
4687	14020	15886
4688	14023	15883
4689	14026	15880
4690	14028	15877
4691	14031	15873
4692	14034	15870
4693	14037	15867
4694	14040	15864
4695	14043	15861
4696	14046	15858
4697	14048	15855
4698	14051	15851
4699	14054	15848
4700	14057	15845
4701	14060	15842
4702	14063	15839
4703	14066	15836
4704	14069	15833
4705	14072	15830
4706	14074	15827
4707	14077	15824
4708	14080	15820
4709	14083	15817
4710	14086	15814
4711	14089	15811
4712	14092	15808
4713	14095	15805
4714	14098	15802
4715	14100	15799
4716	14103	15796
4717	14106	15792
4718	14109	15789
4719	14112	15786
4720	14115	15783
4721	14117	15780
4722	14120	15777
4723	14123	15774
4724	14126	15770
4725	14129	15767
4726	14132	15764
4727	14134	15761
4728	14137	15758
4729	14140	15755
4730	14143	15751
4731	14146	15748
4732	14148	15745
4733	14151	15742
4734	14154	15739
4735	14157	15736
4736	14160	15732
4737	14163	15729
4738	14166	15726
4739	14169	15723
4740	14172	15720
4741	14174	15717
4742	14177	15714
4743	14180	15710
4744	14183	15707
4745	14186	15704
4746	14189	15701
4747	14192	15698
4748	14195	15695
4749	14197	15692
4750	14200	15689
4751	14203	15686
4752	14206	15682
4753	14209	15679
4754	14212	15676
4755	14214	15673
4756	14217	15670
4757	14220	15667
4758	14223	15664
4759	14226	15661
4760	14229	15658
4761	14232	15655
4762	14235	15651
4763	14238	15648
4764	14240	15645
4765	14243	15642
4766	14246	15639
4767	14249	15636
4768	14252	15633
4769	14255	15630
4770	14257	15626
4771	14260	15623
4772	14263	15620
4773	14266	15617
4774	14269	15614
4775	14272	15611
4776	14275	15608
4777	14278	15605
4778	14281	15601
4779	14283	15598
4780	14286	15595
4781	14289	15592
4782	14292	15589
4783	14295	15586
4784	14297	15582
4785	14300	15579
4786	14303	15576
4787	14306	15573
4788	14309	15570
4789	14312	15566
4790	14314	15563
4791	14317	15560
4792	14320	15557
4793	14323	15554
4794	14326	15551
4795	14329	15548
4796	14331	15544
4797	14334	15541
4798	14337	15538
4799	14340	15535
4800	14343	15532
4801	14346	15529
4802	14348	15526
4803	14352	15523
4804	14354	15520
4805	14357	15516
4806	14360	15513
4807	14363	15510
4808	14366	15507
4809	14369	15504
4810	14371	15501
4811	14374	15498
4812	14377	15495
4813	14380	15492
4814	14383	15489
4815	14386	15486
4816	14389	15483
4817	14392	15480
4818	14395	15476
4819	14398	15473
4820	14402	15471
4821	14404	15468
4822	14407	15465
4823	14410	15462
4824	14413	15458
4825	14416	15455
4826	14419	15453
4827	14422	15449
4828	14424	15446
4829	14427	15443
4830	14430	15440
4831	14433	15437
4832	14436	15434
4833	14439	15430
4834	14442	15427
4835	14444	15424
4836	14447	15421
4837	14450	15418
4838	14453	15415
4839	14456	15412
4840	14459	15409
4841	14462	15405
4842	14464	15402
4843	14467	15399
4844	14470	15396
4845	14473	15393
4846	14476	15390
4847	14479	15387
4848	14481	15383
4849	14484	15380
4850	14487	15377
4851	14490	15374
4852	14493	15371
4853	14495	15367
4854	14498	15364
4855	14501	15361
4856	14504	15358
4857	14507	15355
4858	14510	15352
4859	14512	15348
4860	14515	15345
4861	14518	15342
4862	14521	15339
4863	14524	15336
4864	14526	15333
4865	14529	15329
4866	14532	15326
4867	14535	15323
4868	14538	15320
4869	14541	15317
4870	14544	15314
4871	14547	15311
4872	14549	15308
4873	14552	15305
4874	14555	15302
4875	14558	15299
4876	14561	15296
4877	14564	15292
4878	14567	15289
4879	14570	15287
4880	14573	15283
4881	14576	15280
4882	14579	15277
4883	14581	15274
4884	14584	15271
4885	14587	15268
4886	14590	15265
4887	14593	15262
4888	14596	15258
4889	14599	15255
4890	14601	15252
4891	14604	15249
4892	14607	15246
4893	14610	15243
4894	14613	15240
4895	14616	15237
4896	14619	15234
4897	14621	15230
4898	14624	15227
4899	14627	15224
4900	14630	15221
4901	14633	15218
4902	14636	15215
4903	14638	15211
4904	14641	15209
4905	14644	15205
4906	14647	15202
4907	14650	15199
4908	14653	15196
4909	14655	15193
4910	14658	15190
4911	14661	15187
4912	14664	15183
4913	14667	15180
4914	14670	15177
4915	14673	15174
4916	14675	15171
4917	14678	15168
4918	14681	15165
4919	14684	15162
4920	14687	15159
4921	14690	15156
4922	14693	15152
4923	14696	15149
4924	14699	15146
4925	14702	15143
4926	14704	15140
4927	14707	15137
4928	14710	15134
4929	14713	15130
4930	14716	15128
4931	14719	15125
4932	14721	15121
4933	14724	15118
4934	14727	15115
4935	14730	15112
4936	14733	15109
4937	14735	15105
4938	14738	15102
4939	14741	15099
4940	14744	15096
4941	14747	15093
4942	14749	15090
4943	14752	15086
4944	14755	15083
4945	14758	15080
4946	14761	15077
4947	14763	15074
4948	14767	15071
4949	14769	15068
4950	14772	15065
4951	14775	15061
4952	14778	15058
4953	14781	15055
4954	14784	15052
4955	14786	15049
4956	14789	15046
4957	14792	15043
4958	14795	15039
4959	14798	15037
4960	14801	15033
4961	14804	15030
4962	14807	15027
4963	14809	15024
4964	14812	15021
4965	14815	15018
4966	14818	15015
4967	14821	15011
4968	14824	15009
4969	14826	15005
4970	14829	15002
4971	14832	14999
4972	14835	14996
4973	14838	14993
4974	14841	14990
4975	14844	14987
4976	14846	14984
4977	14850	14981
4978	14852	14978
4979	14855	14974
4980	14858	14971
4981	14860	14968
4982	14863	14965
4983	14866	14962
4984	14869	14959
4985	14872	14956
4986	14875	14952
4987	14878	14949
4988	14880	14946
4989	14883	14943
4990	14886	14940
4991	14889	14937
4992	14892	14934
4993	14895	14930
4994	14898	14928
4995	14901	14924
4996	14903	14921
4997	14906	14918
4998	14909	14915
4999	14912	14912
5000	14915	14909
5001	14918	14906
5002	14920	14903
5003	14924	14900
5004	14927	14897
5005	14930	14894
5006	14933	14891
5007	14935	14888
5008	14938	14885
5009	14941	14882
5010	14944	14878
5011	14947	14875
5012	14950	14872
5013	14953	14869
5014	14956	14866
5015	14958	14863
5016	14961	14860
5017	14964	14857
5018	14967	14854
5019	14970	14850
5020	14973	14847
5021	14975	14844
5022	14978	14841
5023	14981	14838
5024	14984	14835
5025	14987	14832
5026	14990	14829
5027	14993	14826
5028	14996	14823
5029	14999	14820
5030	15002	14817
5031	15005	14814
5032	15008	14811
5033	15010	14808
5034	15013	14805
5035	15016	14802
5036	15019	14798
5037	15022	14796
5038	15025	14792
5039	15028	14789
5040	15031	14786
5041	15033	14783
5042	15036	14780
5043	15039	14777
5044	15042	14774
5045	15045	14771
5046	15048	14767
5047	15051	14764
5048	15053	14761
5049	15056	14758
5050	15059	14755
5051	15062	14752
5052	15065	14749
5053	15068	14746
5054	15071	14743
5055	15074	14740
5056	15076	14736
5057	15079	14733
5058	15082	14730
5059	15085	14727
5060	15088	14724
5061	15091	14721
5062	15093	14718
5063	15096	14715
5064	15099	14712
5065	15102	14708
5066	15105	14705
5067	15108	14702
5068	15110	14699
5069	15113	14696
5070	15116	14693
5071	15119	14690
5072	15122	14687
5073	15125	14684
5074	15128	14680
5075	15130	14677
5076	15133	14674
5077	15136	14671
5078	15139	14668
5079	15141	14665
5080	15144	14661
5081	15147	14659
5082	15150	14655
5083	15153	14652
5084	15156	14649
5085	15159	14646
5086	15161	14643
5087	15164	14640
5088	15167	14636
5089	15170	14633
5090	15173	14630
5091	15175	14627
5092	15178	14624
5093	15181	14621
5094	15184	14618
5095	15187	14615
5096	15190	14612
5097	15192	14608
5098	15195	14605
5099	15198	14602
5100	15201	14599
5101	15204	14596
5102	15207	14593
5103	15209	14589
5104	15212	14587
5105	15215	14583
5106	15218	14580
5107	15221	14577
5108	15223	14574
5109	15226	14571
5110	15229	14568
5111	15232	14564
5112	15235	14561
5113	15238	14558
5114	15240	14555
5115	15243	14552
5116	15246	14549
5117	15249	14545
5118	15251	14542
5119	15254	14539
5120	15257	14536
5121	15260	14533
5122	15263	14530
5123	15266	14527
5124	15268	14524
5125	15271	14521
5126	15274	14517
5127	15277	14514
5128	15280	14511
5129	15283	14508
5130	15285	14505
5131	15288	14502
5132	15291	14498
5133	15294	14495
5134	15297	14492
5135	15299	14489
5136	15302	14486
5137	15305	14483
5138	15308	14480
5139	15311	14477
5140	15314	14474
5141	15317	14471
5142	15320	14468
5143	15322	14464
5144	15325	14461
5145	15328	14458
5146	15331	14455
5147	15334	14452
5148	15337	14449
5149	15340	14446
5150	15342	14443
5151	15345	14440
5152	15348	14436
5153	15351	14433
5154	15353	14430
5155	15356	14427
5156	15359	14424
5157	15362	14421
5158	15365	14418
5159	15368	14415
5160	15371	14412
5161	15374	14409
5162	15377	14406
5163	15380	14403
5164	15383	14400
5165	15386	14397
5166	15388	14394
5167	15391	14390
5168	15394	14387
5169	15397	14384
5170	15400	14381
5171	15403	14378
5172	15406	14375
5173	15408	14372
5174	15411	14369
5175	15414	14366
5176	15417	14363
5177	15420	14360
5178	15423	14357
5179	15426	14354
5180	15429	14351
5181	15432	14348
5182	15434	14344
5183	15437	14341
5184	15440	14338
5185	15443	14335
5186	15446	14332
5187	15449	14329
5188	15451	14326
5189	15454	14323
5190	15457	14319
5191	15460	14316
5192	15463	14313
5193	15466	14310
5194	15469	14307
5195	15472	14305
5196	15475	14302
5197	15479	14299
5198	15482	14297
5199	15485	14294
5200	15488	14291
5201	15491	14288
5202	15494	14285
5203	15497	14282
5204	15499	14278
5205	15502	14275
5206	15505	14272
5207	15508	14269
5208	15511	14266
5209	15514	14263
5210	15517	14260
5211	15519	14257
5212	15522	14254
5213	15525	14251
5214	15528	14248
5215	15531	14245
5216	15534	14242
5217	15537	14239
5218	15540	14235
5219	15542	14232
5220	15546	14229
5221	15548	14226
5222	15551	14223
5223	15554	14220
5224	15557	14217
5225	15560	14214
5226	15563	14211
5227	15565	14208
5228	15568	14205
5229	15571	14201
5230	15574	14198
5231	15577	14195
5232	15580	14192
5233	15582	14189
5234	15585	14186
5235	15589	14184
5236	15592	14181
5237	15595	14178
5238	15598	14174
5239	15600	14171
5240	15603	14168
5241	15606	14165
5242	15609	14162
5243	15612	14159
5244	15615	14156
5245	15618	14153
5246	15620	14150
5247	15623	14147
5248	15626	14144
5249	15629	14141
5250	15632	14137
5251	15635	14134
5252	15637	14131
5253	15640	14128
5254	15643	14125
5255	15646	14122
5256	15649	14119
5257	15652	14116
5258	15655	14113
5259	15658	14110
5260	15661	14107
5261	15664	14104
5262	15667	14101
5263	15670	14098
5264	15672	14095
5265	15675	14092
5266	15678	14089
5267	15681	14085
5268	15684	14082
5269	15687	14079
5270	15689	14076
5271	15692	14073
5272	15695	14070
5273	15698	14067
5274	15701	14064
5275	15704	14061
5276	15706	14057
5277	15709	14054
5278	15712	14051
5279	15715	14048
5280	15718	14046
5281	15721	14043
5282	15724	14040
5283	15727	14037
5284	15730	14033
5285	15733	14030
5286	15736	14027
5287	15738	14024
5288	15742	14021
5289	15745	14018
5290	15747	14015
5291	15750	14012
5292	15753	14009
5293	15756	14006
5294	15759	14003
5295	15762	14000
5296	15764	13996
5297	15767	13994
5298	15770	13990
5299	15773	13987
5300	15776	13984
5301	15779	13981
5302	15782	13978
5303	15784	13975
5304	15787	13972
5305	15790	13969
5306	15793	13966
5307	15796	13963
5308	15799	13960
5309	15802	13956
5310	15804	13953
5311	15807	13950
5312	15810	13947
5313	15813	13944
5314	15817	13942
5315	15819	13939
5316	15822	13935
5317	15825	13932
5318	15828	13929
5319	15830	13926
5320	15833	13923
5321	15836	13920
5322	15839	13917
5323	15842	13914
5324	15845	13911
5325	15847	13907
5326	15850	13904
5327	15853	13901
5328	15856	13898
5329	15859	13895
5330	15862	13892
5331	15865	13889
5332	15867	13886
5333	15870	13883
5334	15873	13880
5335	15876	13877
5336	15879	13873
5337	15882	13870
5338	15884	13867
5339	15887	13864
5340	15890	13861
5341	15893	13858
5342	15896	13855
5343	15899	13852
5344	15901	13849
5345	15904	13846
5346	15908	13843
5347	15911	13840
5348	15914	13837
5349	15917	13834
5350	15920	13831
5351	15922	13828
5352	15925	13825
5353	15928	13822
5354	15931	13819
5355	15934	13816
5356	15937	13813
5357	15939	13809
5358	15943	13806
5359	15945	13803
5360	15948	13800
5361	15951	13797
5362	15954	13794
5363	15957	13791
5364	15960	13788
5365	15963	13785
5366	15966	13782
5367	15968	13779
5368	15971	13776
5369	15974	13773
5370	15977	13770
5371	15980	13766
5372	15983	13763
5373	15985	13760
5374	15988	13757
5375	15991	13754
5376	15994	13751
5377	15996	13748
5378	15999	13745
5379	16002	13742
5380	16005	13738
5381	16008	13736
5382	16011	13733
5383	16014	13729
5384	16017	13726
5385	16019	13723
5386	16022	13720
5387	16025	13717
5388	16028	13714
5389	16031	13711
5390	16034	13708
5391	16036	13705
5392	16039	13702
5393	16042	13699
5394	16045	13695
5395	16048	13692
5396	16051	13689
5397	16053	13686
5398	16057	13683
5399	16060	13680
5400	16062	13677
5401	16065	13674
5402	16068	13671
5403	16071	13668
5404	16074	13665
5405	16077	13662
5406	16080	13659
5407	16083	13656
5408	16086	13653
5409	16089	13650
5410	16092	13647
5411	16095	13644
5412	16097	13641
5413	16100	13638
5414	16103	13635
5415	16106	13632
5416	16109	13629
5417	16112	13625
5418	16115	13622
5419	16117	13619
5420	16120	13616
5421	16123	13613
5422	16126	13610
5423	16129	13607
5424	16132	13604
5425	16134	13601
5426	16137	13598
5427	16140	13595
5428	16143	13591
5429	16145	13588
5430	16148	13585
5431	16151	13582
5432	16154	13579
5433	16158	13577
5434	16161	13574
5435	16164	13571
5436	16166	13568
5437	16169	13564
5438	16172	13561
5439	16175	13558
5440	16178	13555
5441	16181	13552
5442	16183	13549
5443	16186	13546
5444	16190	13543
5445	16193	13540
5446	16196	13538
5447	16199	13535
5448	16202	13532
5449	16205	13529
5450	16208	13526
5451	16211	13523
5452	16214	13520
5453	16218	13518
5454	16221	13515
5455	16224	13512
5456	16227	13509
5457	16231	13507
5458	16233	13503
5459	16236	13500
5460	16239	13497
5461	16242	13494
5462	16245	13491
5463	16248	13488
5464	16251	13485
5465	16253	13482
5466	16257	13479
5467	16259	13476
5468	16262	13473
5469	16265	13470
5470	16268	13467
5471	16271	13464
5472	16274	13461
5473	16277	13458
5474	16280	13455
5475	16283	13452
5476	16285	13449
5477	16288	13446
5478	16291	13442
5479	16294	13439
5480	16297	13436
5481	16300	13433
5482	16302	13430
5483	16305	13427
5484	16308	13424
5485	16311	13421
5486	16314	13418
5487	16316	13415
5488	16319	13411
5489	16322	13409
5490	16325	13406
5491	16328	13402
5492	16331	13399
5493	16334	13396
5494	16336	13393
5495	16339	13390
5496	16342	13387
5497	16345	13384
5498	16348	13381
5499	16350	13377
5500	16353	13374
5501	16356	13372
5502	16359	13368
5503	16362	13366
5504	16365	13362
5505	16368	13359
5506	16371	13356
5507	16374	13353
5508	16376	13350
5509	16379	13347
5510	16382	13344
5511	16385	13341
5512	16388	13338
5513	16391	13335
5514	16394	13332
5515	16397	13329
5516	16399	13326
5517	16402	13323
5518	16405	13320
5519	16408	13316
5520	16411	13313
5521	16414	13310
5522	16416	13307
5523	16419	13304
5524	16423	13301
5525	16425	13298
5526	16428	13295
5527	16431	13292
5528	16434	13289
5529	16437	13286
5530	16440	13283
5531	16442	13280
5532	16446	13277
5533	16448	13274
5534	16451	13271
5535	16454	13268
5536	16457	13265
5537	16460	13262
5538	16463	13259
5539	16465	13255
5540	16468	13252
5541	16471	13249
5542	16474	13246
5543	16477	13243
5544	16480	13240
5545	16483	13237
5546	16485	13234
5547	16488	13231
5548	16491	13228
5549	16494	13225
5550	16497	13222
5551	16500	13219
5552	16503	13216
5553	16506	13213
5554	16508	13210
5555	16511	13207
5556	16514	13203
5557	16517	13200
5558	16520	13197
5559	16523	13194
5560	16525	13191
5561	16528	13188
5562	16531	13185
5563	16534	13182
5564	16537	13179
5565	16540	13176
5566	16542	13173
5567	16545	13170
5568	16548	13166
5569	16551	13163
5570	16554	13160
5571	16557	13157
5572	16559	13154
5573	16562	13151
5574	16565	13148
5575	16568	13145
5576	16571	13142
5577	16573	13139
5578	16576	13136
5579	16579	13133
5580	16582	13129
5581	16585	13126
5582	16588	13123
5583	16591	13120
5584	16594	13117
5585	16596	13114
5586	16599	13111
5587	16602	13108
5588	16605	13105
5589	16608	13102
5590	16611	13099
5591	16614	13096
5592	16616	13093
5593	16619	13090
5594	16622	13087
5595	16625	13083
5596	16628	13081
5597	16631	13077
5598	16633	13074
5599	16636	13071
5600	16639	13068
5601	16642	13065
5602	16645	13062
5603	16648	13059
5604	16651	13056
5605	16654	13054
5606	16657	13051
5607	16660	13048
5608	16663	13044
5609	16666	13041
5610	16669	13038
5611	16672	13035
5612	16674	13032
5613	16678	13029
5614	16680	13026
5615	16683	13023
5616	16686	13020
5617	16689	13017
5618	16692	13014
5619	16695	13011
5620	16698	13008
5621	16700	13005
5622	16703	13002
5623	16706	12999
5624	16709	12996
5625	16712	12992
5626	16714	12989
5627	16717	12986
5628	16720	12983
5629	16723	12980
5630	16726	12977
5631	16729	12974
5632	16732	12971
5633	16734	12968
5634	16737	12965
5635	16740	12962
5636	16743	12959
5637	16746	12956
5638	16749	12953
5639	16752	12950
5640	16755	12947
5641	16757	12944
5642	16760	12941
5643	16763	12938
5644	16766	12934
5645	16769	12932
5646	16772	12928
5647	16774	12925
5648	16777	12922
5649	16780	12919
5650	16783	12916
5651	16786	12913
5652	16789	12910
5653	16792	12907
5654	16795	12904
5655	16798	12901
5656	16800	12898
5657	16804	12895
5658	16806	12892
5659	16809	12889
5660	16812	12886
5661	16815	12883
5662	16818	12880
5663	16821	12877
5664	16823	12874
5665	16826	12871
5666	16829	12868
5667	16832	12864
5668	16835	12861
5669	16838	12858
5670	16841	12855
5671	16844	12852
5672	16846	12849
5673	16849	12846
5674	16852	12843
5675	16855	12840
5676	16858	12837
5677	16861	12834
5678	16863	12831
5679	16866	12828
5680	16869	12825
5681	16872	12822
5682	16875	12819
5683	16878	12816
5684	16880	12812
5685	16883	12809
5686	16886	12806
5687	16889	12803
5688	16892	12800
5689	16895	12797
5690	16897	12794
5691	16900	12791
5692	16903	12788
5693	16906	12785
5694	16909	12782
5695	16912	12779
5696	16914	12775
5697	16917	12772
5698	16920	12769
5699	16923	12766
5700	16925	12763
5701	16928	12760
5702	16931	12757
5703	16934	12754
5704	16937	12751
5705	16939	12747
5706	16942	12744
5707	16945	12741
5708	16948	12738
5709	16951	12735
5710	16953	12732
5711	16956	12729
5712	16959	12726
5713	16962	12723
5714	16965	12720
5715	16968	12717
5716	16970	12714
5717	16973	12711
5718	16976	12708
5719	16979	12704
5720	16982	12701
5721	16985	12698
5722	16988	12695
5723	16991	12692
5724	16993	12689
5725	16996	12686
5726	16999	12683
5727	17002	12680
5728	17005	12677
5729	17008	12674
5730	17010	12671
5731	17013	12668
5732	17016	12665
5733	17019	12662
5734	17022	12659
5735	17025	12656
5736	17028	12653
5737	17030	12650
5738	17034	12647
5739	17036	12644
5740	17039	12640
5741	17042	12638
5742	17045	12634
5743	17048	12631
5744	17051	12628
5745	17053	12625
5746	17056	12622
5747	17059	12619
5748	17062	12616
5749	17065	12613
5750	17068	12610
5751	17070	12607
5752	17073	12604
5753	17076	12601
5754	17079	12598
5755	17082	12595
5756	17085	12592
5757	17088	12588
5758	17090	12586
5759	17093	12582
5760	17097	12580
5761	17100	12577
5762	17102	12574
5763	17105	12571
5764	17108	12568
5765	17111	12564
5766	17113	12561
5767	17117	12558
5768	17119	12555
5769	17122	12552
5770	17125	12549
5771	17128	12546
5772	17131	12543
5773	17134	12540
5774	17136	12537
5775	17139	12534
5776	17142	12531
5777	17145	12528
5778	17148	12524
5779	17151	12522
5780	17153	12518
5781	17156	12515
5782	17159	12512
5783	17162	12509
5784	17165	12506
5785	17168	12503
5786	17170	12500
5787	17174	12497
5788	17176	12494
5789	17179	12491
5790	17182	12488
5791	17185	12485
5792	17188	12482
5793	17191	12479
5794	17193	12476
5795	17196	12473
5796	17199	12470
5797	17202	12467
5798	17205	12464
5799	17208	12461
5800	17210	12457
5801	17213	12454
5802	17216	12451
5803	17219	12448
5804	17221	12445
5805	17224	12442
5806	17227	12439
5807	17230	12436
5808	17233	12433
5809	17236	12430
5810	17238	12427
5811	17241	12423
5812	17244	12420
5813	17247	12417
5814	17250	12414
5815	17253	12411
5816	17255	12408
5817	17258	12405
5818	17261	12402
5819	17264	12399
5820	17267	12396
5821	17269	12393
5822	17272	12390
5823	17275	12387
5824	17278	12383
5825	17281	12380
5826	17283	12377
5827	17286	12374
5828	17289	12371
5829	17292	12368
5830	17295	12365
5831	17297	12362
5832	17301	12359
5833	17304	12356
5834	17307	12354
5835	17310	12350
5836	17313	12347
5837	17316	12344
5838	17318	12341
5839	17321	12338
5840	17324	12335
5841	17327	12332
5842	17329	12329
5843	17333	12326
5844	17335	12323
5845	17338	12320
5846	17341	12317
5847	17344	12314
5848	17346	12310
5849	17349	12308
5850	17352	12304
5851	17355	12302
5852	17358	12298
5853	17361	12295
5854	17364	12292
5855	17367	12289
5856	17369	12286
5857	17372	12283
5858	17375	12280
5859	17378	12277
5860	17381	12274
5861	17384	12271
5862	17386	12268
5863	17389	12265
5864	17392	12262
5865	17395	12259
5866	17398	12256
5867	17401	12253
5868	17403	12249
5869	17406	12246
5870	17409	12243
5871	17412	12240
5872	17414	12237
5873	17417	12234
5874	17420	12231
5875	17423	12228
5876	17426	12225
5877	17428	12222
5878	17431	12219
5879	17434	12215
5880	17437	12212
5881	17439	12209
5882	17442	12206
5883	17445	12203
5884	17448	12200
5885	17451	12197
5886	17454	12194
5887	17456	12191
5888	17459	12188
5889	17462	12185
5890	17465	12182
5891	17468	12179
5892	17471	12176
5893	17474	12173
5894	17476	12170
5895	17479	12167
5896	17482	12164
5897	17485	12161
5898	17488	12158
5899	17491	12154
5900	17494	12151
5901	17497	12148
5902	17499	12145
5903	17502	12142
5904	17505	12139
5905	17508	12136
5906	17511	12133
5907	17513	12130
5908	17516	12127
5909	17519	12124
5910	17522	12121
5911	17525	12118
5912	17528	12115
5913	17531	12112
5914	17533	12109
5915	17536	12106
5916	17539	12103
5917	17542	12099
5918	17544	12096
5919	17548	12093
5920	17550	12090
5921	17553	12087
5922	17556	12084
5923	17559	12081
5924	17561	12078
5925	17564	12075
5926	17567	12072
5927	17570	12069
5928	17573	12066
5929	17576	12063
5930	17580	12060
5931	17583	12058
5932	17586	12055
5933	17589	12052
5934	17591	12049
5935	17594	12045
5936	17597	12042
5937	17600	12039
5938	17603	12036
5939	17606	12033
5940	17608	12030
5941	17611	12027
5942	17614	12024
5943	17617	12021
5944	17620	12018
5945	17622	12015
5946	17625	12012
5947	17628	12009
5948	17631	12006
5949	17634	12003
5950	17637	12000
5951	17640	11997
5952	17642	11994
5953	17645	11991
5954	17648	11988
5955	17651	11984
5956	17654	11982
5957	17657	11978
5958	17659	11975
5959	17662	11972
5960	17665	11969
5961	17668	11966
5962	17671	11963
5963	17674	11960
5964	17676	11957
5965	17679	11954
5966	17682	11951
5967	17685	11948
5968	17688	11945
5969	17691	11942
5970	17693	11939
5971	17697	11936
5972	17699	11933
5973	17702	11930
5974	17705	11927
5975	17708	11924
5976	17711	11921
5977	17714	11918
5978	17716	11915
5979	17719	11911
5980	17722	11908
5981	17725	11905
5982	17728	11902
5983	17731	11899
5984	17734	11896
5985	17737	11893
5986	17739	11890
5987	17742	11887
5988	17745	11884
5989	17748	11881
5990	17751	11878
5991	17754	11875
5992	17756	11872
5993	17759	11869
5994	17762	11866
5995	17765	11863
5996	17767	11860
5997	17770	11857
5998	17773	11853
5999	17776	11850
6000	17779	11847
6001	17781	11844
6002	17784	11841
6003	17787	11838
6004	17790	11835
6005	17793	11832
6006	17796	11829
6007	17798	11826
6008	17801	11823
6009	17804	11820
6010	17807	11817
6011	17809	11813
6012	17812	11811
6013	17815	11807
6014	17818	11804
6015	17821	11801
6016	17824	11798
6017	17826	11795
6018	17829	11792
6019	17832	11789
6020	17835	11786
6021	17838	11783
6022	17840	11780
6023	17843	11777
6024	17846	11774
6025	17849	11771
6026	17852	11768
6027	17854	11765
6028	17857	11761
6029	17860	11759
6030	17863	11756
6031	17866	11753
6032	17869	11750
6033	17872	11746
6034	17874	11743
6035	17877	11740
6036	17880	11737
6037	17884	11735
6038	17887	11732
6039	17890	11729
6040	17893	11726
6041	17896	11723
6042	17898	11720
6043	17901	11717
6044	17904	11714
6045	17907	11711
6046	17910	11708
6047	17912	11705
6048	17915	11701
6049	17918	11698
6050	17921	11695
6051	17923	11692
6052	17926	11689
6053	17929	11686
6054	17932	11683
6055	17935	11680
6056	17938	11677
6057	17941	11674
6058	17943	11671
6059	17946	11668
6060	17949	11665
6061	17952	11662
6062	17955	11659
6063	17957	11656
6064	17960	11653
6065	17963	11650
6066	17966	11646
6067	17969	11643
6068	17972	11640
6069	17974	11637
6070	17977	11634
6071	17980	11631
6072	17983	11628
6073	17986	11625
6074	17989	11622
6075	17991	11619
6076	17994	11616
6077	17997	11613
6078	18000	11610
6079	18003	11607
6080	18006	11604
6081	18008	11601
6082	18011	11598
6083	18014	11595
6084	18017	11592
6085	18020	11589
6086	18022	11585
6087	18025	11582
6088	18028	11579
6089	18031	11576
6090	18034	11573
6091	18036	11570
6092	18039	11567
6093	18042	11564
6094	18045	11561
6095	18048	11558
6096	18051	11555
6097	18054	11552
6098	18057	11549
6099	18059	11546
6100	18062	11543
6101	18065	11540
6102	18068	11537
6103	18071	11534
6104	18074	11531
6105	18076	11528
6106	18079	11525
6107	18082	11522
6108	18085	11519
6109	18088	11516
6110	18090	11512
6111	18093	11509
6112	18096	11506
6113	18099	11503
6114	18102	11500
6115	18105	11497
6116	18107	11494
6117	18110	11491
6118	18113	11488
6119	18116	11485
6120	18119	11482
6121	18122	11479
6122	18124	11476
6123	18128	11473
6124	18130	11470
6125	18133	11467
6126	18136	11464
6127	18139	11461
6128	18142	11458
6129	18145	11455
6130	18147	11452
6131	18150	11449
6132	18153	11446
6133	18156	11443
6134	18159	11440
6135	18162	11437
6136	18164	11434
6137	18167	11431
6138	18170	11428
6139	18173	11424
6140	18176	11421
6141	18179	11418
6142	18181	11415
6143	18184	11412
6144	18187	11409
6145	18190	11406
6146	18192	11403
6147	18195	11400
6148	18198	11397
6149	18201	11394
6150	18203	11391
6151	18206	11388
6152	18209	11384
6153	18212	11381
6154	18214	11378
6155	18217	11375
6156	18220	11372
6157	18223	11369
6158	18226	11366
6159	18228	11363
6160	18231	11360
6161	18234	11357
6162	18237	11354
6163	18240	11351
6164	18243	11348
6165	18246	11345
6166	18248	11342
6167	18252	11339
6168	18255	11336
6169	18258	11333
6170	18261	11330
6171	18263	11327
6172	18266	11324
6173	18269	11321
6174	18272	11318
6175	18275	11315
6176	18278	11312
6177	18280	11309
6178	18283	11306
6179	18286	11303
6180	18289	11300
6181	18292	11297
6182	18294	11294
6183	18297	11291
6184	18300	11288
6185	18303	11284
6186	18305	11281
6187	18309	11278
6188	18311	11275
6189	18314	11272
6190	18317	11269
6191	18320	11266
6192	18323	11263
6193	18326	11260
6194	18328	11257
6195	18331	11254
6196	18334	11251
6197	18337	11248
6198	18339	11245
6199	18343	11242
6200	18345	11239
6201	18348	11236
6202	18351	11233
6203	18353	11230
6204	18356	11226
6205	18359	11224
6206	18362	11220
6207	18364	11217
6208	18367	11214
6209	18370	11211
6210	18373	11208
6211	18376	11205
6212	18378	11202
6213	18381	11199
6214	18384	11196
6215	18387	11193
6216	18390	11190
6217	18392	11187
6218	18395	11184
6219	18398	11181
6220	18401	11177
6221	18403	11174
6222	18406	11171
6223	18409	11168
6224	18412	11165
6225	18415	11162
6226	18418	11159
6227	18420	11156
6228	18423	11153
6229	18426	11150
6230	18429	11147
6231	18432	11144
6232	18435	11141
6233	18438	11138
6234	18441	11135
6235	18443	11132
6236	18446	11129
6237	18449	11126
6238	18452	11123
6239	18455	11120
6240	18458	11117
6241	18460	11114
6242	18463	11111
6243	18466	11108
6244	18469	11105
6245	18472	11102
6246	18475	11099
6247	18477	11096
6248	18480	11093
6249	18483	11090
6250	18486	11087
6251	18489	11084
6252	18492	11081
6253	18495	11078
6254	18498	11075
6255	18500	11072
6256	18503	11069
6257	18506	11066
6258	18509	11063
6259	18512	11059
6260	18515	11056
6261	18517	11053
6262	18520	11050
6263	18523	11047
6264	18526	11044
6265	18529	11041
6266	18532	11038
6267	18534	11035
6268	18537	11032
6269	18540	11029
6270	18543	11026
6271	18545	11023
6272	18549	11020
6273	18551	11017
6274	18554	11014
6275	18557	11011
6276	18560	11008
6277	18563	11005
6278	18566	11002
6279	18568	10999
6280	18571	10996
6281	18575	10993
6282	18578	10990
6283	18581	10987
6284	18583	10984
6285	18586	10981
6286	18590	10979
6287	18593	10976
6288	18595	10972
6289	18598	10970
6290	18601	10967
6291	18604	10963
6292	18607	10960
6293	18610	10957
6294	18612	10954
6295	18615	10951
6296	18618	10948
6297	18621	10945
6298	18624	10942
6299	18627	10939
6300	18630	10936
6301	18633	10934
6302	18636	10931
6303	18639	10928
6304	18642	10925
6305	18644	10922
6306	18647	10919
6307	18650	10916
6308	18653	10912
6309	18656	10909
6310	18659	10907
6311	18662	10903
6312	18665	10901
6313	18667	10897
6314	18670	10894
6315	18673	10891
6316	18676	10888
6317	18678	10885
6318	18681	10882
6319	18684	10879
6320	18687	10876
6321	18690	10873
6322	18693	10870
6323	18695	10867
6324	18698	10864
6325	18701	10861
6326	18704	10858
6327	18707	10855
6328	18710	10852
6329	18713	10849
6330	18715	10846
6331	18718	10843
6332	18721	10840
6333	18724	10837
6334	18727	10834
6335	18730	10831
6336	18732	10828
6337	18735	10825
6338	18738	10822
6339	18741	10819
6340	18743	10815
6341	18746	10813
6342	18749	10809
6343	18752	10806
6344	18755	10803
6345	18758	10800
6346	18761	10797
6347	18764	10795
6348	18766	10791
6349	18769	10788
6350	18772	10786
6351	18775	10783
6352	18778	10780
6353	18781	10777
6354	18784	10773
6355	18787	10770
6356	18789	10767
6357	18792	10764
6358	18795	10761
6359	18798	10758
6360	18800	10755
6361	18803	10752
6362	18806	10749
6363	18809	10746
6364	18812	10743
6365	18815	10740
6366	18817	10737
6367	18821	10734
6368	18824	10731
6369	18826	10728
6370	18830	10725
6371	18832	10722
6372	18835	10719
6373	18838	10716
6374	18841	10713
6375	18844	10710
6376	18847	10707
6377	18849	10704
6378	18852	10701
6379	18855	10698
6380	18858	10695
6381	18861	10692
6382	18864	10689
6383	18866	10686
6384	18869	10683
6385	18872	10680
6386	18875	10677
6387	18878	10674
6388	18880	10671
6389	18884	10668
6390	18887	10665
6391	18890	10662
6392	18893	10659
6393	18896	10656
6394	18898	10653
6395	18901	10650
6396	18904	10647
6397	18907	10644
6398	18909	10641
6399	18912	10638
6400	18915	10635
6401	18918	10632
6402	18921	10629
6403	18924	10626
6404	18926	10623
6405	18929	10620
6406	18932	10617
6407	18935	10614
6408	18938	10611
6409	18941	10608
6410	18943	10605
6411	18947	10602
6412	18950	10599
6413	18953	10596
6414	18956	10593
6415	18959	10590
6416	18962	10587
6417	18965	10584
6418	18968	10581
6419	18970	10578
6420	18973	10575
6421	18976	10572
6422	18979	10569
6423	18982	10566
6424	18984	10563
6425	18987	10560
6426	18990	10557
6427	18993	10554
6428	18996	10551
6429	18999	10548
6430	19002	10545
6431	19005	10542
6432	19008	10539
6433	19011	10536
6434	19013	10533
6435	19016	10530
6436	19019	10527
6437	19022	10524
6438	19025	10521
6439	19028	10518
6440	19031	10515
6441	19033	10512
6442	19036	10509
6443	19039	10506
6444	19042	10503
6445	19045	10500
6446	19047	10497
6447	19050	10494
6448	19053	10491
6449	19056	10488
6450	19059	10485
6451	19062	10482
6452	19064	10479
6453	19067	10476
6454	19070	10473
6455	19073	10470
6456	19076	10467
6457	19079	10464
6458	19081	10461
6459	19084	10458
6460	19087	10455
6461	19090	10452
6462	19093	10449
6463	19095	10446
6464	19098	10442
6465	19101	10439
6466	19104	10437
6467	19107	10434
6468	19110	10431
6469	19113	10428
6470	19115	10424
6471	19118	10421
6472	19121	10418
6473	19124	10415
6474	19127	10412
6475	19130	10409
6476	19132	10406
6477	19135	10403
6478	19138	10400
6479	19141	10397
6480	19144	10394
6481	19147	10391
6482	19149	10388
6483	19152	10385
6484	19155	10382
6485	19158	10379
6486	19161	10376
6487	19163	10373
6488	19166	10370
6489	19169	10367
6490	19172	10364
6491	19175	10361
6492	19178	10358
6493	19181	10355
6494	19183	10352
6495	19186	10349
6496	19189	10346
6497	19192	10343
6498	19195	10340
6499	19197	10337
6500	19200	10334
6501	19203	10331
6502	19206	10328
6503	19209	10325
6504	19212	10322
6505	19214	10319
6506	19217	10316
6507	19221	10313
6508	19223	10310
6509	19226	10307
6510	19229	10304
6511	19231	10301
6512	19234	10298
6513	19237	10295
6514	19240	10292
6515	19243	10289
6516	19246	10286
6517	19249	10283
6518	19252	10280
6519	19254	10277
6520	19257	10274
6521	19260	10271
6522	19263	10268
6523	19265	10264
6524	19268	10261
6525	19271	10258
6526	19274	10255
6527	19277	10252
6528	19279	10249
6529	19282	10246
6530	19285	10243
6531	19288	10240
6532	19290	10237
6533	19293	10234
6534	19296	10231
6535	19299	10228
6536	19302	10225
6537	19304	10222
6538	19307	10219
6539	19310	10216
6540	19313	10213
6541	19316	10210
6542	19319	10207
6543	19321	10204
6544	19324	10201
6545	19327	10198
6546	19330	10195
6547	19333	10192
6548	19336	10189
6549	19338	10186
6550	19341	10183
6551	19344	10180
6552	19347	10176
6553	19349	10173
6554	19352	10170
6555	19355	10167
6556	19358	10164
6557	19361	10161
6558	19363	10158
6559	19366	10155
6560	19369	10152
6561	19372	10149
6562	19374	10146
6563	19377	10143
6564	19380	10140
6565	19383	10137
6566	19386	10134
6567	19389	10131
6568	19392	10128
6569	19394	10125
6570	19397	10122
6571	19401	10119
6572	19404	10116
6573	19406	10113
6574	19409	10110
6575	19412	10107
6576	19415	10104
6577	19418	10101
6578	19421	10098
6579	19424	10095
6580	19427	10092
6581	19429	10089
6582	19432	10086
6583	19436	10084
6584	19439	10081
6585	19442	10078
6586	19444	10075
6587	19447	10072
6588	19450	10069
6589	19453	10066
6590	19457	10063
6591	19459	10060
6592	19462	10057
6593	19465	10054
6594	19468	10051
6595	19471	10048
6596	19473	10045
6597	19476	10042
6598	19479	10039
6599	19482	10036
6600	19485	10033
6601	19488	10030
6602	19490	10027
6603	19493	10024
6604	19496	10021
6605	19499	10018
6606	19502	10015
6607	19504	10012
6608	19507	10009
6609	19510	10006
6610	19513	10003
6611	19516	10000
6612	19519	9997
6613	19522	9994
6614	19525	9991
6615	19527	9988
6616	19530	9985
6617	19533	9982
6618	19536	9979
6619	19539	9976
6620	19542	9973
6621	19545	9970
6622	19547	9967
6623	19550	9964
6624	19553	9961
6625	19556	9958
6626	19559	9955
6627	19562	9952
6628	19564	9949
6629	19567	9946
6630	19570	9943
6631	19573	9940
6632	19576	9937
6633	19578	9934
6634	19581	9931
6635	19584	9928
6636	19587	9925
6637	19590	9922
6638	19593	9919
6639	19595	9916
6640	19598	9913
6641	19601	9910
6642	19604	9907
6643	19607	9904
6644	19610	9901
6645	19612	9897
6646	19615	9894
6647	19618	9892
6648	19621	9888
6649	19624	9885
6650	19627	9882
6651	19629	9879
6652	19632	9876
6653	19635	9873
6654	19638	9870
6655	19641	9867
6656	19644	9864
6657	19646	9861
6658	19649	9858
6659	19652	9855
6660	19655	9852
6661	19658	9849
6662	19661	9846
6663	19663	9843
6664	19667	9840
6665	19669	9837
6666	19672	9834
6667	19675	9831
6668	19678	9828
6669	19681	9826
6670	19685	9823
6671	19688	9820
6672	19691	9817
6673	19694	9814
6674	19696	9811
6675	19699	9808
6676	19702	9805
6677	19705	9802
6678	19708	9799
6679	19711	9796
6680	19713	9793
6681	19716	9790
6682	19719	9787
6683	19722	9784
6684	19725	9781
6685	19728	9778
6686	19730	9775
6687	19733	9772
6688	19736	9769
6689	19739	9766
6690	19742	9763
6691	19744	9760
6692	19747	9757
6693	19750	9754
6694	19753	9751
6695	19756	9748
6696	19759	9745
6697	19762	9742
6698	19765	9739
6699	19768	9736
6700	19770	9733
6701	19773	9730
6702	19776	9727
6703	19779	9724
6704	19782	9721
6705	19785	9718
6706	19787	9715
6707	19790	9712
6708	19793	9709
6709	19797	9706
6710	19800	9703
6711	19803	9700
6712	19806	9697
6713	19808	9694
6714	19811	9691
6715	19814	9688
6716	19817	9685
6717	19820	9682
6718	19823	9679
6719	19825	9676
6720	19828	9673
6721	19831	9670
6722	19834	9667
6723	19837	9664
6724	19840	9661
6725	19842	9658
6726	19845	9655
6727	19848	9652
6728	19851	9649
6729	19853	9646
6730	19856	9643
6731	19859	9640
6732	19862	9637
6733	19865	9634
6734	19868	9631
6735	19870	9628
6736	19873	9625
6737	19876	9622
6738	19879	9619
6739	19882	9616
6740	19884	9613
6741	19887	9610
6742	19890	9607
6743	19893	9604
6744	19896	9601
6745	19899	9598
6746	19902	9595
6747	19904	9592
6748	19907	9589
6749	19910	9586
6750	19913	9583
6751	19916	9580
6752	19919	9577
6753	19922	9574
6754	19924	9571
6755	19927	9568
6756	19930	9565
6757	19933	9562
6758	19936	9559
6759	19939	9556
6760	19942	9553
6761	19944	9550
6762	19947	9547
6763	19950	9544
6764	19953	9541
6765	19956	9538
6766	19959	9535
6767	19962	9532
6768	19965	9529
6769	19967	9526
6770	19970	9523
6771	19973	9520
6772	19976	9517
6773	19979	9514
6774	19982	9512
6775	19985	9508
6776	19988	9506
6777	19991	9502
6778	19993	9499
6779	19996	9496
6780	19999	9493
6781	20002	9490
6782	20005	9488
6783	20008	9484
6784	20010	9481
6785	20013	9478
6786	20016	9475
6787	20019	9472
6788	20022	9469
6789	20024	9466
6790	20027	9463
6791	20030	9460
6792	20033	9457
6793	20036	9454
6794	20039	9451
6795	20041	9448
6796	20044	9445
6797	20047	9442
6798	20050	9439
6799	20053	9436
6800	20055	9433
6801	20058	9430
6802	20061	9427
6803	20064	9424
6804	20067	9421
6805	20070	9418
6806	20072	9415
6807	20075	9412
6808	20078	9409
6809	20081	9406
6810	20084	9403
6811	20087	9400
6812	20089	9397
6813	20092	9394
6814	20095	9391
6815	20098	9388
6816	20100	9385
6817	20103	9382
6818	20106	9379
6819	20109	9376
6820	20112	9373
6821	20115	9370
6822	20118	9367
6823	20121	9364
6824	20124	9361
6825	20127	9358
6826	20130	9355
6827	20133	9353
6828	20136	9350
6829	20139	9347
6830	20142	9344
6831	20144	9341
6832	20148	9338
6833	20150	9335
6834	20153	9332
6835	20156	9329
6836	20158	9326
6837	20161	9323
6838	20164	9320
6839	20167	9317
6840	20170	9314
6841	20173	9311
6842	20176	9308
6843	20179	9305
6844	20182	9302
6845	20184	9299
6846	20187	9296
6847	20190	9293
6848	20193	9290
6849	20196	9287
6850	20198	9284
6851	20201	9281
6852	20204	9278
6853	20207	9275
6854	20210	9272
6855	20213	9269
6856	20215	9266
6857	20218	9263
6858	20221	9260
6859	20224	9257
6860	20226	9254
6861	20229	9251
6862	20232	9248
6863	20235	9245
6864	20238	9242
6865	20241	9239
6866	20243	9236
6867	20246	9233
6868	20249	9230
6869	20252	9227
6870	20255	9224
6871	20257	9221
6872	20260	9218
6873	20263	9215
6874	20266	9212
6875	20269	9209
6876	20272	9206
6877	20274	9203
6878	20277	9200
6879	20280	9197
6880	20283	9194
6881	20286	9191
6882	20289	9187
6883	20291	9184
6884	20294	9181
6885	20297	9178
6886	20300	9175
6887	20303	9173
6888	20305	9169
6889	20308	9166
6890	20311	9163
6891	20314	9160
6892	20316	9157
6893	20319	9154
6894	20322	9151
6895	20325	9148
6896	20328	9145
6897	20331	9142
6898	20333	9139
6899	20336	9136
6900	20339	9133
6901	20342	9130
6902	20345	9127
6903	20348	9124
6904	20350	9121
6905	20353	9118
6906	20356	9115
6907	20359	9112
6908	20362	9109
6909	20365	9106
6910	20368	9103
6911	20370	9100
6912	20373	9097
6913	20376	9094
6914	20379	9091
6915	20382	9088
6916	20384	9085
6917	20387	9082
6918	20390	9079
6919	20393	9076
6920	20396	9073
6921	20399	9070
6922	20401	9067
6923	20404	9064
6924	20407	9061
6925	20410	9058
6926	20413	9055
6927	20416	9052
6928	20419	9049
6929	20421	9046
6930	20424	9043
6931	20427	9041
6932	20430	9038
6933	20433	9035
6934	20436	9032
6935	20439	9029
6936	20442	9026
6937	20445	9023
6938	20448	9020
6939	20451	9017
6940	20454	9014
6941	20457	9011
6942	20461	9009
6943	20464	9006
6944	20467	9003
6945	20470	9000
6946	20472	8997
6947	20476	8994
6948	20479	8991
6949	20481	8988
6950	20485	8985
6951	20488	8982
6952	20490	8979
6953	20494	8977
6954	20497	8974
6955	20500	8971
6956	20503	8968
6957	20506	8965
6958	20509	8962
6959	20512	8959
6960	20515	8956
6961	20518	8953
6962	20521	8950
6963	20524	8947
6964	20527	8944
6965	20530	8942
6966	20533	8938
6967	20536	8935
6968	20538	8932
6969	20541	8929
6970	20544	8926
6971	20547	8923
6972	20550	8920
6973	20552	8917
6974	20555	8914
6975	20558	8911
6976	20561	8908
6977	20564	8905
6978	20567	8902
6979	20569	8899
6980	20572	8896
6981	20575	8893
6982	20578	8890
6983	20581	8887
6984	20584	8884
6985	20586	8881
6986	20589	8878
6987	20592	8875
6988	20595	8872
6989	20598	8869
6990	20601	8867
6991	20604	8864
6992	20606	8860
6993	20609	8857
6994	20612	8855
6995	20615	8852
6996	20618	8849
6997	20621	8846
6998	20624	8843
6999	20626	8840
7000	20629	8837
7001	20632	8834
7002	20635	8831
7003	20638	8828
7004	20640	8824
7005	20643	8822
7006	20646	8819
7007	20649	8815
7008	20652	8812
7009	20654	8809
7010	20657	8806
7011	20660	8804
7012	20663	8800
7013	20666	8797
7014	20668	8794
7015	20671	8791
7016	20674	8788
7017	20677	8785
7018	20680	8782
7019	20682	8779
7020	20685	8776
7021	20688	8773
7022	20691	8770
7023	20694	8767
7024	20697	8764
7025	20700	8762
7026	20703	8759
7027	20706	8756
7028	20709	8753
7029	20712	8750
7030	20714	8747
7031	20717	8744
7032	20720	8741
7033	20723	8738
7034	20726	8735
7035	20728	8732
7036	20731	8729
7037	20734	8726
7038	20737	8723
7039	20739	8720
7040	20742	8717
7041	20745	8714
7042	20748	8711
7043	20751	8708
7044	20753	8705
7045	20756	8702
7046	20759	8699
7047	20762	8696
7048	20765	8693
7049	20768	8690
7050	20770	8687
7051	20773	8684
7052	20776	8681
7053	20779	8678
7054	20782	8675
7055	20784	8672
7056	20787	8669
7057	20790	8666
7058	20793	8663
7059	20796	8660
7060	20799	8657
7061	20802	8654
7062	20804	8651
7063	20807	8648
7064	20810	8645
7065	20813	8642
7066	20816	8639
7067	20819	8636
7068	20821	8633
7069	20824	8630
7070	20827	8627
7071	20830	8624
7072	20833	8621
7073	20836	8618
7074	20838	8615
7075	20841	8612
7076	20844	8609
7077	20847	8606
7078	20850	8603
7079	20853	8600
7080	20856	8597
7081	20859	8594
7082	20862	8591
7083	20865	8588
7084	20867	8585
7085	20870	8582
7086	20873	8579
7087	20876	8576
7088	20879	8573
7089	20882	8570
7090	20885	8567
7091	20887	8564
7092	20890	8561
7093	20893	8558
7094	20896	8555
7095	20899	8552
7096	20901	8549
7097	20904	8546
7098	20907	8543
7099	20910	8540
7100	20912	8537
7101	20915	8534
7102	20918	8531
7103	20921	8528
7104	20924	8525
7105	20927	8522
7106	20930	8519
7107	20932	8516
7108	20935	8513
7109	20938	8510
7110	20941	8507
7111	20944	8504
7112	20946	8501
7113	20949	8498
7114	20952	8495
7115	20955	8492
7116	20958	8489
7117	20960	8486
7118	20963	8483
7119	20966	8480
7120	20969	8477
7121	20971	8474
7122	20974	8471
7123	20977	8468
7124	20980	8465
7125	20983	8462
7126	20985	8459
7127	20988	8456
7128	20992	8453
7129	20994	8450
7130	20997	8448
7131	21000	8445
7132	21003	8441
7133	21006	8439
7134	21009	8436
7135	21011	8433
7136	21014	8430
7137	21017	8427
7138	21020	8423
7139	21023	8420
7140	21025	8418
7141	21028	8415
7142	21031	8412
7143	21034	8409
7144	21037	8406
7145	21040	8403
7146	21043	8400
7147	21045	8397
7148	21048	8394
7149	21051	8391
7150	21054	8388
7151	21056	8385
7152	21059	8382
7153	21062	8379
7154	21065	8376
7155	21068	8373
7156	21070	8370
7157	21073	8367
7158	21076	8364
7159	21079	8361
7160	21082	8358
7161	21084	8355
7162	21087	8352
7163	21090	8349
7164	21093	8346
7165	21096	8343
7166	21099	8340
7167	21102	8337
7168	21104	8334
7169	21107	8331
7170	21110	8328
7171	21113	8325
7172	21116	8322
7173	21118	8319
7174	21121	8316
7175	21124	8313
7176	21127	8310
7177	21130	8307
7178	21133	8304
7179	21135	8301
7180	21138	8298
7181	21141	8295
7182	21144	8292
7183	21147	8289
7184	21149	8286
7185	21152	8283
7186	21155	8280
7187	21158	8277
7188	21161	8274
7189	21164	8271
7190	21166	8268
7191	21169	8265
7192	21172	8262
7193	21175	8259
7194	21177	8256
7195	21180	8253
7196	21183	8250
7197	21186	8247
7198	21189	8244
7199	21191	8241
7200	21194	8238
7201	21197	8235
7202	21200	8232
7203	21202	8229
7204	21205	8226
7205	21208	8223
7206	21211	8220
7207	21214	8217
7208	21217	8214
7209	21219	8211
7210	21222	8208
7211	21225	8205
7212	21228	8202
7213	21231	8199
7214	21233	8196
7215	21236	8193
7216	21239	8190
7217	21242	8187
7218	21244	8184
7219	21247	8181
7220	21250	8178
7221	21253	8175
7222	21256	8172
7223	21259	8169
7224	21261	8166
7225	21264	8163
7226	21267	8160
7227	21270	8157
7228	21273	8154
7229	21275	8151
7230	21278	8148
7231	21281	8145
7232	21284	8142
7233	21287	8139
7234	21290	8136
7235	21292	8133
7236	21295	8130
7237	21298	8127
7238	21301	8124
7239	21304	8121
7240	21307	8118
7241	21310	8115
7242	21313	8112
7243	21315	8109
7244	21318	8106
7245	21321	8103
7246	21324	8100
7247	21327	8097
7248	21330	8094
7249	21333	8091
7250	21336	8088
7251	21339	8086
7252	21341	8083
7253	21344	8080
7254	21347	8077
7255	21350	8074
7256	21353	8071
7257	21356	8068
7258	21359	8065
7259	21362	8062
7260	21364	8059
7261	21367	8056
7262	21370	8053
7263	21373	8050
7264	21376	8047
7265	21379	8044
7266	21381	8041
7267	21384	8038
7268	21387	8035
7269	21390	8032
7270	21393	8029
7271	21396	8026
7272	21398	8023
7273	21401	8020
7274	21404	8017
7275	21407	8014
7276	21409	8011
7277	21412	8008
7278	21415	8005
7279	21418	8002
7280	21421	7999
7281	21423	7996
7282	21426	7993
7283	21429	7990
7284	21432	7987
7285	21435	7984
7286	21437	7981
7287	21440	7978
7288	21443	7975
7289	21446	7972
7290	21449	7969
7291	21451	7966
7292	21454	7963
7293	21457	7960
7294	21460	7957
7295	21463	7954
7296	21466	7951
7297	21469	7948
7298	21472	7945
7299	21474	7942
7300	21477	7939
7301	21480	7936
7302	21483	7933
7303	21486	7930
7304	21489	7927
7305	21491	7924
7306	21494	7921
7307	21497	7918
7308	21500	7915
7309	21503	7912
7310	21506	7909
7311	21508	7906
7312	21511	7903
7313	21514	7900
7314	21517	7897
7315	21520	7894
7316	21522	7891
7317	21525	7888
7318	21528	7886
7319	21531	7883
7320	21534	7880
7321	21536	7877
7322	21539	7874
7323	21542	7871
7324	21545	7868
7325	21548	7865
7326	21550	7862
7327	21554	7859
7328	21556	7856
7329	21559	7853
7330	21562	7850
7331	21565	7847
7332	21568	7844
7333	21571	7841
7334	21573	7838
7335	21576	7835
7336	21579	7832
7337	21582	7829
7338	21585	7826
7339	21588	7823
7340	21590	7820
7341	21593	7817
7342	21596	7814
7343	21599	7811
7344	21602	7808
7345	21605	7805
7346	21607	7802
7347	21610	7799
7348	21613	7796
7349	21616	7793
7350	21619	7790
7351	21622	7787
7352	21625	7784
7353	21627	7781
7354	21630	7778
7355	21633	7775
7356	21636	7772
7357	21639	7769
7358	21642	7766
7359	21644	7763
7360	21647	7760
7361	21650	7757
7362	21653	7755
7363	21656	7752
7364	21659	7749
7365	21661	7746
7366	21664	7742
7367	21667	7739
7368	21670	7737
7369	21673	7734
7370	21676	7731
7371	21679	7728
7372	21681	7725
7373	21684	7722
7374	21687	7719
7375	21690	7716
7376	21693	7713
7377	21696	7710
7378	21698	7707
7379	21701	7704
7380	21704	7701
7381	21707	7698
7382	21710	7695
7383	21713	7692
7384	21716	7689
7385	21719	7686
7386	21722	7683
7387	21724	7680
7388	21727	7677
7389	21730	7674
7390	21733	7671
7391	21736	7668
7392	21739	7665
7393	21742	7662
7394	21744	7659
7395	21747	7657
7396	21750	7654
7397	21753	7651
7398	21756	7648
7399	21759	7645
7400	21762	7642
7401	21764	7639
7402	21767	7636
7403	21770	7633
7404	21773	7630
7405	21776	7627
7406	21779	7624
7407	21782	7621
7408	21786	7618
7409	21788	7615
7410	21792	7613
7411	21794	7609
7412	21797	7606
7413	21800	7604
7414	21804	7601
7415	21806	7598
7416	21809	7595
7417	21812	7592
7418	21815	7589
7419	21818	7586
7420	21821	7583
7421	21823	7580
7422	21826	7577
7423	21829	7574
7424	21832	7571
7425	21835	7568
7426	21837	7565
7427	21840	7562
7428	21843	7559
7429	21846	7556
7430	21848	7553
7431	21852	7550
7432	21854	7547
7433	21857	7544
7434	21860	7541
7435	21863	7538
7436	21866	7535
7437	21869	7532
7438	21872	7529
7439	21875	7526
7440	21877	7523
7441	21880	7520
7442	21883	7517
7443	21886	7514
7444	21889	7511
7445	21891	7509
7446	21894	7506
7447	21897	7502
7448	21900	7500
7449	21903	7497
7450	21905	7494
7451	21908	7491
7452	21911	7488
7453	21914	7485
7454	21917	7482
7455	21920	7479
7456	21922	7476
7457	21926	7473
7458	21929	7470
7459	21931	7467
7460	21934	7464
7461	21937	7461
7462	21940	7458
7463	21943	7455
7464	21946	7452
7465	21949	7449
7466	21952	7446
7467	21954	7443
7468	21957	7440
7469	21960	7437
7470	21963	7434
7471	21966	7431
7472	21969	7428
7473	21972	7425
7474	21975	7422
7475	21977	7419
7476	21980	7416
7477	21983	7413
7478	21986	7410
7479	21988	7407
7480	21991	7405
7481	21994	7402
7482	21997	7399
7483	22000	7396
7484	22002	7393
7485	22005	7390
7486	22008	7387
7487	22011	7384
7488	22014	7381
7489	22017	7378
7490	22020	7375
7491	22022	7372
7492	22025	7369
7493	22028	7366
7494	22031	7363
7495	22034	7360
7496	22036	7357
7497	22039	7354
7498	22042	7351
7499	22045	7348
7500	22048	7345
7501	22051	7342
7502	22053	7339
7503	22057	7336
7504	22059	7333
7505	22062	7330
7506	22065	7327
7507	22068	7324
7508	22071	7321
7509	22074	7318
7510	22076	7315
7511	22079	7312
7512	22082	7309
7513	22085	7306
7514	22087	7303
7515	22090	7300
7516	22093	7297
7517	22096	7294
7518	22098	7291
7519	22101	7288
7520	22104	7285
7521	22107	7282
7522	22110	7279
7523	22112	7276
7524	22115	7274
7525	22118	7271
7526	22121	7268
7527	22124	7265
7528	22127	7262
7529	22130	7259
7530	22133	7256
7531	22135	7253
7532	22138	7250
7533	22141	7247
7534	22144	7244
7535	22147	7241
7536	22150	7238
7537	22153	7235
7538	22156	7232
7539	22159	7229
7540	22161	7226
7541	22164	7223
7542	22167	7220
7543	22170	7217
7544	22173	7214
7545	22175	7211
7546	22178	7208
7547	22181	7205
7548	22184	7202
7549	22186	7199
7550	22190	7196
7551	22192	7193
7552	22195	7190
7553	22198	7187
7554	22201	7184
7555	22204	7181
7556	22206	7178
7557	22209	7175
7558	22212	7172
7559	22215	7170
7560	22218	7167
7561	22220	7164
7562	22223	7161
7563	22226	7158
7564	22229	7155
7565	22232	7152
7566	22235	7149
7567	22237	7146
7568	22240	7143
7569	22243	7140
7570	22246	7137
7571	22249	7134
7572	22252	7131
7573	22254	7128
7574	22257	7125
7575	22260	7122
7576	22263	7119
7577	22266	7116
7578	22269	7113
7579	22271	7110
7580	22274	7107
7581	22277	7104
7582	22280	7101
7583	22283	7098
7584	22285	7095
7585	22288	7092
7586	22291	7089
7587	22294	7086
7588	22297	7083
7589	22300	7080
7590	22303	7077
7591	22305	7074
7592	22308	7071
7593	22311	7068
7594	22314	7065
7595	22317	7062
7596	22319	7059
7597	22322	7057
7598	22325	7054
7599	22328	7051
7600	22331	7048
7601	22334	7045
7602	22336	7042
7603	22339	7039
7604	22342	7036
7605	22345	7033
7606	22348	7030
7607	22351	7027
7608	22354	7024
7609	22356	7021
7610	22359	7018
7611	22362	7015
7612	22365	7012
7613	22368	7009
7614	22371	7006
7615	22373	7003
7616	22376	7000
7617	22379	6997
7618	22382	6994
7619	22385	6991
7620	22388	6988
7621	22390	6985
7622	22393	6982
7623	22396	6979
7624	22399	6976
7625	22401	6973
7626	22404	6970
7627	22407	6967
7628	22410	6964
7629	22413	6961
7630	22415	6958
7631	22418	6955
7632	22421	6952
7633	22425	6950
7634	22427	6947
7635	22430	6944
7636	22433	6941
7637	22436	6938
7638	22439	6935
7639	22441	6932
7640	22444	6929
7641	22447	6926
7642	22450	6923
7643	22453	6920
7644	22456	6917
7645	22458	6914
7646	22461	6911
7647	22464	6908
7648	22467	6905
7649	22470	6902
7650	22473	6899
7651	22475	6896
7652	22478	6893
7653	22482	6890
7654	22485	6887
7655	22488	6885
7656	22490	6882
7657	22493	6879
7658	22496	6876
7659	22499	6873
7660	22501	6870
7661	22504	6867
7662	22507	6864
7663	22510	6861
7664	22513	6858
7665	22516	6855
7666	22519	6852
7667	22522	6849
7668	22524	6846
7669	22527	6843
7670	22530	6840
7671	22533	6837
7672	22536	6834
7673	22538	6831
7674	22541	6828
7675	22544	6825
7676	22547	6822
7677	22550	6819
7678	22552	6816
7679	22556	6813
7680	22558	6810
7681	22562	6807
7682	22564	6805
7683	22567	6802
7684	22570	6799
7685	22573	6796
7686	22576	6793
7687	22578	6790
7688	22581	6787
7689	22584	6784
7690	22587	6781
7691	22590	6778
7692	22592	6775
7693	22595	6772
7694	22598	6769
7695	22601	6766
7696	22604	6763
7697	22607	6760
7698	22609	6757
7699	22612	6754
7700	22615	6751
7701	22618	6748
7702	22621	6745
7703	22624	6742
7704	22626	6739
7705	22630	6736
7706	22632	6733
7707	22635	6730
7708	22638	6727
7709	22641	6724
7710	22644	6721
7711	22646	6718
7712	22649	6715
7713	22652	6712
7714	22655	6709
7715	22658	6706
7716	22660	6704
7717	22663	6701
7718	22666	6698
7719	22669	6695
7720	22672	6692
7721	22674	6689
7722	22677	6686
7723	22680	6683
7724	22683	6680
7725	22686	6677
7726	22689	6674
7727	22691	6671
7728	22694	6668
7729	22697	6665
7730	22700	6662
7731	22703	6659
7732	22706	6656
7733	22708	6653
7734	22711	6650
7735	22714	6647
7736	22717	6644
7737	22720	6641
7738	22723	6638
7739	22725	6635
7740	22728	6632
7741	22731	6629
7742	22734	6626
7743	22737	6623
7744	22740	6620
7745	22742	6617
7746	22745	6615
7747	22748	6612
7748	22751	6609
7749	22754	6606
7750	22756	6603
7751	22759	6600
7752	22762	6597
7753	22765	6594
7754	22768	6591
7755	22770	6588
7756	22773	6585
7757	22776	6582
7758	22779	6579
7759	22782	6576
7760	22785	6573
7761	22788	6570
7762	22790	6567
7763	22793	6564
7764	22796	6561
7765	22799	6558
7766	22802	6555
7767	22804	6552
7768	22807	6549
7769	22810	6546
7770	22813	6543
7771	22816	6540
7772	22819	6537
7773	22822	6534
7774	22824	6531
7775	22827	6528
7776	22830	6525
7777	22832	6522
7778	22835	6519
7779	22838	6516
7780	22841	6513
7781	22844	6511
7782	22847	6508
7783	22849	6505
7784	22852	6502
7785	22856	6499
7786	22858	6496
7787	22862	6493
7788	22864	6490
7789	22867	6487
7790	22870	6484
7791	22873	6481
7792	22875	6478
7793	22879	6475
7794	22881	6472
7795	22884	6469
7796	22887	6466
7797	22889	6463
7798	22893	6460
7799	22895	6457
7800	22898	6454
7801	22901	6451
7802	22904	6448
7803	22906	6445
7804	22909	6442
7805	22912	6440
7806	22915	6437
7807	22918	6434
7808	22921	6431
7809	22923	6428
7810	22926	6425
7811	22929	6422
7812	22932	6419
7813	22935	6416
7814	22938	6413
7815	22940	6410
7816	22943	6407
7817	22946	6404
7818	22949	6401
7819	22952	6398
7820	22954	6395
7821	22957	6392
7822	22960	6389
7823	22963	6386
7824	22966	6383
7825	22968	6380
7826	22971	6377
7827	22974	6374
7828	22977	6371
7829	22980	6368
7830	22982	6365
7831	22985	6362
7832	22988	6359
7833	22991	6356
7834	22994	6353
7835	22997	6350
7836	22999	6347
7837	23002	6344
7838	23005	6341
7839	23008	6339
7840	23011	6336
7841	23014	6333
7842	23017	6330
7843	23019	6327
7844	23022	6324
7845	23025	6321
7846	23028	6318
7847	23031	6315
7848	23034	6312
7849	23036	6309
7850	23039	6306
7851	23042	6303
7852	23045	6300
7853	23048	6297
7854	23051	6294
7855	23053	6291
7856	23056	6288
7857	23059	6285
7858	23062	6282
7859	23065	6279
7860	23068	6277
7861	23071	6274
7862	23074	6271
7863	23077	6268
7864	23079	6265
7865	23082	6262
7866	23085	6259
7867	23088	6256
7868	23091	6253
7869	23094	6250
7870	23096	6247
7871	23099	6244
7872	23102	6241
7873	23105	6238
7874	23108	6235
7875	23111	6232
7876	23113	6229
7877	23116	6226
7878	23119	6223
7879	23122	6220
7880	23124	6217
7881	23127	6214
7882	23130	6211
7883	23133	6208
7884	23136	6205
7885	23139	6202
7886	23142	6199
7887	23144	6196
7888	23147	6194
7889	23150	6191
7890	23153	6188
7891	23155	6185
7892	23158	6182
7893	23161	6179
7894	23164	6176
7895	23167	6173
7896	23170	6170
7897	23172	6167
7898	23175	6164
7899	23178	6161
7900	23181	6158
7901	23184	6155
7902	23186	6152
7903	23189	6149
7904	23192	6146
7905	23195	6143
7906	23198	6140
7907	23201	6137
7908	23203	6134
7909	23206	6131
7910	23209	6128
7911	23212	6125
7912	23215	6122
7913	23218	6119
7914	23220	6116
7915	23223	6113
7916	23226	6111
7917	23229	6108
7918	23232	6105
7919	23235	6102
7920	23237	6099
7921	23240	6096
7922	23243	6093
7923	23246	6090
7924	23249	6087
7925	23251	6084
7926	23254	6081
7927	23257	6078
7928	23260	6075
7929	23262	6072
7930	23265	6069
7931	23268	6066
7932	23271	6063
7933	23274	6060
7934	23277	6057
7935	23280	6054
7936	23283	6051
7937	23285	6048
7938	23288	6045
7939	23291	6042
7940	23294	6039
7941	23296	6036
7942	23299	6033
7943	23302	6030
7944	23305	6027
7945	23308	6025
7946	23311	6022
7947	23314	6019
7948	23317	6016
7949	23319	6013
7950	23322	6010
7951	23325	6007
7952	23328	6004
7953	23331	6001
7954	23334	5998
7955	23337	5995
7956	23340	5992
7957	23342	5989
7958	23345	5986
7959	23348	5983
7960	23351	5980
7961	23354	5977
7962	23356	5974
7963	23359	5971
7964	23362	5968
7965	23365	5966
7966	23368	5963
7967	23370	5960
7968	23373	5957
7969	23376	5954
7970	23379	5951
7971	23382	5948
7972	23385	5945
7973	23387	5942
7974	23390	5939
7975	23393	5936
7976	23396	5933
7977	23399	5930
7978	23401	5927
7979	23404	5924
7980	23407	5921
7981	23410	5918
7982	23413	5915
7983	23416	5912
7984	23418	5909
7985	23421	5906
7986	23424	5903
7987	23427	5900
7988	23430	5897
7989	23433	5894
7990	23435	5891
7991	23438	5889
7992	23441	5886
7993	23444	5883
7994	23447	5880
7995	23450	5877
7996	23453	5874
7997	23455	5871
7998	23458	5868
7999	23461	5865
8000	23464	5862
8001	23467	5859
8002	23470	5856
8003	23473	5853
8004	23476	5850
8005	23478	5847
8006	23481	5844
8007	23484	5841
8008	23487	5838
8009	23490	5835
8010	23493	5832
8011	23495	5829
8012	23498	5827
8013	23501	5824
8014	23504	5821
8015	23507	5818
8016	23510	5815
8017	23513	5812
8018	23515	5809
8019	23518	5806
8020	23521	5803
8021	23524	5800
8022	23527	5797
8023	23530	5794
8024	23533	5791
8025	23535	5788
8026	23538	5785
8027	23541	5782
8028	23544	5779
8029	23548	5777
8030	23550	5774
8031	23553	5771
8032	23556	5768
8033	23559	5765
8034	23561	5762
8035	23564	5759
8036	23567	5756
8037	23570	5753
8038	23573	5750
8039	23576	5747
8040	23578	5744
8041	23581	5741
8042	23584	5738
8043	23587	5735
8044	23590	5732
8045	23593	5729
8046	23596	5726
8047	23598	5723
8048	23601	5720
8049	23604	5717
8050	23607	5714
8051	23610	5711
8052	23613	5709
8053	23615	5706
8054	23618	5703
8055	23621	5700
8056	23624	5697
8057	23627	5694
8058	23630	5691
8059	23633	5688
8060	23636	5685
8061	23639	5682
8062	23641	5679
8063	23644	5676
8064	23647	5673
8065	23650	5670
8066	23652	5667
8067	23655	5664
8068	23658	5661
8069	23661	5658
8070	23664	5655
8071	23666	5652
8072	23669	5649
8073	23672	5646
8074	23675	5643
8075	23677	5640
8076	23680	5638
8077	23683	5635
8078	23686	5632
8079	23689	5629
8080	23692	5626
8081	23695	5623
8082	23697	5620
8083	23700	5617
8084	23703	5614
8085	23706	5611
8086	23709	5608
8087	23711	5605
8088	23714	5602
8089	23717	5599
8090	23720	5596
8091	23723	5593
8092	23726	5590
8093	23729	5587
8094	23731	5584
8095	23734	5581
8096	23737	5578
8097	23740	5575
8098	23743	5572
8099	23746	5570
8100	23748	5567
8101	23751	5564
8102	23754	5561
8103	23757	5558
8104	23759	5555
8105	23762	5552
8106	23765	5549
8107	23768	5546
8108	23771	5543
8109	23773	5540
8110	23776	5537
8111	23779	5534
8112	23782	5531
8113	23785	5528
8114	23788	5525
8115	23790	5522
8116	23793	5519
8117	23796	5516
8118	23799	5513
8119	23802	5510
8120	23805	5507
8121	23807	5504
8122	23810	5501
8123	23813	5499
8124	23816	5496
8125	23818	5493
8126	23821	5490
8127	23824	5487
8128	23827	5484
8129	23830	5481
8130	23832	5478
8131	23835	5475
8132	23838	5472
8133	23841	5469
8134	23844	5466
8135	23847	5463
8136	23850	5460
8137	23853	5457
8138	23856	5454
8139	23858	5451
8140	23862	5448
8141	23864	5445
8142	23867	5442
8143	23870	5440
8144	23873	5437
8145	23876	5434
8146	23878	5431
8147	23881	5428
8148	23885	5425
8149	23888	5422
8150	23891	5419
8151	23895	5416
8152	23897	5413
8153	23900	5410
8154	23903	5407
8155	23906	5405
8156	23909	5402
8157	23912	5399
8158	23914	5396
8159	23917	5393
8160	23920	5390
8161	23923	5387
8162	23926	5384
8163	23929	5381
8164	23931	5378
8165	23934	5375
8166	23937	5372
8167	23940	5369
8168	23942	5366
8169	23945	5363
8170	23948	5360
8171	23951	5357
8172	23954	5354
8173	23957	5351
8174	23959	5348
8175	23962	5345
8176	23965	5342
8177	23968	5339
8178	23971	5337
8179	23974	5334
8180	23976	5331
8181	23979	5328
8182	23982	5325
8183	23985	5322
8184	23988	5319
8185	23990	5316
8186	23993	5313
8187	23996	5310
8188	23999	5307
8189	24002	5304
8190	24005	5301
8191	24007	5298
8192	24011	5295
8193	24013	5292
8194	24016	5289
8195	24019	5286
8196	24022	5283
8197	24025	5280
8198	24028	5278
8199	24030	5275
8200	24033	5272
8201	24036	5269
8202	24039	5266
8203	24042	5263
8204	24045	5260
8205	24047	5257
8206	24050	5254
8207	24053	5251
8208	24056	5248
8209	24059	5245
8210	24061	5242
8211	24064	5239
8212	24067	5236
8213	24070	5233
8214	24073	5230
8215	24076	5227
8216	24078	5224
8217	24081	5221
8218	24084	5218
8219	24087	5216
8220	24090	5213
8221	24093	5210
8222	24096	5207
8223	24098	5204
8224	24101	5201
8225	24104	5198
8226	24107	5195
8227	24110	5192
8228	24113	5189
8229	24115	5186
8230	24118	5183
8231	24121	5180
8232	24124	5177
8233	24127	5174
8234	24130	5171
8235	24132	5168
8236	24135	5165
8237	24138	5162
8238	24141	5159
8239	24144	5157
8240	24147	5154
8241	24150	5151
8242	24153	5148
8243	24156	5145
8244	24159	5142
8245	24162	5139
8246	24164	5136
8247	24167	5133
8248	24170	5130
8249	24173	5127
8250	24176	5124
8251	24178	5121
8252	24181	5118
8253	24184	5115
8254	24187	5112
8255	24190	5109
8256	24193	5107
8257	24195	5104
8258	24198	5101
8259	24201	5098
8260	24204	5095
8261	24207	5092
8262	24210	5089
8263	24213	5086
8264	24215	5083
8265	24219	5080
8266	24221	5077
8267	24224	5074
8268	24227	5071
8269	24230	5068
8270	24232	5065
8271	24236	5062
8272	24238	5059
8273	24241	5056
8274	24244	5054
8275	24247	5051
8276	24250	5048
8277	24253	5045
8278	24255	5042
8279	24258	5039
8280	24261	5036
8281	24264	5033
8282	24267	5030
8283	24270	5027
8284	24273	5024
8285	24276	5021
8286	24279	5018
8287	24282	5015
8288	24285	5012
8289	24288	5010
8290	24291	5007
8291	24294	5004
8292	24296	5001
8293	24300	4998
8294	24303	4995
8295	24306	4992
8296	24309	4989
8297	24312	4986
8298	24315	4983
8299	24318	4980
8300	24321	4978
8301	24324	4975
8302	24327	4972
8303	24330	4969
8304	24333	4966
8305	24336	4963
8306	24339	4960
8307	24342	4957
8308	24345	4954
8309	24348	4951
8310	24351	4948
8311	24354	4945
8312	24357	4943
8313	24360	4940
8314	24363	4937
8315	24366	4934
8316	24369	4931
8317	24372	4928
8318	24376	4925
8319	24378	4922
8320	24381	4919
8321	24385	4916
8322	24388	4913
8323	24391	4911
8324	24394	4908
8325	24397	4905
8326	24400	4902
8327	24403	4899
8328	24406	4896
8329	24409	4893
8330	24412	4890
8331	24415	4887
8332	24418	4884
8333	24421	4881
8334	24424	4879
8335	24427	4876
8336	24430	4873
8337	24433	4870
8338	24436	4867
8339	24438	4864
8340	24441	4861
8341	24444	4858
8342	24447	4855
8343	24450	4852
8344	24453	4849
8345	24456	4846
8346	24459	4843
8347	24462	4840
8348	24465	4838
8349	24468	4835
8350	24471	4832
8351	24474	4829
8352	24477	4826
8353	24480	4823
8354	24483	4820
8355	24486	4817
8356	24489	4814
8357	24492	4811
8358	24495	4808
8359	24498	4805
8360	24501	4803
8361	24504	4800
8362	24507	4797
8363	24510	4794
8364	24513	4791
8365	24517	4788
8366	24519	4785
8367	24522	4782
8368	24525	4779
8369	24528	4776
8370	24532	4773
8371	24535	4771
8372	24538	4768
8373	24541	4765
8374	24544	4762
8375	24547	4759
8376	24550	4756
8377	24553	4753
8378	24557	4750
8379	24559	4747
8380	24562	4744
8381	24566	4742
8382	24569	4739
8383	24572	4736
8384	24576	4733
8385	24580	4730
8386	24584	4728
8387	24587	4725
8388	24591	4722
8389	24594	4719
8390	24597	4716
8391	24600	4713
8392	24603	4710
8393	24607	4708
8394	24610	4705
8395	24613	4702
8396	24616	4699
8397	24619	4696
8398	24623	4693
8399	24626	4690
8400	24629	4687
8401	24632	4684
8402	24635	4681
8403	24638	4679
8404	24641	4676
8405	24644	4673
8406	24647	4670
8407	24649	4667
8408	24652	4664
8409	24655	4661
8410	24658	4658
8411	24661	4655
8412	24664	4652
8413	24666	4649
8414	24669	4646
8415	24672	4643
8416	24675	4640
8417	24678	4637
8418	24682	4635
8419	24684	4632
8420	24687	4629
8421	24690	4626
8422	24693	4623
8423	24696	4620
8424	24699	4617
8425	24701	4614
8426	24704	4611
8427	24707	4608
8428	24710	4605
8429	24713	4602
8430	24716	4599
8431	24719	4596
8432	24722	4593
8433	24725	4590
8434	24727	4587
8435	24731	4585
8436	24733	4582
8437	24736	4579
8438	24739	4576
8439	24742	4573
8440	24745	4570
8441	24748	4567
8442	24751	4564
8443	24754	4561
8444	24757	4558
8445	24760	4555
8446	24763	4552
8447	24766	4549
8448	24768	4546
8449	24772	4543
8450	24774	4541
8451	24777	4538
8452	24780	4535
8453	24783	4532
8454	24786	4529
8455	24789	4526
8456	24792	4523
8457	24795	4520
8458	24798	4517
8459	24801	4514
8460	24804	4511
8461	24807	4508
8462	24810	4505
8463	24813	4502
8464	24816	4500
8465	24819	4497
8466	24822	4494
8467	24824	4491
8468	24827	4488
8469	24831	4485
8470	24833	4482
8471	24836	4479
8472	24839	4476
8473	24842	4473
8474	24845	4470
8475	24848	4467
8476	24851	4464
8477	24855	4462
8478	24857	4459
8479	24860	4456
8480	24864	4453
8481	24866	4450
8482	24870	4447
8483	24873	4444
8484	24875	4441
8485	24878	4438
8486	24881	4435
8487	24884	4432
8488	24888	4429
8489	24891	4427
8490	24894	4424
8491	24897	4421
8492	24900	4418
8493	24904	4415
8494	24907	4412
8495	24911	4409
8496	24914	4406
8497	24917	4404
8498	24920	4401
8499	24923	4398
8500	24927	4395
8501	24930	4392
8502	24933	4389
8503	24937	4386
8504	24940	4383
8505	24943	4381
8506	24946	4378
8507	24949	4375
8508	24952	4372
8509	24956	4369
8510	24959	4366
8511	24962	4363
8512	24965	4360
8513	24968	4357
8514	24971	4355
8515	24974	4352
8516	24977	4349
8517	24980	4346
8518	24983	4343
8519	24986	4340
8520	24989	4337
8521	24993	4334
8522	24996	4331
8523	24999	4328
8524	25002	4325
8525	25005	4322
8526	25007	4320
8527	25011	4317
8528	25014	4314
8529	25016	4311
8530	25020	4308
8531	25023	4305
8532	25026	4302
8533	25029	4299
8534	25032	4296
8535	25035	4293
8536	25038	4290
8537	25041	4287
8538	25044	4285
8539	25047	4282
8540	25049	4279
8541	25053	4276
8542	25055	4273
8543	25058	4270
8544	25061	4267
8545	25064	4264
8546	25067	4261
8547	25070	4258
8548	25073	4255
8549	25076	4252
8550	25079	4249
8551	25081	4246
8552	25085	4243
8553	25088	4240
8554	25090	4238
8555	25093	4235
8556	25096	4232
8557	25099	4229
8558	25103	4226
8559	25105	4223
8560	25108	4220
8561	25111	4217
8562	25114	4214
8563	25117	4211
8564	25120	4208
8565	25123	4205
8566	25126	4202
8567	25128	4199
8568	25131	4196
8569	25134	4194
8570	25137	4191
8571	25140	4188
8572	25143	4185
8573	25146	4182
8574	25148	4179
8575	25152	4176
8576	25154	4173
8577	25157	4170
8578	25160	4167
8579	25163	4164
8580	25166	4161
8581	25169	4158
8582	25172	4155
8583	25175	4152
8584	25178	4149
8585	25180	4146
8586	25184	4144
8587	25187	4141
8588	25189	4138
8589	25192	4135
8590	25195	4132
8591	25198	4129
8592	25201	4126
8593	25204	4123
8594	25206	4120
8595	25209	4117
8596	25212	4114
8597	25215	4111
8598	25218	4108
8599	25221	4105
8600	25224	4102
8601	25227	4099
8602	25230	4097
8603	25233	4094
8604	25236	4091
8605	25239	4088
8606	25242	4085
8607	25245	4082
8608	25247	4079
8609	25250	4076
8610	25253	4073
8611	25256	4070
8612	25259	4067
8613	25262	4064
8614	25264	4061
8615	25267	4058
8616	25270	4055
8617	25273	4052
8618	25276	4049
8619	25279	4047
8620	25281	4044
8621	25284	4041
8622	25287	4038
8623	25290	4035
8624	25293	4032
8625	25296	4029
8626	25299	4026
8627	25302	4023
8628	25304	4020
8629	25307	4017
8630	25310	4014
8631	25313	4011
8632	25316	4008
8633	25319	4005
8634	25322	4002
8635	25326	4000
8636	25328	3997
8637	25331	3994
8638	25334	3991
8639	25337	3988
8640	25340	3985
8641	25343	3982
8642	25346	3979
8643	25350	3976
8644	25352	3973
8645	25355	3970
8646	25358	3967
8647	25361	3964
8648	25364	3962
8649	25368	3959
8650	25370	3956
8651	25373	3953
8652	25377	3950
8653	25379	3947
8654	25383	3944
8655	25386	3941
8656	25389	3938
8657	25392	3935
8658	25395	3932
8659	25398	3930
8660	25401	3927
8661	25404	3924
8662	25407	3921
8663	25411	3918
8664	25414	3915
8665	25417	3912
8666	25420	3909
8667	25423	3906
8668	25426	3903
8669	25429	3900
8670	25433	3898
8671	25435	3895
8672	25438	3892
8673	25441	3889
8674	25444	3886
8675	25448	3883
8676	25451	3880
8677	25453	3877
8678	25456	3874
8679	25459	3871
8680	25462	3868
8681	25466	3865
8682	25468	3863
8683	25471	3860
8684	25475	3857
8685	25478	3854
8686	25481	3851
8687	25484	3848
8688	25487	3845
8689	25490	3842
8690	25493	3839
8691	25496	3836
8692	25500	3833
8693	25503	3831
8694	25506	3828
8695	25509	3825
8696	25512	3822
8697	25515	3819
8698	25518	3816
8699	25521	3813
8700	25525	3810
8701	25527	3807
8702	25531	3804
8703	25534	3802
8704	25537	3799
8705	25540	3796
8706	25543	3793
8707	25546	3790
8708	25549	3787
8709	25552	3784
8710	25555	3781
8711	25558	3778
8712	25561	3775
8713	25564	3772
8714	25567	3769
8715	25570	3766
8716	25573	3764
8717	25576	3761
8718	25579	3758
8719	25582	3755
8720	25585	3752
8721	25588	3749
8722	25591	3746
8723	25594	3743
8724	25597	3740
8725	25600	3737
8726	25603	3734
8727	25606	3731
8728	25609	3728
8729	25612	3726
8730	25615	3723
8731	25618	3720
8732	25621	3717
8733	25624	3714
8734	25627	3711
8735	25631	3708
8736	25633	3705
8737	25636	3702
8738	25639	3699
8739	25642	3696
8740	25645	3693
8741	25648	3690
8742	25651	3688
8743	25654	3685
8744	25657	3682
8745	25660	3679
8746	25664	3676
8747	25667	3673
8748	25670	3670
8749	25673	3667
8750	25676	3664
8751	25679	3661
8752	25682	3658
8753	25685	3655
8754	25688	3653
8755	25691	3650
8756	25694	3647
8757	25697	3644
8758	25699	3641
8759	25703	3638
8760	25706	3635
8761	25709	3632
8762	25712	3629
8763	25714	3626
8764	25717	3623
8765	25720	3620
8766	25723	3617
8767	25726	3614
8768	25729	3611
8769	25731	3608
8770	25734	3605
8771	25737	3603
8772	25740	3600
8773	25743	3597
8774	25746	3594
8775	25749	3591
8776	25752	3588
8777	25755	3585
8778	25758	3582
8779	25760	3579
8780	25763	3576
8781	25766	3573
8782	25769	3570
8783	25772	3567
8784	25775	3564
8785	25778	3561
8786	25780	3558
8787	25783	3555
8788	25786	3553
8789	25790	3550
8790	25792	3547
8791	25795	3544
8792	25798	3541
8793	25801	3538
8794	25804	3535
8795	25807	3532
8796	25809	3529
8797	25812	3526
8798	25815	3523
8799	25818	3520
8800	25821	3517
8801	25823	3514
8802	25826	3511
8803	25830	3508
8804	25832	3505
8805	25835	3503
8806	25838	3500
8807	25841	3497
8808	25844	3494
8809	25847	3491
8810	25849	3488
8811	25852	3485
8812	25855	3482
8813	25858	3479
8814	25861	3476
8815	25864	3473
8816	25867	3470
8817	25870	3467
8818	25873	3464
8819	25875	3461
8820	25879	3458
8821	25882	3456
8822	25885	3453
8823	25888	3450
8824	25891	3447
8825	25893	3444
8826	25896	3441
8827	25899	3438
8828	25902	3435
8829	25905	3432
8830	25907	3429
8831	25910	3426
8832	25913	3423
8833	25916	3420
8834	25919	3417
8835	25922	3414
8836	25924	3411
8837	25927	3408
8838	25930	3405
8839	25933	3403
8840	25936	3400
8841	25939	3397
8842	25942	3394
8843	25944	3391
8844	25947	3388
8845	25950	3385
8846	25953	3382
8847	25956	3379
8848	25958	3376
8849	25962	3373
8850	25964	3370
8851	25967	3367
8852	25970	3364
8853	25973	3361
8854	25976	3358
8855	25979	3355
8856	25982	3353
8857	25985	3350
8858	25989	3347
8859	25993	3344
8860	25995	3341
8861	25998	3338
8862	26001	3335
8863	26004	3332
8864	26007	3329
8865	26010	3326
8866	26013	3323
8867	26015	3320
8868	26019	3318
8869	26022	3315
8870	26024	3312
8871	26027	3309
8872	26030	3306
8873	26034	3303
8874	26037	3300
8875	26039	3297
8876	26043	3294
8877	26046	3291
8878	26050	3288
8879	26053	3286
8880	26056	3283
8881	26059	3280
8882	26062	3277
8883	26065	3274
8884	26068	3271
8885	26071	3268
8886	26074	3265
8887	26077	3262
8888	26080	3259
8889	26083	3256
8890	26086	3253
8891	26089	3250
8892	26093	3248
8893	26096	3245
8894	26099	3242
8895	26102	3239
8896	26105	3236
8897	26109	3233
8898	26112	3230
8899	26114	3227
8900	26118	3224
8901	26120	3221
8902	26123	3218
8903	26127	3216
8904	26130	3213
8905	26133	3210
8906	26136	3207
8907	26139	3204
8908	26142	3201
8909	26145	3198
8910	26148	3195
8911	26151	3192
8912	26154	3189
8913	26157	3186
8914	26160	3183
8915	26163	3180
8916	26166	3178
8917	26169	3175
8918	26172	3172
8919	26176	3169
8920	26179	3166
8921	26181	3163
8922	26184	3160
8923	26187	3157
8924	26190	3154
8925	26193	3151
8926	26196	3148
8927	26199	3145
8928	26202	3142
8929	26205	3139
8930	26209	3137
8931	26212	3134
8932	26214	3131
8933	26218	3128
8934	26221	3125
8935	26225	3122
8936	26228	3119
8937	26230	3116
8938	26233	3113
8939	26236	3110
8940	26239	3107
8941	26243	3105
8942	26245	3102
8943	26248	3099
8944	26251	3096
8945	26254	3093
8946	26258	3090
8947	26261	3087
8948	26263	3084
8949	26266	3081
8950	26269	3078
8951	26272	3075
8952	26276	3072
8953	26278	3069
8954	26282	3066
8955	26284	3064
8956	26287	3061
8957	26291	3058
8958	26294	3055
8959	26297	3052
8960	26300	3049
8961	26303	3046
8962	26306	3043
8963	26309	3040
8964	26312	3037
8965	26315	3034
8966	26318	3031
8967	26321	3028
8968	26324	3026
8969	26327	3023
8970	26330	3020
8971	26333	3017
8972	26336	3014
8973	26339	3011
8974	26342	3008
8975	26345	3005
8976	26348	3002
8977	26351	2999
8978	26354	2996
8979	26357	2993
8980	26359	2990
8981	26363	2987
8982	26366	2985
8983	26369	2982
8984	26371	2979
8985	26374	2976
8986	26377	2973
8987	26380	2970
8988	26383	2967
8989	26386	2964
8990	26389	2961
8991	26393	2958
8992	26396	2955
8993	26399	2952
8994	26401	2949
8995	26404	2946
8996	26408	2944
8997	26410	2941
8998	26414	2938
8999	26417	2935
9000	26419	2932
9001	26423	2929
9002	26426	2926
9003	26428	2923
9004	26432	2920
9005	26434	2917
9006	26437	2914
9007	26440	2911
9008	26443	2908
9009	26446	2905
9010	26449	2902
9011	26452	2900
9012	26456	2897
9013	26459	2894
9014	26462	2891
9015	26465	2888
9016	26467	2885
9017	26470	2882
9018	26473	2879
9019	26476	2876
9020	26479	2873
9021	26482	2870
9022	26485	2867
9023	26488	2864
9024	26492	2862
9025	26494	2859
9026	26498	2856
9027	26500	2853
9028	26503	2850
9029	26507	2847
9030	26510	2844
9031	26513	2841
9032	26516	2838
9033	26519	2835
9034	26522	2832
9035	26525	2829
9036	26528	2826
9037	26532	2824
9038	26534	2821
9039	26538	2818
9040	26541	2815
9041	26544	2812
9042	26548	2809
9043	26551	2806
9044	26554	2803
9045	26557	2800
9046	26560	2797
9047	26563	2794
9048	26566	2791
9049	26569	2789
9050	26572	2786
9051	26575	2783
9052	26578	2780
9053	26581	2777
9054	26584	2774
9055	26587	2771
9056	26591	2768
9057	26593	2765
9058	26596	2762
9059	26599	2759
9060	26602	2756
9061	26606	2753
9062	26609	2751
9063	26612	2748
9064	26615	2745
9065	26618	2742
9066	26621	2739
9067	26624	2736
9068	26627	2733
9069	26630	2730
9070	26634	2727
9071	26637	2724
9072	26641	2721
9073	26644	2719
9074	26647	2716
9075	26650	2713
9076	26653	2710
9077	26656	2707
9078	26659	2704
9079	26662	2701
9080	26665	2698
9081	26668	2695
9082	26671	2692
9083	26674	2689
9084	26677	2686
9085	26680	2683
9086	26683	2680
9087	26686	2678
9088	26689	2675
9089	26692	2672
9090	26695	2669
9091	26698	2666
9092	26701	2663
9093	26704	2660
9094	26707	2657
9095	26710	2654
9096	26714	2651
9097	26717	2648
9098	26720	2645
9099	26723	2642
9100	26726	2640
9101	26729	2637
9102	26731	2634
9103	26734	2631
9104	26738	2628
9105	26741	2625
9106	26744	2622
9107	26747	2619
9108	26750	2616
9109	26753	2613
9110	26756	2610
9111	26759	2607
9112	26762	2604
9113	26765	2601
9114	26767	2598
9115	26771	2596
9116	26774	2593
9117	26777	2590
9118	26780	2587
9119	26783	2584
9120	26786	2581
9121	26789	2578
9122	26792	2575
9123	26795	2572
9124	26798	2569
9125	26801	2566
9126	26804	2563
9127	26807	2560
9128	26810	2558
9129	26813	2555
9130	26816	2552
9131	26820	2549
9132	26822	2546
9133	26826	2543
9134	26829	2540
9135	26831	2537
9136	26835	2534
9137	26838	2531
9138	26841	2528
9139	26844	2525
9140	26847	2522
9141	26850	2519
9142	26853	2517
9143	26856	2514
9144	26859	2511
9145	26862	2508
9146	26865	2505
9147	26868	2502
9148	26872	2499
9149	26874	2496
9150	26878	2493
9151	26881	2490
9152	26884	2487
9153	26887	2484
9154	26890	2482
9155	26894	2479
9156	26896	2476
9157	26899	2473
9158	26903	2470
9159	26906	2467
9160	26910	2464
9161	26912	2461
9162	26915	2458
9163	26919	2455
9164	26922	2452
9165	26925	2449
9166	26928	2446
9167	26931	2444
9168	26934	2441
9169	26938	2438
9170	26941	2435
9171	26944	2432
9172	26947	2429
9173	26950	2426
9174	26954	2423
9175	26956	2420
9176	26959	2417
9177	26962	2414
9178	26965	2411
9179	26969	2409
9180	26972	2406
9181	26975	2403
9182	26978	2400
9183	26981	2397
9184	26984	2394
9185	26987	2391
9186	26990	2388
9187	26993	2385
9188	26996	2382
9189	26999	2379
9190	27002	2376
9191	27005	2373
9192	27008	2370
9193	27011	2368
9194	27014	2365
9195	27017	2362
9196	27020	2359
9197	27023	2356
9198	27026	2353
9199	27029	2350
9200	27032	2347
9201	27036	2344
9202	27038	2341
9203	27041	2338
9204	27044	2335
9205	27047	2332
9206	27051	2329
9207	27054	2326
9208	27057	2324
9209	27060	2321
9210	27063	2318
9211	27066	2315
9212	27069	2312
9213	27072	2309
9214	27075	2306
9215	27078	2303
9216	27081	2300
9217	27085	2297
9218	27088	2294
9219	27091	2291
9220	27094	2288
9221	27096	2285
9222	27100	2283
9223	27103	2280
9224	27106	2277
9225	27109	2274
9226	27112	2271
9227	27115	2268
9228	27119	2265
9229	27121	2262
9230	27125	2259
9231	27128	2256
9232	27131	2253
9233	27135	2250
9234	27138	2248
9235	27141	2245
9236	27144	2242
9237	27147	2239
9238	27151	2236
9239	27154	2233
9240	27157	2230
9241	27160	2227
9242	27163	2224
9243	27166	2221
9244	27169	2218
9245	27173	2215
9246	27176	2213
9247	27179	2210
9248	27183	2207
9249	27186	2204
9250	27189	2201
9251	27192	2198
9252	27195	2195
9253	27198	2192
9254	27201	2189
9255	27204	2186
9256	27208	2183
9257	27211	2180
9258	27214	2177
9259	27217	2175
9260	27220	2172
9261	27223	2169
9262	27226	2166
9263	27229	2163
9264	27232	2160
9265	27235	2157
9266	27238	2154
9267	27241	2151
9268	27244	2148
9269	27248	2145
9270	27251	2142
9271	27253	2139
9272	27257	2136
9273	27259	2133
9274	27262	2131
9275	27266	2128
9276	27268	2125
9277	27272	2122
9278	27275	2119
9279	27277	2116
9280	27281	2113
9281	27284	2110
9282	27287	2107
9283	27290	2104
9284	27293	2101
9285	27296	2098
9286	27299	2095
9287	27303	2093
9288	27306	2090
9289	27309	2087
9290	27312	2084
9291	27315	2081
9292	27318	2078
9293	27321	2075
9294	27324	2072
9295	27327	2069
9296	27330	2066
9297	27333	2063
9298	27336	2060
9299	27339	2057
9300	27342	2054
9301	27345	2051
9302	27347	2048
9303	27350	2045
9304	27353	2043
9305	27357	2040
9306	27359	2037
9307	27363	2034
9308	27365	2031
9309	27368	2028
9310	27371	2025
9311	27374	2022
9312	27377	2019
9313	27380	2016
9314	27383	2013
9315	27386	2010
9316	27390	2007
9317	27392	2004
9318	27396	2002
9319	27399	1999
9320	27402	1996
9321	27405	1993
9322	27408	1990
9323	27411	1987
9324	27415	1984
9325	27418	1981
9326	27420	1978
9327	27423	1975
9328	27426	1972
9329	27430	1969
9330	27433	1966
9331	27436	1963
9332	27439	1961
9333	27442	1958
9334	27445	1955
9335	27449	1952
9336	27452	1949
9337	27455	1946
9338	27458	1943
9339	27461	1940
9340	27465	1937
9341	27468	1934
9342	27471	1931
9343	27474	1928
9344	27477	1925
9345	27480	1923
9346	27483	1920
9347	27486	1917
9348	27489	1914
9349	27492	1911
9350	27496	1908
9351	27499	1905
9352	27502	1902
9353	27505	1899
9354	27508	1896
9355	27511	1893
9356	27515	1890
9357	27517	1887
9358	27520	1884
9359	27523	1881
9360	27526	1879
9361	27530	1876
9362	27533	1873
9363	27536	1870
9364	27539	1867
9365	27542	1864
9366	27546	1861
9367	27549	1858
9368	27552	1855
9369	27555	1852
9370	27557	1849
9371	27561	1846
9372	27564	1843
9373	27567	1840
9374	27570	1838
9375	27573	1835
9376	27576	1832
9377	27579	1829
9378	27582	1826
9379	27585	1823
9380	27588	1820
9381	27591	1817
9382	27595	1814
9383	27598	1811
9384	27601	1808
9385	27604	1805
9386	27607	1802
9387	27610	1799
9388	27613	1797
9389	27616	1794
9390	27619	1791
9391	27622	1788
9392	27625	1785
9393	27629	1782
9394	27631	1779
9395	27634	1776
9396	27637	1773
9397	27640	1770
9398	27644	1767
9399	27647	1764
9400	27649	1761
9401	27652	1758
9402	27655	1755
9403	27658	1752
9404	27661	1749
9405	27664	1747
9406	27667	1744
9407	27670	1741
9408	27673	1738
9409	27677	1735
9410	27680	1732
9411	27683	1729
9412	27686	1726
9413	27688	1723
9414	27692	1720
9415	27695	1717
9416	27697	1714
9417	27700	1711
9418	27703	1708
9419	27706	1705
9420	27710	1703
9421	27713	1700
9422	27716	1697
9423	27719	1694
9424	27722	1691
9425	27725	1688
9426	27728	1685
9427	27731	1682
9428	27734	1679
9429	27737	1676
9430	27739	1673
9431	27743	1670
9432	27746	1667
9433	27749	1664
9434	27752	1661
9435	27754	1658
9436	27758	1656
9437	27761	1653
9438	27764	1650
9439	27767	1647
9440	27770	1644
9441	27772	1641
9442	27776	1638
9443	27779	1635
9444	27782	1632
9445	27785	1629
9446	27788	1626
9447	27792	1623
9448	27794	1620
9449	27797	1617
9450	27800	1614
9451	27803	1611
9452	27806	1609
9453	27810	1606
9454	27812	1603
9455	27815	1600
9456	27818	1597
9457	27821	1594
9458	27825	1591
9459	27828	1588
9460	27831	1585
9461	27834	1582
9462	27837	1579
9463	27840	1576
9464	27843	1573
9465	27846	1570
9466	27849	1567
9467	27852	1564
9468	27854	1562
9469	27858	1559
9470	27861	1556
9471	27864	1553
9472	27867	1550
9473	27870	1547
9474	27873	1544
9475	27876	1541
9476	27879	1538
9477	27882	1535
9478	27885	1532
9479	27888	1529
9480	27891	1526
9481	27894	1523
9482	27897	1520
9483	27901	1518
9484	27904	1515
9485	27907	1512
9486	27910	1509
9487	27913	1506
9488	27916	1503
9489	27919	1500
9490	27922	1497
9491	27925	1494
9492	27928	1491
9493	27931	1488
9494	27934	1485
9495	27937	1482
9496	27941	1479
9497	27944	1476
9498	27947	1473
9499	27950	1471
9500	27952	1468
9501	27956	1465
9502	27959	1462
9503	27961	1459
9504	27965	1456
9505	27967	1453
9506	27970	1450
9507	27974	1447
9508	27977	1444
9509	27980	1441
9510	27983	1438
9511	27986	1435
9512	27990	1432
9513	27992	1429
9514	27995	1427
9515	27999	1424
9516	28002	1421
9517	28005	1418
9518	28008	1415
9519	28011	1412
9520	28014	1409
9521	28017	1406
9522	28020	1403
9523	28023	1400
9524	28026	1397
9525	28029	1394
9526	28032	1391
9527	28035	1388
9528	28038	1385
9529	28041	1382
9530	28044	1380
9531	28047	1377
9532	28050	1374
9533	28053	1371
9534	28056	1368
9535	28059	1365
9536	28062	1362
9537	28066	1359
9538	28068	1356
9539	28071	1353
9540	28074	1350
9541	28078	1347
9542	28081	1344
9543	28084	1341
9544	28087	1338
9545	28090	1335
9546	28093	1333
9547	28096	1330
9548	28099	1327
9549	28102	1324
9550	28105	1321
9551	28108	1318
9552	28111	1315
9553	28114	1312
9554	28116	1309
9555	28119	1306
9556	28122	1303
9557	28125	1300
9558	28128	1297
9559	28131	1294
9560	28133	1291
9561	28136	1288
9562	28139	1285
9563	28142	1282
9564	28144	1279
9565	28147	1277
9566	28150	1274
9567	28153	1271
9568	28156	1268
9569	28159	1265
9570	28162	1262
9571	28165	1259
9572	28167	1256
9573	28170	1253
9574	28174	1250
9575	28176	1247
9576	28179	1244
9577	28182	1241
9578	28185	1238
9579	28188	1235
9580	28191	1232
9581	28193	1229
9582	28197	1226
9583	28200	1224
9584	28202	1221
9585	28205	1218
9586	28208	1215
9587	28211	1212
9588	28214	1209
9589	28217	1206
9590	28219	1203
9591	28222	1200
9592	28225	1197
9593	28228	1194
9594	28231	1191
9595	28234	1188
9596	28237	1185
9597	28239	1182
9598	28242	1179
9599	28245	1176
9600	28248	1173
9601	28251	1171
9602	28254	1168
9603	28256	1165
9604	28259	1162
9605	28262	1159
9606	28266	1156
9607	28268	1153
9608	28271	1150
9609	28274	1147
9610	28277	1144
9611	28280	1141
9612	28283	1138
9613	28286	1135
9614	28288	1132
9615	28291	1129
9616	28295	1126
9617	28298	1123
9618	28300	1120
9619	28303	1118
9620	28306	1115
9621	28309	1112
9622	28312	1109
9623	28315	1106
9624	28318	1103
9625	28321	1100
9626	28324	1097
9627	28326	1094
9628	28329	1091
9629	28332	1088
9630	28335	1085
9631	28338	1082
9632	28341	1079
9633	28344	1076
9634	28347	1073
9635	28350	1070
9636	28353	1068
9637	28356	1065
9638	28359	1062
9639	28362	1059
9640	28365	1056
9641	28367	1053
9642	28370	1050
9643	28373	1047
9644	28376	1044
9645	28379	1041
9646	28382	1038
9647	28385	1035
9648	28388	1032
9649	28391	1029
9650	28394	1026
9651	28397	1023
9652	28400	1020
9653	28404	1018
9654	28406	1015
9655	28409	1012
9656	28413	1009
9657	28416	1006
9658	28419	1003
9659	28422	1000
9660	28425	997
9661	28428	994
9662	28432	991
9663	28435	988
9664	28438	985
9665	28440	982
9666	28444	979
9667	28448	976
9668	28452	974
9669	28455	971
9670	28458	968
9671	28462	965
9672	28465	962
9673	28468	959
9674	28471	956
9675	28474	953
9676	28478	950
9677	28481	947
9678	28484	944
9679	28487	941
9680	28490	938
9681	28494	935
9682	28497	932
9683	28500	930
9684	28503	927
9685	28506	924
9686	28509	921
9687	28513	918
9688	28516	915
9689	28519	912
9690	28522	909
9691	28525	906
9692	28529	903
9693	28532	900
9694	28535	897
9695	28538	894
9696	28541	891
9697	28545	888
9698	28548	885
9699	28552	883
9700	28555	880
9701	28558	877
9702	28562	874
9703	28564	871
9704	28568	868
9705	28571	865
9706	28574	862
9707	28577	859
9708	28580	856
9709	28583	853
9710	28586	850
9711	28589	847
9712	28592	844
9713	28596	841
9714	28599	838
9715	28602	836
9716	28605	833
9717	28608	830
9718	28611	827
9719	28614	824
9720	28617	821
9721	28620	818
9722	28623	815
9723	28626	812
9724	28629	809
9725	28632	806
9726	28635	803
9727	28638	800
9728	28641	797
9729	28645	794
9730	28648	791
9731	28651	788
9732	28654	786
9733	28657	783
9734	28660	780
9735	28662	777
9736	28665	774
9737	28668	771
9738	28671	768
9739	28675	765
9740	28678	762
9741	28680	759
9742	28684	756
9743	28686	753
9744	28689	750
9745	28693	747
9746	28695	744
9747	28698	741
9748	28701	738
9749	28704	736
9750	28707	733
9751	28710	730
9752	28713	727
9753	28717	724
9754	28720	721
9755	28723	718
9756	28726	715
9757	28729	712
9758	28732	709
9759	28735	706
9760	28737	703
9761	28741	700
9762	28744	697
9763	28747	694
9764	28750	691
9765	28753	688
9766	28756	686
9767	28760	683
9768	28762	680
9769	28765	677
9770	28768	674
9771	28771	671
9772	28774	668
9773	28777	665
9774	28780	662
9775	28783	659
9776	28786	656
9777	28789	653
9778	28792	650
9779	28795	647
9780	28798	644
9781	28801	641
9782	28804	638
9783	28807	635
9784	28810	633
9785	28813	630
9786	28816	627
9787	28819	624
9788	28822	621
9789	28825	618
9790	28828	615
9791	28831	612
9792	28834	609
9793	28837	606
9794	28840	603
9795	28843	600
9796	28846	597
9797	28849	594
9798	28852	591
9799	28855	588
9800	28858	585
9801	28861	583
9802	28864	580
9803	28867	577
9804	28870	574
9805	28873	571
9806	28876	568
9807	28879	565
9808	28882	562
9809	28885	559
9810	28888	556
9811	28891	553
9812	28894	550
9813	28897	547
9814	28900	544
9815	28903	541
9816	28906	538
9817	28909	535
9818	28912	532
9819	28915	530
9820	28918	527
9821	28921	524
9822	28924	521
9823	28927	518
9824	28930	515
9825	28933	512
9826	28936	509
9827	28939	506
9828	28942	503
9829	28945	500
9830	28948	497
9831	28951	494
9832	28954	491
9833	28958	488
9834	28960	485
9835	28963	482
9836	28966	479
9837	28969	477
9838	28972	474
9839	28975	471
9840	28978	468
9841	28981	465
9842	28984	462
9843	28987	459
9844	28990	456
9845	28993	453
9846	28996	450
9847	28999	447
9848	29002	444
9849	29006	441
9850	29009	438
9851	29011	435
9852	29014	432
9853	29017	429
9854	29021	426
9855	29024	424
9856	29027	421
9857	29030	418
9858	29033	415
9859	29035	412
9860	29039	409
9861	29042	406
9862	29045	403
9863	29048	400
9864	29051	397
9865	29054	394
9866	29057	391
9867	29060	388
9868	29064	385
9869	29066	382
9870	29069	379
9871	29073	376
9872	29075	374
9873	29079	371
9874	29081	368
9875	29084	365
9876	29088	362
9877	29091	359
9878	29094	356
9879	29097	353
9880	29100	350
9881	29103	347
9882	29106	344
9883	29109	341
9884	29112	338
9885	29115	335
9886	29118	332
9887	29121	329
9888	29124	326
9889	29127	323
9890	29130	321
9891	29133	318
9892	29136	315
9893	29139	312
9894	29142	309
9895	29145	306
9896	29148	303
9897	29151	300
9898	29154	297
9899	29157	294
9900	29160	291
9901	29163	288
9902	29166	285
9903	29169	282
9904	29172	279
9905	29175	276
9906	29178	273
9907	29181	270
9908	29184	268
9909	29187	265
9910	29190	262
9911	29193	259
9912	29196	256
9913	29199	253
9914	29202	250
9915	29205	247
9916	29208	244
9917	29211	241
9918	29214	238
9919	29217	235
9920	29220	232
9921	29223	229
9922	29226	226
9923	29229	223
9924	29232	220
9925	29234	217
9926	29238	215
9927	29240	212
9928	29243	209
9929	29246	206
9930	29249	203
9931	29252	200
9932	29255	197
9933	29258	194
9934	29261	191
9935	29264	188
9936	29267	185
9937	29270	182
9938	29273	179
9939	29276	176
9940	29279	173
9941	29282	170
9942	29285	167
9943	29288	164
9944	29292	161
9945	29295	159
9946	29298	156
9947	29300	153
9948	29303	150
9949	29307	147
9950	29311	144
9951	29314	141
9952	29317	138
9953	29320	135
9954	29324	132
9955	29327	129
9956	29330	126
9957	29333	123
9958	29336	120
9959	29340	117
9960	29343	114
9961	29346	111
9962	29349	108
9963	29352	106
9964	29356	103
9965	29359	100
9966	29362	97
9967	29365	94
9968	29368	91
9969	29371	88
9970	29375	85
9971	29378	82
9972	29381	79
9973	29384	76
9974	29387	73
9975	29390	70
9976	29394	67
9977	29396	64
9978	29399	61
9979	29402	58
9980	29406	55
9981	29409	53
9982	29412	50
9983	29415	47
9984	29418	44
9985	29421	41
9986	29424	38
9987	29428	35
9988	29431	32
9989	29434	29
9990	29438	26
9991	29441	23
9992	29446	20
9993	29448	17
9994	29452	14
9995	29455	11
9996	29458	8
9997	29461	5
9998	29464	2
9999	29467	0
